timestamp,experiment,participant,model,trial,condition_id,condition,group,timbre,source,audio1,audio2,response,same_speaker_truth,rt_ms,session_id,age,ethnicity,dialect,first_language,other_languages,gender,speech_disorder,speech_disorder_desc,neurodivergent,neurodivergent_desc,technologies_used,ai_use_frequency,ai_attitude,final_feedback
8/6/2026,accent_dialect,5f9a0b386a200211eea8e2ed,openvoice,1,2,timbreRef_vs_timbreRef,bottom5,gujarati7__1504,english200__667,reference_sentence1_gujarati7__1504_s1.wav,reference_sentence2_gujarati7__1504_s2.wav,yes,same,2233,mshx12l7-4q2zdl3d,,,,,,,,,,,,,,
8/6/2026,accent_dialect,5f9a0b386a200211eea8e2ed,openvoice,2,1,output_vs_timbreRef,bottom5,hindi7__867,english200__667,reference_sentence1_hindi7__867_s1.wav,openvoice_bottom5_output_sentence2_timbre-hindi7__867__source-english200__667__openvoice_s2.wav,no,NA,720,mshx12l7-4q2zdl3d,,,,,,,,,,,,,,
8/6/2026,accent_dialect,5bcc60b95c2b810001dc68e2,seed_vc,1,5,sourceRef_vs_sourceRef,bottom5,gujarati4__610,english200__667,source_sentence1_english200__667_s1.wav,source_sentence2_english200__667_s2.wav,yes,same,751,mshx1tkg-nm50v5h1,,,,,,,,,,,,,,
8/6/2026,accent_dialect,5f9a0b386a200211eea8e2ed,openvoice,4,4,output_vs_sourceRef,bottom5,hindi7__867,english200__667,openvoice_bottom5_output_sentence1_timbre-hindi7__867__source-english200__667__openvoice_s1.wav,source_sentence2_english200__667_s2.wav,no,NA,2678,mshx12l7-4q2zdl3d,,,,,,,,,,,,,,
8/6/2026,accent_dialect,5bcc60b95c2b810001dc68e2,seed_vc,2,4,output_vs_sourceRef,top5,hindi10__1202,english200__667,seed_vc_top5_output_sentence1_timbre-hindi10__1202__source-english200__667__seed_vc_s1.wav,source_sentence2_english200__667_s2.wav,yes,NA,1525,mshx1tkg-nm50v5h1,,,,,,,,,,,,,,
8/6/2026,accent_dialect,5f9a0b386a200211eea8e2ed,openvoice,5,3,timbreRef_vs_sourceRef,bottom5,hindi7__867,english200__667,source_sentence1_english200__667_s1.wav,reference_sentence2_hindi7__867_s2.wav,no,different,1668,mshx12l7-4q2zdl3d,,,,,,,,,,,,,,
8/6/2026,accent_dialect,5bcc60b95c2b810001dc68e2,seed_vc,3,3,timbreRef_vs_sourceRef,top5,hindi19__2206,english584__2197,source_sentence1_english584__2197_s1.wav,reference_sentence2_hindi19__2206_s2.wav,no,different,1504,mshx1tkg-nm50v5h1,,,,,,,,,,,,,,
8/6/2026,accent_dialect,5f9a0b386a200211eea8e2ed,openvoice,6,5,sourceRef_vs_sourceRef,bottom5,gujarati7__1504,english200__667,source_sentence1_english200__667_s1.wav,source_sentence2_english200__667_s2.wav,yes,same,695,mshx12l7-4q2zdl3d,,,,,,,,,,,,,,
8/6/2026,accent_dialect,5f9a0b386a200211eea8e2ed,openvoice,7,3,timbreRef_vs_sourceRef,bottom5,gujarati8__1678,english200__667,reference_sentence1_gujarati8__1678_s1.wav,source_sentence2_english200__667_s2.wav,yes,different,784,mshx12l7-4q2zdl3d,,,,,,,,,,,,,,
8/6/2026,accent_dialect,5bcc60b95c2b810001dc68e2,seed_vc,4,4,output_vs_sourceRef,bottom5,hindi21__2236,english584__2197,seed_vc_bottom5_output_sentence1_timbre-hindi21__2236__source-english584__2197__seed_vc_s1.wav,source_sentence2_english584__2197_s2.wav,yes,NA,721,mshx1tkg-nm50v5h1,,,,,,,,,,,,,,
8/6/2026,accent_dialect,697cac7d3bedace54477eb48,seed_vc,1,1,output_vs_timbreRef,bottom5,hindi13__1633,english200__667,seed_vc_bottom5_output_sentence1_timbre-hindi13__1633__source-english200__667__seed_vc_s1.wav,reference_sentence2_hindi13__1633_s2.wav,no,NA,928,mshx1xj2-rwz9u8wm,,,,,,,,,,,,,,
8/6/2026,accent_dialect,5f9a0b386a200211eea8e2ed,openvoice,8,3,timbreRef_vs_sourceRef,top5,gujarati13__2409,english200__667,source_sentence1_english200__667_s1.wav,reference_sentence2_gujarati13__2409_s2.wav,no,different,1035,mshx12l7-4q2zdl3d,,,,,,,,,,,,,,
8/6/2026,accent_dialect,697cac7d3bedace54477eb48,seed_vc,2,3,timbreRef_vs_sourceRef,top5,gujarati5__1016,english200__667,source_sentence1_english200__667_s1.wav,reference_sentence2_gujarati5__1016_s2.wav,no,different,857,mshx1xj2-rwz9u8wm,,,,,,,,,,,,,,
8/6/2026,accent_dialect,6a1367055e82b8a9a60fcfa7,seed_vc,1,1,output_vs_timbreRef,top5,gujarati5__1016,english200__667,reference_sentence1_gujarati5__1016_s1.wav,seed_vc_top5_output_sentence2_timbre-gujarati5__1016__source-english200__667__seed_vc_s2.wav,yes,NA,1484,mshx1v8y-latl0nlp,,,,,,,,,,,,,,
8/6/2026,accent_dialect,5bcc60b95c2b810001dc68e2,seed_vc,5,4,output_vs_sourceRef,bottom5,hindi13__1633,english200__667,seed_vc_bottom5_output_sentence1_timbre-hindi13__1633__source-english200__667__seed_vc_s1.wav,source_sentence2_english200__667_s2.wav,yes,NA,3994,mshx1tkg-nm50v5h1,,,,,,,,,,,,,,
8/6/2026,accent_dialect,5f9a0b386a200211eea8e2ed,openvoice,9,1,output_vs_timbreRef,top5,gujarati17__2824,english200__667,reference_sentence1_gujarati17__2824_s1.wav,openvoice_top5_output_sentence2_timbre-gujarati17__2824__source-english200__667__openvoice_s2.wav,yes,NA,1253,mshx12l7-4q2zdl3d,,,,,,,,,,,,,,
8/6/2026,accent_dialect,6a1367055e82b8a9a60fcfa7,seed_vc,2,4,output_vs_sourceRef,bottom5,hindi26__2354,english584__2197,source_sentence1_english584__2197_s1.wav,seed_vc_bottom5_output_sentence2_timbre-hindi26__2354__source-english584__2197__seed_vc_s2.wav,no,NA,790,mshx1v8y-latl0nlp,,,,,,,,,,,,,,
8/6/2026,accent_dialect,697cac7d3bedace54477eb48,seed_vc,3,4,output_vs_sourceRef,top5,hindi10__1202,english200__667,seed_vc_top5_output_sentence1_timbre-hindi10__1202__source-english200__667__seed_vc_s1.wav,source_sentence2_english200__667_s2.wav,yes,NA,855,mshx1xj2-rwz9u8wm,,,,,,,,,,,,,,
8/6/2026,accent_dialect,5c7f489defd9e20015751167,openvoice,1,2,timbreRef_vs_timbreRef,top5,gujarati13__2409,english200__667,reference_sentence1_gujarati13__2409_s1.wav,reference_sentence2_gujarati13__2409_s2.wav,yes,same,1741,mshx1b8o-nzqg5c70,,,,,,,,,,,,,,
8/6/2026,accent_dialect,5bcc60b95c2b810001dc68e2,seed_vc,6,3,timbreRef_vs_sourceRef,bottom5,hindi13__1633,english200__667,source_sentence1_english200__667_s1.wav,reference_sentence2_hindi13__1633_s2.wav,no,different,653,mshx1tkg-nm50v5h1,,,,,,,,,,,,,,
8/6/2026,accent_dialect,616b2966d0aee4f9879a656b,seed_vc,1,4,output_vs_sourceRef,bottom5,hindi16__1966,english584__2197,seed_vc_bottom5_output_sentence1_timbre-hindi16__1966__source-english584__2197__seed_vc_s1.wav,source_sentence2_english584__2197_s2.wav,yes,NA,991,mshx22ml-udiw7nts,,,,,,,,,,,,,,
8/6/2026,accent_dialect,5f9a0b386a200211eea8e2ed,openvoice,10,3,timbreRef_vs_sourceRef,bottom5,gujarati7__1504,english200__667,source_sentence1_english200__667_s1.wav,reference_sentence2_gujarati7__1504_s2.wav,no,different,814,mshx12l7-4q2zdl3d,,,,,,,,,,,,,,
8/6/2026,accent_dialect,6a1367055e82b8a9a60fcfa7,seed_vc,3,2,timbreRef_vs_timbreRef,top5,hindi10__1202,english200__667,reference_sentence1_hindi10__1202_s1.wav,reference_sentence2_hindi10__1202_s2.wav,yes,same,467,mshx1v8y-latl0nlp,,,,,,,,,,,,,,
8/6/2026,accent_dialect,697cac7d3bedace54477eb48,seed_vc,4,4,output_vs_sourceRef,top5,hindi2__587,english584__2197,source_sentence1_english584__2197_s1.wav,seed_vc_top5_output_sentence2_timbre-hindi2__587__source-english584__2197__seed_vc_s2.wav,yes,NA,644,mshx1xj2-rwz9u8wm,,,,,,,,,,,,,,
8/6/2026,accent_dialect,66ecded667f721bca7e5609d,openvoice,1,3,timbreRef_vs_sourceRef,bottom5,hindi12__1440,english200__667,source_sentence1_english200__667_s1.wav,reference_sentence2_hindi12__1440_s2.wav,no,different,1561,mshx1cdz-fe8mzg47,,,,,,,,,,,,,,
8/6/2026,accent_dialect,662e89416a1d494ac9e84af3,seed_vc,1,6,sourceRef_vs_sourceRef_cross,NA,NA,english200__667__vs__english584__2197,source_sentence1_english200__667_s1.wav,source_sentence2_english584__2197_s2.wav,no,same,1225,mshx1noc-eiuxz5bz,,,,,,,,,,,,,,
8/6/2026,accent_dialect,5c7f489defd9e20015751167,openvoice,2,2,timbreRef_vs_timbreRef,top5,hindi19__2206,english584__2197,reference_sentence1_hindi19__2206_s1.wav,reference_sentence2_hindi19__2206_s2.wav,no,same,2099,mshx1b8o-nzqg5c70,,,,,,,,,,,,,,
8/6/2026,accent_dialect,6a0e24dc9563561507623d39,seed_vc,1,1,output_vs_timbreRef,top5,hindi2__587,english584__2197,reference_sentence1_hindi2__587_s1.wav,seed_vc_top5_output_sentence2_timbre-hindi2__587__source-english584__2197__seed_vc_s2.wav,yes,NA,1405,mshx1i80-yps2tnia,,,,,,,,,,,,,,
8/6/2026,accent_dialect,6a1367055e82b8a9a60fcfa7,seed_vc,4,4,output_vs_sourceRef,top5,hindi10__1202,english200__667,seed_vc_top5_output_sentence1_timbre-hindi10__1202__source-english200__667__seed_vc_s1.wav,source_sentence2_english200__667_s2.wav,no,NA,505,mshx1v8y-latl0nlp,,,,,,,,,,,,,,
8/6/2026,accent_dialect,5bcc60b95c2b810001dc68e2,seed_vc,7,3,timbreRef_vs_sourceRef,top5,gujarati5__1016,english200__667,reference_sentence1_gujarati5__1016_s1.wav,source_sentence2_english200__667_s2.wav,no,different,2257,mshx1tkg-nm50v5h1,,,,,,,,,,,,,,
8/6/2026,accent_dialect,616b2966d0aee4f9879a656b,seed_vc,2,3,timbreRef_vs_sourceRef,top5,hindi19__2206,english584__2197,reference_sentence1_hindi19__2206_s1.wav,source_sentence2_english584__2197_s2.wav,no,different,881,mshx22ml-udiw7nts,,,,,,,,,,,,,,
8/6/2026,accent_dialect,66bfe5ecc23f1e2109f144d6,seed_vc,1,2,timbreRef_vs_timbreRef,top5,gujarati16__2558,english200__667,reference_sentence1_gujarati16__2558_s1.wav,reference_sentence2_gujarati16__2558_s2.wav,no,same,2217,mshx1kb9-31qzhrfj,,,,,,,,,,,,,,
8/6/2026,accent_dialect,5f9a0b386a200211eea8e2ed,openvoice,11,4,output_vs_sourceRef,bottom5,gujarati7__1504,english200__667,openvoice_bottom5_output_sentence1_timbre-gujarati7__1504__source-english200__667__openvoice_s1.wav,source_sentence2_english200__667_s2.wav,yes,NA,785,mshx12l7-4q2zdl3d,,,,,,,,,,,,,,
8/6/2026,accent_dialect,697cac7d3bedace54477eb48,seed_vc,5,1,output_vs_timbreRef,bottom5,hindi21__2236,english584__2197,seed_vc_bottom5_output_sentence1_timbre-hindi21__2236__source-english584__2197__seed_vc_s1.wav,reference_sentence2_hindi21__2236_s2.wav,no,NA,584,mshx1xj2-rwz9u8wm,,,,,,,,,,,,,,
8/6/2026,accent_dialect,66ecded667f721bca7e5609d,openvoice,2,2,timbreRef_vs_timbreRef,bottom5,gujarati9__2041,english584__2197,reference_sentence1_gujarati9__2041_s1.wav,reference_sentence2_gujarati9__2041_s2.wav,yes,same,1269,mshx1cdz-fe8mzg47,,,,,,,,,,,,,,
8/6/2026,accent_dialect,69e56c8f8677d3d655d61941,openvoice,1,2,timbreRef_vs_timbreRef,bottom5,hindi7__867,english200__667,reference_sentence1_hindi7__867_s1.wav,reference_sentence2_hindi7__867_s2.wav,yes,same,829,mshx21dr-ejpalixz,,,,,,,,,,,,,,
8/6/2026,accent_dialect,662e89416a1d494ac9e84af3,seed_vc,2,6,sourceRef_vs_sourceRef_cross,NA,NA,english584__2197__vs__english200__667,source_sentence1_english584__2197_s1.wav,source_sentence2_english200__667_s2.wav,yes,same,3650,mshx1noc-eiuxz5bz,,,,,,,,,,,,,,
8/6/2026,accent_dialect,63614af3f714542282bd139b,openvoice,1,2,timbreRef_vs_timbreRef,bottom5,gujarati7__1504,english200__667,reference_sentence1_gujarati7__1504_s1.wav,reference_sentence2_gujarati7__1504_s2.wav,yes,same,1267,mshx1g5d-rwgo0ae5,,,,,,,,,,,,,,
8/6/2026,accent_dialect,5c7f489defd9e20015751167,openvoice,3,1,output_vs_timbreRef,top5,hindi13__1633,english200__667,reference_sentence1_hindi13__1633_s1.wav,openvoice_top5_output_sentence2_timbre-hindi13__1633__source-english200__667__openvoice_s2.wav,no,NA,896,mshx1b8o-nzqg5c70,,,,,,,,,,,,,,
8/6/2026,accent_dialect,5bcc60b95c2b810001dc68e2,seed_vc,8,3,timbreRef_vs_sourceRef,top5,gujarati16__2558,english200__667,source_sentence1_english200__667_s1.wav,reference_sentence2_gujarati16__2558_s2.wav,no,different,583,mshx1tkg-nm50v5h1,,,,,,,,,,,,,,
8/6/2026,accent_dialect,5f23b7f1c920f1000baef3b1,openvoice,1,4,output_vs_sourceRef,bottom5,gujarati8__1678,english200__667,openvoice_bottom5_output_sentence1_timbre-gujarati8__1678__source-english200__667__openvoice_s1.wav,source_sentence2_english200__667_s2.wav,no,NA,3516,mshx1j9z-o5ud5lwi,,,,,,,,,,,,,,
8/6/2026,accent_dialect,6a0e24dc9563561507623d39,seed_vc,2,4,output_vs_sourceRef,top5,gujarati16__2558,english200__667,source_sentence1_english200__667_s1.wav,seed_vc_top5_output_sentence2_timbre-gujarati16__2558__source-english200__667__seed_vc_s2.wav,yes,NA,1908,mshx1i80-yps2tnia,,,,,,,,,,,,,,
8/6/2026,accent_dialect,5f9a0b386a200211eea8e2ed,openvoice,12,4,output_vs_sourceRef,bottom5,hindi12__1440,english200__667,source_sentence1_english200__667_s1.wav,openvoice_bottom5_output_sentence2_timbre-hindi12__1440__source-english200__667__openvoice_s2.wav,yes,NA,3048,mshx12l7-4q2zdl3d,,,,,,,,,,,,,,
8/6/2026,accent_dialect,66ecded667f721bca7e5609d,openvoice,3,4,output_vs_sourceRef,top5,gujarati17__2824,english200__667,source_sentence1_english200__667_s1.wav,openvoice_top5_output_sentence2_timbre-gujarati17__2824__source-english200__667__openvoice_s2.wav,yes,NA,1117,mshx1cdz-fe8mzg47,,,,,,,,,,,,,,
8/6/2026,accent_dialect,6a1367055e82b8a9a60fcfa7,seed_vc,5,2,timbreRef_vs_timbreRef,bottom5,hindi21__2236,english584__2197,reference_sentence1_hindi21__2236_s1.wav,reference_sentence2_hindi21__2236_s2.wav,yes,same,506,mshx1v8y-latl0nlp,,,,,,,,,,,,,,
8/6/2026,accent_dialect,69f8501bd7faed68d0b7674d,seed_vc,1,1,output_vs_timbreRef,bottom5,hindi26__2354,english584__2197,seed_vc_bottom5_output_sentence1_timbre-hindi26__2354__source-english584__2197__seed_vc_s1.wav,reference_sentence2_hindi26__2354_s2.wav,no,NA,875,mshx1y1e-i99t9og9,,,,,,,,,,,,,,
8/6/2026,accent_dialect,616b2966d0aee4f9879a656b,seed_vc,3,2,timbreRef_vs_timbreRef,bottom5,hindi26__2354,english584__2197,reference_sentence1_hindi26__2354_s1.wav,reference_sentence2_hindi26__2354_s2.wav,yes,same,694,mshx22ml-udiw7nts,,,,,,,,,,,,,,
8/6/2026,accent_dialect,697cac7d3bedace54477eb48,seed_vc,6,4,output_vs_sourceRef,bottom5,gujarati4__610,english200__667,source_sentence1_english200__667_s1.wav,seed_vc_bottom5_output_sentence2_timbre-gujarati4__610__source-english200__667__seed_vc_s2.wav,no,NA,3027,mshx1xj2-rwz9u8wm,,,,,,,,,,,,,,
8/6/2026,accent_dialect,66bfe5ecc23f1e2109f144d6,seed_vc,2,1,output_vs_timbreRef,bottom5,hindi13__1633,english200__667,seed_vc_bottom5_output_sentence1_timbre-hindi13__1633__source-english200__667__seed_vc_s1.wav,reference_sentence2_hindi13__1633_s2.wav,no,NA,2904,mshx1kb9-31qzhrfj,,,,,,,,,,,,,,
8/6/2026,accent_dialect,69e56c8f8677d3d655d61941,openvoice,2,2,timbreRef_vs_timbreRef,top5,gujarati17__2824,english200__667,reference_sentence1_gujarati17__2824_s1.wav,reference_sentence2_gujarati17__2824_s2.wav,yes,same,1465,mshx21dr-ejpalixz,,,,,,,,,,,,,,
8/6/2026,accent_dialect,662e89416a1d494ac9e84af3,seed_vc,3,5,sourceRef_vs_sourceRef,bottom5,gujarati4__610,english200__667,source_sentence1_english200__667_s1.wav,source_sentence2_english200__667_s2.wav,yes,same,1054,mshx1noc-eiuxz5bz,,,,,,,,,,,,,,
8/6/2026,accent_dialect,55aa9c8dfdf99b634b427b9a,openvoice,1,4,output_vs_sourceRef,bottom5,gujarati8__1678,english200__667,source_sentence1_english200__667_s1.wav,openvoice_bottom5_output_sentence2_timbre-gujarati8__1678__source-english200__667__openvoice_s2.wav,yes,NA,1273,mshx21h5-or0h8zxy,,,,,,,,,,,,,,
8/6/2026,accent_dialect,6a0e24dc9563561507623d39,seed_vc,3,1,output_vs_timbreRef,bottom5,hindi16__1966,english584__2197,reference_sentence1_hindi16__1966_s1.wav,seed_vc_bottom5_output_sentence2_timbre-hindi16__1966__source-english584__2197__seed_vc_s2.wav,no,NA,1483,mshx1i80-yps2tnia,,,,,,,,,,,,,,
8/6/2026,accent_dialect,5c7f489defd9e20015751167,openvoice,4,3,timbreRef_vs_sourceRef,bottom5,hindi12__1440,english200__667,reference_sentence1_hindi12__1440_s1.wav,source_sentence2_english200__667_s2.wav,no,different,1739,mshx1b8o-nzqg5c70,,,,,,,,,,,,,,
8/6/2026,accent_dialect,5f23b7f1c920f1000baef3b1,openvoice,2,4,output_vs_sourceRef,bottom5,gujarati7__1504,english200__667,openvoice_bottom5_output_sentence1_timbre-gujarati7__1504__source-english200__667__openvoice_s1.wav,source_sentence2_english200__667_s2.wav,yes,NA,749,mshx1j9z-o5ud5lwi,,,,,,,,,,,,,,
8/6/2026,accent_dialect,697cac7d3bedace54477eb48,seed_vc,7,1,output_vs_timbreRef,top5,hindi19__2206,english584__2197,reference_sentence1_hindi19__2206_s1.wav,seed_vc_top5_output_sentence2_timbre-hindi19__2206__source-english584__2197__seed_vc_s2.wav,yes,NA,677,mshx1xj2-rwz9u8wm,,,,,,,,,,,,,,
8/6/2026,accent_dialect,616b2966d0aee4f9879a656b,seed_vc,4,2,timbreRef_vs_timbreRef,top5,gujarati16__2558,english200__667,reference_sentence1_gujarati16__2558_s1.wav,reference_sentence2_gujarati16__2558_s2.wav,yes,same,2942,mshx22ml-udiw7nts,,,,,,,,,,,,,,
8/6/2026,accent_dialect,6a1367055e82b8a9a60fcfa7,seed_vc,6,2,timbreRef_vs_timbreRef,bottom5,hindi13__1633,english200__667,reference_sentence1_hindi13__1633_s1.wav,reference_sentence2_hindi13__1633_s2.wav,no,same,1290,mshx1v8y-latl0nlp,,,,,,,,,,,,,,
8/6/2026,accent_dialect,69f8501bd7faed68d0b7674d,seed_vc,2,3,timbreRef_vs_sourceRef,top5,gujarati16__2558,english200__667,reference_sentence1_gujarati16__2558_s1.wav,source_sentence2_english200__667_s2.wav,yes,different,1079,mshx1y1e-i99t9og9,,,,,,,,,,,,,,
8/6/2026,accent_dialect,69d8eab7b04ea057a65bdb4d,seed_vc,1,2,timbreRef_vs_timbreRef,bottom5,hindi16__1966,english584__2197,reference_sentence1_hindi16__1966_s1.wav,reference_sentence2_hindi16__1966_s2.wav,yes,same,1316,mshx26fg-o3ecmoil,,,,,,,,,,,,,,
8/6/2026,accent_dialect,6547eba1d8a02576605bcfb2,seed_vc,1,4,output_vs_sourceRef,top5,hindi2__587,english584__2197,source_sentence1_english584__2197_s1.wav,seed_vc_top5_output_sentence2_timbre-hindi2__587__source-english584__2197__seed_vc_s2.wav,yes,NA,3936,mshx1oqt-v9obb1yn,,,,,,,,,,,,,,
8/6/2026,accent_dialect,662e89416a1d494ac9e84af3,seed_vc,4,1,output_vs_timbreRef,bottom5,hindi21__2236,english584__2197,seed_vc_bottom5_output_sentence1_timbre-hindi21__2236__source-english584__2197__seed_vc_s1.wav,reference_sentence2_hindi21__2236_s2.wav,yes,NA,847,mshx1noc-eiuxz5bz,,,,,,,,,,,,,,
8/6/2026,accent_dialect,69dd3ed63fbfe7bbbf3aac15,seed_vc,1,3,timbreRef_vs_sourceRef,top5,hindi19__2206,english584__2197,reference_sentence1_hindi19__2206_s1.wav,source_sentence2_english584__2197_s2.wav,yes,different,1129,mshx2awr-phq5g4iy,,,,,,,,,,,,,,
8/6/2026,accent_dialect,69e56c8f8677d3d655d61941,openvoice,3,4,output_vs_sourceRef,bottom5,hindi7__867,english200__667,openvoice_bottom5_output_sentence1_timbre-hindi7__867__source-english200__667__openvoice_s1.wav,source_sentence2_english200__667_s2.wav,no,NA,1661,mshx21dr-ejpalixz,,,,,,,,,,,,,,
8/6/2026,accent_dialect,5f23b7f1c920f1000baef3b1,openvoice,3,3,timbreRef_vs_sourceRef,top5,hindi19__2206,english584__2197,reference_sentence1_hindi19__2206_s1.wav,source_sentence2_english584__2197_s2.wav,no,different,2440,mshx1j9z-o5ud5lwi,,,,,,,,,,,,,,
8/6/2026,accent_dialect,5f9a0b386a200211eea8e2ed,openvoice,14,4,output_vs_sourceRef,top5,gujarati11__2301,english584__2197,source_sentence1_english584__2197_s1.wav,openvoice_top5_output_sentence2_timbre-gujarati11__2301__source-english584__2197__openvoice_s2.wav,no,NA,1405,mshx12l7-4q2zdl3d,,,,,,,,,,,,,,
8/6/2026,accent_dialect,6a0e24dc9563561507623d39,seed_vc,4,1,output_vs_timbreRef,top5,gujarati5__1016,english200__667,reference_sentence1_gujarati5__1016_s1.wav,seed_vc_top5_output_sentence2_timbre-gujarati5__1016__source-english200__667__seed_vc_s2.wav,no,NA,1419,mshx1i80-yps2tnia,,,,,,,,,,,,,,
8/6/2026,accent_dialect,5d0c10124b68150015fd5bca,seed_vc,1,1,output_vs_timbreRef,bottom5,hindi13__1633,english200__667,seed_vc_bottom5_output_sentence1_timbre-hindi13__1633__source-english200__667__seed_vc_s1.wav,reference_sentence2_hindi13__1633_s2.wav,no,NA,1604,mshx20qr-j6nfdb19,,,,,,,,,,,,,,
8/6/2026,accent_dialect,69fcae003b080bd0cacb7412,seed_vc,1,4,output_vs_sourceRef,bottom5,hindi16__1966,english584__2197,seed_vc_bottom5_output_sentence1_timbre-hindi16__1966__source-english584__2197__seed_vc_s1.wav,source_sentence2_english584__2197_s2.wav,yes,NA,1167,mshx1u62-fqxouafe,,,,,,,,,,,,,,
8/6/2026,accent_dialect,6a1367055e82b8a9a60fcfa7,seed_vc,7,1,output_vs_timbreRef,top5,hindi2__587,english584__2197,reference_sentence1_hindi2__587_s1.wav,seed_vc_top5_output_sentence2_timbre-hindi2__587__source-english584__2197__seed_vc_s2.wav,yes,NA,1668,mshx1v8y-latl0nlp,,,,,,,,,,,,,,
8/6/2026,accent_dialect,6547eba1d8a02576605bcfb2,seed_vc,2,2,timbreRef_vs_timbreRef,top5,hindi2__587,english584__2197,reference_sentence1_hindi2__587_s1.wav,reference_sentence2_hindi2__587_s2.wav,no,same,1075,mshx1oqt-v9obb1yn,,,,,,,,,,,,,,
8/6/2026,accent_dialect,69d8eab7b04ea057a65bdb4d,seed_vc,2,4,output_vs_sourceRef,top5,hindi2__587,english584__2197,seed_vc_top5_output_sentence1_timbre-hindi2__587__source-english584__2197__seed_vc_s1.wav,source_sentence2_english584__2197_s2.wav,no,NA,645,mshx26fg-o3ecmoil,,,,,,,,,,,,,,
8/6/2026,accent_dialect,69f8501bd7faed68d0b7674d,seed_vc,3,2,timbreRef_vs_timbreRef,bottom5,hindi13__1633,english200__667,reference_sentence1_hindi13__1633_s1.wav,reference_sentence2_hindi13__1633_s2.wav,yes,same,671,mshx1y1e-i99t9og9,,,,,,,,,,,,,,
8/6/2026,accent_dialect,63614af3f714542282bd139b,openvoice,4,6,sourceRef_vs_sourceRef_cross,NA,NA,english200__667__vs__english584__2197,source_sentence1_english200__667_s1.wav,source_sentence2_english584__2197_s2.wav,yes,same,1469,mshx1g5d-rwgo0ae5,,,,,,,,,,,,,,
8/6/2026,accent_dialect,5f23b7f1c920f1000baef3b1,openvoice,4,1,output_vs_timbreRef,top5,hindi19__2206,english584__2197,reference_sentence1_hindi19__2206_s1.wav,openvoice_top5_output_sentence2_timbre-hindi19__2206__source-english584__2197__openvoice_s2.wav,yes,NA,963,mshx1j9z-o5ud5lwi,,,,,,,,,,,,,,
8/6/2026,accent_dialect,5bdf8d7eee652a0001f0999c,seed_vc,1,1,output_vs_timbreRef,bottom5,hindi21__2236,english584__2197,seed_vc_bottom5_output_sentence1_timbre-hindi21__2236__source-english584__2197__seed_vc_s1.wav,reference_sentence2_hindi21__2236_s2.wav,yes,NA,1326,mshx2exz-hb5k5jbj,,,,,,,,,,,,,,
8/6/2026,accent_dialect,662e89416a1d494ac9e84af3,seed_vc,5,3,timbreRef_vs_sourceRef,top5,hindi19__2206,english584__2197,reference_sentence1_hindi19__2206_s1.wav,source_sentence2_english584__2197_s2.wav,no,different,837,mshx1noc-eiuxz5bz,,,,,,,,,,,,,,
8/6/2026,accent_dialect,697cac7d3bedace54477eb48,seed_vc,8,4,output_vs_sourceRef,bottom5,hindi26__2354,english584__2197,seed_vc_bottom5_output_sentence1_timbre-hindi26__2354__source-english584__2197__seed_vc_s1.wav,source_sentence2_english584__2197_s2.wav,yes,NA,719,mshx1xj2-rwz9u8wm,,,,,,,,,,,,,,
8/6/2026,accent_dialect,5f9a0b386a200211eea8e2ed,openvoice,15,1,output_vs_timbreRef,top5,gujarati13__2409,english200__667,reference_sentence1_gujarati13__2409_s1.wav,openvoice_top5_output_sentence2_timbre-gujarati13__2409__source-english200__667__openvoice_s2.wav,no,NA,1351,mshx12l7-4q2zdl3d,,,,,,,,,,,,,,
8/6/2026,accent_dialect,69fcae003b080bd0cacb7412,seed_vc,2,2,timbreRef_vs_timbreRef,bottom5,hindi16__1966,english584__2197,reference_sentence1_hindi16__1966_s1.wav,reference_sentence2_hindi16__1966_s2.wav,yes,same,1585,mshx1u62-fqxouafe,,,,,,,,,,,,,,
8/6/2026,accent_dialect,69e5649666d18ba4b364db04,seed_vc,1,3,timbreRef_vs_sourceRef,bottom5,hindi13__1633,english200__667,reference_sentence1_hindi13__1633_s1.wav,source_sentence2_english200__667_s2.wav,no,different,1121,mshx1d1v-e1n34r5j,,,,,,,,,,,,,,
8/6/2026,accent_dialect,6a1367055e82b8a9a60fcfa7,seed_vc,8,2,timbreRef_vs_timbreRef,top5,hindi19__2206,english584__2197,reference_sentence1_hindi19__2206_s1.wav,reference_sentence2_hindi19__2206_s2.wav,no,same,589,mshx1v8y-latl0nlp,,,,,,,,,,,,,,
8/6/2026,accent_dialect,69dd3ed63fbfe7bbbf3aac15,seed_vc,3,2,timbreRef_vs_timbreRef,bottom5,gujarati4__610,english200__667,reference_sentence1_gujarati4__610_s1.wav,reference_sentence2_gujarati4__610_s2.wav,yes,same,1509,mshx2awr-phq5g4iy,,,,,,,,,,,,,,
8/6/2026,accent_dialect,616b2966d0aee4f9879a656b,seed_vc,6,2,timbreRef_vs_timbreRef,top5,hindi2__587,english584__2197,reference_sentence1_hindi2__587_s1.wav,reference_sentence2_hindi2__587_s2.wav,yes,same,788,mshx22ml-udiw7nts,,,,,,,,,,,,,,
8/6/2026,accent_dialect,69e56c8f8677d3d655d61941,openvoice,4,3,timbreRef_vs_sourceRef,bottom5,gujarati8__1678,english200__667,source_sentence1_english200__667_s1.wav,reference_sentence2_gujarati8__1678_s2.wav,yes,different,9471,mshx21dr-ejpalixz,,,,,,,,,,,,,,
8/6/2026,accent_dialect,5c690f6f81d8da000100c78b,openvoice,1,2,timbreRef_vs_timbreRef,bottom5,gujarati7__1504,english200__667,reference_sentence1_gujarati7__1504_s1.wav,reference_sentence2_gujarati7__1504_s2.wav,yes,same,749,mshx233w-isdpc61p,,,,,,,,,,,,,,
8/6/2026,accent_dialect,66bfe5ecc23f1e2109f144d6,seed_vc,3,4,output_vs_sourceRef,top5,gujarati16__2558,english200__667,seed_vc_top5_output_sentence1_timbre-gujarati16__2558__source-english200__667__seed_vc_s1.wav,source_sentence2_english200__667_s2.wav,yes,NA,18335,mshx1kb9-31qzhrfj,,,,,,,,,,,,,,
8/6/2026,accent_dialect,6a0e24dc9563561507623d39,seed_vc,5,2,timbreRef_vs_timbreRef,bottom5,gujarati4__610,english200__667,reference_sentence1_gujarati4__610_s1.wav,reference_sentence2_gujarati4__610_s2.wav,yes,same,1031,mshx1i80-yps2tnia,,,,,,,,,,,,,,
8/6/2026,accent_dialect,55aa9c8dfdf99b634b427b9a,openvoice,2,2,timbreRef_vs_timbreRef,top5,gujarati11__2301,english584__2197,reference_sentence1_gujarati11__2301_s1.wav,reference_sentence2_gujarati11__2301_s2.wav,yes,same,796,mshx21h5-or0h8zxy,,,,,,,,,,,,,,
8/6/2026,accent_dialect,55aa9c8dfdf99b634b427b9a,openvoice,3,5,sourceRef_vs_sourceRef,bottom5,gujarati9__2041,english584__2197,source_sentence1_english584__2197_s1.wav,source_sentence2_english584__2197_s2.wav,yes,same,1340,mshx21h5-or0h8zxy,,,,,,,,,,,,,,
8/6/2026,accent_dialect,63614af3f714542282bd139b,openvoice,5,4,output_vs_sourceRef,bottom5,gujarati9__2041,english584__2197,source_sentence1_english584__2197_s1.wav,openvoice_bottom5_output_sentence2_timbre-gujarati9__2041__source-english584__2197__openvoice_s2.wav,yes,NA,966,mshx1g5d-rwgo0ae5,,,,,,,,,,,,,,
8/6/2026,accent_dialect,5bdf8d7eee652a0001f0999c,seed_vc,2,1,output_vs_timbreRef,top5,hindi19__2206,english584__2197,reference_sentence1_hindi19__2206_s1.wav,seed_vc_top5_output_sentence2_timbre-hindi19__2206__source-english584__2197__seed_vc_s2.wav,yes,NA,1531,mshx2exz-hb5k5jbj,,,,,,,,,,,,,,
8/6/2026,accent_dialect,69e5649666d18ba4b364db04,seed_vc,2,3,timbreRef_vs_sourceRef,top5,gujarati5__1016,english200__667,reference_sentence1_gujarati5__1016_s1.wav,source_sentence2_english200__667_s2.wav,no,different,1163,mshx1d1v-e1n34r5j,,,,,,,,,,,,,,
8/6/2026,accent_dialect,5f9a0b386a200211eea8e2ed,openvoice,16,5,sourceRef_vs_sourceRef,bottom5,gujarati9__2041,english584__2197,source_sentence1_english584__2197_s1.wav,source_sentence2_english584__2197_s2.wav,yes,same,556,mshx12l7-4q2zdl3d,,,,,,,,,,,,,,
8/6/2026,accent_dialect,676ecc2cdff817e43c22a375,seed_vc,2,1,output_vs_timbreRef,top5,hindi2__587,english584__2197,reference_sentence1_hindi2__587_s1.wav,seed_vc_top5_output_sentence2_timbre-hindi2__587__source-english584__2197__seed_vc_s2.wav,yes,NA,746,mshx2lnc-1x73r3sk,,,,,,,,,,,,,,
8/6/2026,accent_dialect,697cac7d3bedace54477eb48,seed_vc,9,4,output_vs_sourceRef,bottom5,hindi21__2236,english584__2197,seed_vc_bottom5_output_sentence1_timbre-hindi21__2236__source-english584__2197__seed_vc_s1.wav,source_sentence2_english584__2197_s2.wav,yes,NA,1138,mshx1xj2-rwz9u8wm,,,,,,,,,,,,,,
8/6/2026,accent_dialect,699292d2b2321f8f920b55dd,openvoice,1,3,timbreRef_vs_sourceRef,bottom5,gujarati8__1678,english200__667,reference_sentence1_gujarati8__1678_s1.wav,source_sentence2_english200__667_s2.wav,yes,different,4062,mshx1u48-slhdj2vr,,,,,,,,,,,,,,
8/6/2026,accent_dialect,6547eba1d8a02576605bcfb2,seed_vc,3,3,timbreRef_vs_sourceRef,bottom5,gujarati4__610,english200__667,source_sentence1_english200__667_s1.wav,reference_sentence2_gujarati4__610_s2.wav,no,different,1502,mshx1oqt-v9obb1yn,,,,,,,,,,,,,,
8/6/2026,accent_dialect,6776bf1a71392619a43359d3,seed_vc,1,5,sourceRef_vs_sourceRef,bottom5,gujarati4__610,english200__667,source_sentence1_english200__667_s1.wav,source_sentence2_english200__667_s2.wav,yes,same,829,mshx2duk-nduw1k93,,,,,,,,,,,,,,
8/6/2026,accent_dialect,662e89416a1d494ac9e84af3,seed_vc,7,4,output_vs_sourceRef,bottom5,hindi16__1966,english584__2197,source_sentence1_english584__2197_s1.wav,seed_vc_bottom5_output_sentence2_timbre-hindi16__1966__source-english584__2197__seed_vc_s2.wav,no,NA,821,mshx1noc-eiuxz5bz,,,,,,,,,,,,,,
8/6/2026,accent_dialect,66ecded667f721bca7e5609d,openvoice,7,1,output_vs_timbreRef,bottom5,gujarati8__1678,english200__667,openvoice_bottom5_output_sentence1_timbre-gujarati8__1678__source-english200__667__openvoice_s1.wav,reference_sentence2_gujarati8__1678_s2.wav,yes,NA,1327,mshx1cdz-fe8mzg47,,,,,,,,,,,,,,
8/6/2026,accent_dialect,69e56c8f8677d3d655d61941,openvoice,5,4,output_vs_sourceRef,top5,gujarati13__2409,english200__667,source_sentence1_english200__667_s1.wav,openvoice_top5_output_sentence2_timbre-gujarati13__2409__source-english200__667__openvoice_s2.wav,yes,NA,2745,mshx21dr-ejpalixz,,,,,,,,,,,,,,
8/6/2026,accent_dialect,6a1367055e82b8a9a60fcfa7,seed_vc,9,2,timbreRef_vs_timbreRef,bottom5,gujarati4__610,english200__667,reference_sentence1_gujarati4__610_s1.wav,reference_sentence2_gujarati4__610_s2.wav,yes,same,1339,mshx1v8y-latl0nlp,,,,,,,,,,,,,,
8/6/2026,accent_dialect,6a0e24dc9563561507623d39,seed_vc,6,5,sourceRef_vs_sourceRef,bottom5,hindi16__1966,english584__2197,source_sentence1_english584__2197_s1.wav,source_sentence2_english584__2197_s2.wav,yes,same,4888,mshx1i80-yps2tnia,,,,,,,,,,,,,,
8/6/2026,accent_dialect,5c7f489defd9e20015751167,openvoice,8,4,output_vs_sourceRef,bottom5,hindi7__867,english200__667,source_sentence1_english200__667_s1.wav,openvoice_bottom5_output_sentence2_timbre-hindi7__867__source-english200__667__openvoice_s2.wav,yes,NA,1204,mshx1b8o-nzqg5c70,,,,,,,,,,,,,,
8/6/2026,accent_dialect,5f23b7f1c920f1000baef3b1,openvoice,6,3,timbreRef_vs_sourceRef,top5,gujarati17__2824,english200__667,source_sentence1_english200__667_s1.wav,reference_sentence2_gujarati17__2824_s2.wav,no,different,875,mshx1j9z-o5ud5lwi,,,,,,,,,,,,,,
8/6/2026,accent_dialect,69f8501bd7faed68d0b7674d,seed_vc,5,5,sourceRef_vs_sourceRef,bottom5,gujarati4__610,english200__667,source_sentence1_english200__667_s1.wav,source_sentence2_english200__667_s2.wav,yes,same,2352,mshx1y1e-i99t9og9,,,,,,,,,,,,,,
8/6/2026,accent_dialect,697cac7d3bedace54477eb48,seed_vc,10,3,timbreRef_vs_sourceRef,bottom5,hindi26__2354,english584__2197,source_sentence1_english584__2197_s1.wav,reference_sentence2_hindi26__2354_s2.wav,no,different,594,mshx1xj2-rwz9u8wm,,,,,,,,,,,,,,
8/6/2026,accent_dialect,69dd3ed63fbfe7bbbf3aac15,seed_vc,4,3,timbreRef_vs_sourceRef,bottom5,hindi13__1633,english200__667,source_sentence1_english200__667_s1.wav,reference_sentence2_hindi13__1633_s2.wav,no,different,1321,mshx2awr-phq5g4iy,,,,,,,,,,,,,,
8/6/2026,accent_dialect,5c690f6f81d8da000100c78b,openvoice,2,4,output_vs_sourceRef,bottom5,gujarati9__2041,english584__2197,source_sentence1_english584__2197_s1.wav,openvoice_bottom5_output_sentence2_timbre-gujarati9__2041__source-english584__2197__openvoice_s2.wav,yes,NA,1804,mshx233w-isdpc61p,,,,,,,,,,,,,,
8/6/2026,accent_dialect,66ecded667f721bca7e5609d,openvoice,8,6,sourceRef_vs_sourceRef_cross,NA,NA,english584__2197__vs__english200__667,source_sentence1_english584__2197_s1.wav,source_sentence2_english200__667_s2.wav,yes,same,1066,mshx1cdz-fe8mzg47,,,,,,,,,,,,,,
8/6/2026,accent_dialect,67dd4210d92f4c3aac8d944c,openvoice,1,5,sourceRef_vs_sourceRef,bottom5,gujarati7__1504,english200__667,source_sentence1_english200__667_s1.wav,source_sentence2_english200__667_s2.wav,yes,same,568,mshx11x7-5rslmkb7,,,,,,,,,,,,,,
8/6/2026,accent_dialect,55aa9c8dfdf99b634b427b9a,openvoice,4,1,output_vs_timbreRef,bottom5,gujarati7__1504,english200__667,reference_sentence1_gujarati7__1504_s1.wav,openvoice_bottom5_output_sentence2_timbre-gujarati7__1504__source-english200__667__openvoice_s2.wav,no,NA,4096,mshx21h5-or0h8zxy,,,,,,,,,,,,,,
8/6/2026,accent_dialect,5c7f489defd9e20015751167,openvoice,9,4,output_vs_sourceRef,top5,gujarati17__2824,english200__667,source_sentence1_english200__667_s1.wav,openvoice_top5_output_sentence2_timbre-gujarati17__2824__source-english200__667__openvoice_s2.wav,yes,NA,667,mshx1b8o-nzqg5c70,,,,,,,,,,,,,,
8/6/2026,accent_dialect,58064d91f25c440001678a10,openvoice,1,4,output_vs_sourceRef,top5,gujarati17__2824,english200__667,source_sentence1_english200__667_s1.wav,openvoice_top5_output_sentence2_timbre-gujarati17__2824__source-english200__667__openvoice_s2.wav,yes,NA,2975,mshx1z74-ej5p9mjs,,,,,,,,,,,,,,
8/6/2026,accent_dialect,699292d2b2321f8f920b55dd,openvoice,2,4,output_vs_sourceRef,bottom5,hindi7__867,english200__667,source_sentence1_english200__667_s1.wav,openvoice_bottom5_output_sentence2_timbre-hindi7__867__source-english200__667__openvoice_s2.wav,no,NA,5480,mshx1u48-slhdj2vr,,,,,,,,,,,,,,
8/6/2026,accent_dialect,67dd4210d92f4c3aac8d944c,openvoice,2,3,timbreRef_vs_sourceRef,top5,gujarati11__2301,english584__2197,source_sentence1_english584__2197_s1.wav,reference_sentence2_gujarati11__2301_s2.wav,no,different,794,mshx11x7-5rslmkb7,,,,,,,,,,,,,,
8/6/2026,accent_dialect,63614af3f714542282bd139b,openvoice,7,3,timbreRef_vs_sourceRef,bottom5,gujarati9__2041,english584__2197,reference_sentence1_gujarati9__2041_s1.wav,source_sentence2_english584__2197_s2.wav,no,different,763,mshx1g5d-rwgo0ae5,,,,,,,,,,,,,,
8/6/2026,accent_dialect,6776bf1a71392619a43359d3,seed_vc,2,3,timbreRef_vs_sourceRef,bottom5,hindi21__2236,english584__2197,reference_sentence1_hindi21__2236_s1.wav,source_sentence2_english584__2197_s2.wav,yes,different,4926,mshx2duk-nduw1k93,,,,,,,,,,,,,,
8/6/2026,accent_dialect,69e5649666d18ba4b364db04,seed_vc,4,1,output_vs_timbreRef,bottom5,gujarati4__610,english200__667,reference_sentence1_gujarati4__610_s1.wav,seed_vc_bottom5_output_sentence2_timbre-gujarati4__610__source-english200__667__seed_vc_s2.wav,no,NA,2473,mshx1d1v-e1n34r5j,,,,,,,,,,,,,,
8/6/2026,accent_dialect,5f9a0b386a200211eea8e2ed,openvoice,18,6,sourceRef_vs_sourceRef_cross,NA,NA,english584__2197__vs__english200__667,source_sentence1_english584__2197_s1.wav,source_sentence2_english200__667_s2.wav,yes,same,1543,mshx12l7-4q2zdl3d,,,,,,,,,,,,,,
8/6/2026,accent_dialect,55aa9c8dfdf99b634b427b9a,openvoice,5,3,timbreRef_vs_sourceRef,top5,gujarati13__2409,english200__667,reference_sentence1_gujarati13__2409_s1.wav,source_sentence2_english200__667_s2.wav,no,different,814,mshx21h5-or0h8zxy,,,,,,,,,,,,,,
8/6/2026,accent_dialect,6a0e24dc9563561507623d39,seed_vc,7,6,sourceRef_vs_sourceRef_cross,NA,NA,english584__2197__vs__english200__667,source_sentence1_english584__2197_s1.wav,source_sentence2_english200__667_s2.wav,yes,same,1109,mshx1i80-yps2tnia,,,,,,,,,,,,,,
8/6/2026,accent_dialect,5f23b7f1c920f1000baef3b1,openvoice,7,2,timbreRef_vs_timbreRef,bottom5,hindi12__1440,english200__667,reference_sentence1_hindi12__1440_s1.wav,reference_sentence2_hindi12__1440_s2.wav,yes,same,781,mshx1j9z-o5ud5lwi,,,,,,,,,,,,,,
8/6/2026,accent_dialect,69fcae003b080bd0cacb7412,seed_vc,4,3,timbreRef_vs_sourceRef,top5,gujarati16__2558,english200__667,reference_sentence1_gujarati16__2558_s1.wav,source_sentence2_english200__667_s2.wav,yes,different,1409,mshx1u62-fqxouafe,,,,,,,,,,,,,,
8/6/2026,accent_dialect,69f8501bd7faed68d0b7674d,seed_vc,6,3,timbreRef_vs_sourceRef,top5,hindi10__1202,english200__667,reference_sentence1_hindi10__1202_s1.wav,source_sentence2_english200__667_s2.wav,yes,different,4183,mshx1y1e-i99t9og9,,,,,,,,,,,,,,
8/6/2026,accent_dialect,69e56c8f8677d3d655d61941,openvoice,6,3,timbreRef_vs_sourceRef,top5,gujarati11__2301,english584__2197,source_sentence1_english584__2197_s1.wav,reference_sentence2_gujarati11__2301_s2.wav,no,different,7095,mshx21dr-ejpalixz,,,,,,,,,,,,,,
8/6/2026,accent_dialect,5d0c10124b68150015fd5bca,seed_vc,4,1,output_vs_timbreRef,top5,hindi19__2206,english584__2197,seed_vc_top5_output_sentence1_timbre-hindi19__2206__source-english584__2197__seed_vc_s1.wav,reference_sentence2_hindi19__2206_s2.wav,no,NA,998,mshx20qr-j6nfdb19,,,,,,,,,,,,,,
8/6/2026,accent_dialect,6776bf1a71392619a43359d3,seed_vc,3,4,output_vs_sourceRef,bottom5,hindi26__2354,english584__2197,seed_vc_bottom5_output_sentence1_timbre-hindi26__2354__source-english584__2197__seed_vc_s1.wav,source_sentence2_english584__2197_s2.wav,yes,NA,858,mshx2duk-nduw1k93,,,,,,,,,,,,,,
8/6/2026,accent_dialect,66ecded667f721bca7e5609d,openvoice,9,2,timbreRef_vs_timbreRef,bottom5,gujarati7__1504,english200__667,reference_sentence1_gujarati7__1504_s1.wav,reference_sentence2_gujarati7__1504_s2.wav,yes,same,1020,mshx1cdz-fe8mzg47,,,,,,,,,,,,,,
8/6/2026,accent_dialect,662e89416a1d494ac9e84af3,seed_vc,9,2,timbreRef_vs_timbreRef,bottom5,hindi26__2354,english584__2197,reference_sentence1_hindi26__2354_s1.wav,reference_sentence2_hindi26__2354_s2.wav,yes,same,1103,mshx1noc-eiuxz5bz,,,,,,,,,,,,,,
8/6/2026,accent_dialect,699292d2b2321f8f920b55dd,openvoice,3,3,timbreRef_vs_sourceRef,bottom5,gujarati7__1504,english200__667,reference_sentence1_gujarati7__1504_s1.wav,source_sentence2_english200__667_s2.wav,no,different,960,mshx1u48-slhdj2vr,,,,,,,,,,,,,,
8/6/2026,accent_dialect,697cac7d3bedace54477eb48,seed_vc,11,3,timbreRef_vs_sourceRef,bottom5,gujarati4__610,english200__667,source_sentence1_english200__667_s1.wav,reference_sentence2_gujarati4__610_s2.wav,no,different,725,mshx1xj2-rwz9u8wm,,,,,,,,,,,,,,
8/6/2026,accent_dialect,63614af3f714542282bd139b,openvoice,8,3,timbreRef_vs_sourceRef,bottom5,hindi7__867,english200__667,source_sentence1_english200__667_s1.wav,reference_sentence2_hindi7__867_s2.wav,no,different,779,mshx1g5d-rwgo0ae5,,,,,,,,,,,,,,
8/6/2026,accent_dialect,5f9a0b386a200211eea8e2ed,openvoice,19,6,sourceRef_vs_sourceRef_cross,NA,NA,english200__667__vs__english584__2197,source_sentence1_english200__667_s1.wav,source_sentence2_english584__2197_s2.wav,yes,same,503,mshx12l7-4q2zdl3d,,,,,,,,,,,,,,
8/6/2026,accent_dialect,6943112231de947e3850dcfc,openvoice,1,1,output_vs_timbreRef,top5,hindi19__2206,english584__2197,reference_sentence1_hindi19__2206_s1.wav,openvoice_top5_output_sentence2_timbre-hindi19__2206__source-english584__2197__openvoice_s2.wav,yes,NA,1007,mshx26v3-pdvz2ca7,,,,,,,,,,,,,,
8/6/2026,accent_dialect,6943112231de947e3850dcfc,openvoice,2,2,timbreRef_vs_timbreRef,top5,gujarati11__2301,english584__2197,reference_sentence1_gujarati11__2301_s1.wav,reference_sentence2_gujarati11__2301_s2.wav,yes,same,2192,mshx26v3-pdvz2ca7,,,,,,,,,,,,,,
8/6/2026,accent_dialect,55aa9c8dfdf99b634b427b9a,openvoice,6,3,timbreRef_vs_sourceRef,bottom5,gujarati7__1504,english200__667,source_sentence1_english200__667_s1.wav,reference_sentence2_gujarati7__1504_s2.wav,no,different,916,mshx21h5-or0h8zxy,,,,,,,,,,,,,,
8/6/2026,accent_dialect,66bfe5ecc23f1e2109f144d6,seed_vc,6,3,timbreRef_vs_sourceRef,bottom5,hindi13__1633,english200__667,source_sentence1_english200__667_s1.wav,reference_sentence2_hindi13__1633_s2.wav,no,different,983,mshx1kb9-31qzhrfj,,,,,,,,,,,,,,
8/6/2026,accent_dialect,662e89416a1d494ac9e84af3,seed_vc,8,1,output_vs_timbreRef,top5,gujarati5__1016,english200__667,reference_sentence1_gujarati5__1016_s1.wav,seed_vc_top5_output_sentence2_timbre-gujarati5__1016__source-english200__667__seed_vc_s2.wav,no,NA,1916,mshx1noc-eiuxz5bz,,,,,,,,,,,,,,
8/6/2026,accent_dialect,66ecded667f721bca7e5609d,openvoice,10,2,timbreRef_vs_timbreRef,top5,gujarati11__2301,english584__2197,reference_sentence1_gujarati11__2301_s1.wav,reference_sentence2_gujarati11__2301_s2.wav,yes,same,1066,mshx1cdz-fe8mzg47,,,,,,,,,,,,,,
8/6/2026,accent_dialect,5d0eecdd348afe00015865aa,openvoice,1,2,timbreRef_vs_timbreRef,top5,gujarati13__2409,english200__667,reference_sentence1_gujarati13__2409_s1.wav,reference_sentence2_gujarati13__2409_s2.wav,yes,same,1221,mshx2fxn-9ttvrw2q,,,,,,,,,,,,,,
8/6/2026,accent_dialect,699292d2b2321f8f920b55dd,openvoice,4,1,output_vs_timbreRef,bottom5,gujarati8__1678,english200__667,reference_sentence1_gujarati8__1678_s1.wav,openvoice_bottom5_output_sentence2_timbre-gujarati8__1678__source-english200__667__openvoice_s2.wav,yes,NA,943,mshx1u48-slhdj2vr,,,,,,,,,,,,,,
8/6/2026,accent_dialect,5bdf8d7eee652a0001f0999c,seed_vc,3,1,output_vs_timbreRef,bottom5,hindi26__2354,english584__2197,reference_sentence1_hindi26__2354_s1.wav,seed_vc_bottom5_output_sentence2_timbre-hindi26__2354__source-english584__2197__seed_vc_s2.wav,yes,NA,1647,mshx2exz-hb5k5jbj,,,,,,,,,,,,,,
8/6/2026,accent_dialect,6776bf1a71392619a43359d3,seed_vc,4,4,output_vs_sourceRef,bottom5,hindi13__1633,english200__667,source_sentence1_english200__667_s1.wav,seed_vc_bottom5_output_sentence2_timbre-hindi13__1633__source-english200__667__seed_vc_s2.wav,yes,NA,862,mshx2duk-nduw1k93,,,,,,,,,,,,,,
8/6/2026,accent_dialect,6547eba1d8a02576605bcfb2,seed_vc,5,3,timbreRef_vs_sourceRef,bottom5,hindi16__1966,english584__2197,reference_sentence1_hindi16__1966_s1.wav,source_sentence2_english584__2197_s2.wav,no,different,902,mshx1oqt-v9obb1yn,,,,,,,,,,,,,,
8/6/2026,accent_dialect,67dd4210d92f4c3aac8d944c,openvoice,4,3,timbreRef_vs_sourceRef,top5,gujarati17__2824,english200__667,source_sentence1_english200__667_s1.wav,reference_sentence2_gujarati17__2824_s2.wav,no,different,653,mshx11x7-5rslmkb7,,,,,,,,,,,,,,
8/6/2026,accent_dialect,5f9a0b386a200211eea8e2ed,openvoice,20,2,timbreRef_vs_timbreRef,bottom5,gujarati9__2041,english584__2197,reference_sentence1_gujarati9__2041_s1.wav,reference_sentence2_gujarati9__2041_s2.wav,yes,same,825,mshx12l7-4q2zdl3d,,,,,,,,,,,,,,
8/6/2026,accent_dialect,662e89416a1d494ac9e84af3,seed_vc,10,2,timbreRef_vs_timbreRef,top5,hindi10__1202,english200__667,reference_sentence1_hindi10__1202_s1.wav,reference_sentence2_hindi10__1202_s2.wav,yes,same,1692,mshx1noc-eiuxz5bz,,,,,,,,,,,,,,
8/6/2026,accent_dialect,63614af3f714542282bd139b,openvoice,9,4,output_vs_sourceRef,top5,hindi19__2206,english584__2197,openvoice_top5_output_sentence1_timbre-hindi19__2206__source-english584__2197__openvoice_s1.wav,source_sentence2_english584__2197_s2.wav,yes,NA,1200,mshx1g5d-rwgo0ae5,,,,,,,,,,,,,,
8/6/2026,accent_dialect,6a1367055e82b8a9a60fcfa7,seed_vc,12,2,timbreRef_vs_timbreRef,top5,gujarati5__1016,english200__667,reference_sentence1_gujarati5__1016_s1.wav,reference_sentence2_gujarati5__1016_s2.wav,no,same,1290,mshx1v8y-latl0nlp,,,,,,,,,,,,,,
8/6/2026,accent_dialect,58064d91f25c440001678a10,openvoice,3,4,output_vs_sourceRef,top5,gujarati13__2409,english200__667,source_sentence1_english200__667_s1.wav,openvoice_top5_output_sentence2_timbre-gujarati13__2409__source-english200__667__openvoice_s2.wav,yes,NA,1435,mshx1z74-ej5p9mjs,,,,,,,,,,,,,,
8/6/2026,accent_dialect,5f23b7f1c920f1000baef3b1,openvoice,9,4,output_vs_sourceRef,bottom5,gujarati9__2041,english584__2197,openvoice_bottom5_output_sentence1_timbre-gujarati9__2041__source-english584__2197__openvoice_s1.wav,source_sentence2_english584__2197_s2.wav,yes,NA,1363,mshx1j9z-o5ud5lwi,,,,,,,,,,,,,,
8/6/2026,accent_dialect,69dd3ed63fbfe7bbbf3aac15,seed_vc,7,4,output_vs_sourceRef,top5,gujarati16__2558,english200__667,source_sentence1_english200__667_s1.wav,seed_vc_top5_output_sentence2_timbre-gujarati16__2558__source-english200__667__seed_vc_s2.wav,yes,NA,1472,mshx2awr-phq5g4iy,,,,,,,,,,,,,,
8/6/2026,accent_dialect,55aa9c8dfdf99b634b427b9a,openvoice,7,2,timbreRef_vs_timbreRef,bottom5,gujarati9__2041,english584__2197,reference_sentence1_gujarati9__2041_s1.wav,reference_sentence2_gujarati9__2041_s2.wav,yes,same,882,mshx21h5-or0h8zxy,,,,,,,,,,,,,,
8/6/2026,accent_dialect,6a1367055e82b8a9a60fcfa7,seed_vc,13,2,timbreRef_vs_timbreRef,bottom5,hindi26__2354,english584__2197,reference_sentence1_hindi26__2354_s1.wav,reference_sentence2_hindi26__2354_s2.wav,yes,same,379,mshx1v8y-latl0nlp,,,,,,,,,,,,,,
8/6/2026,accent_dialect,67713f8437575dd855393a8f,seed_vc,1,1,output_vs_timbreRef,bottom5,hindi21__2236,english584__2197,reference_sentence1_hindi21__2236_s1.wav,seed_vc_bottom5_output_sentence2_timbre-hindi21__2236__source-english584__2197__seed_vc_s2.wav,yes,NA,3167,mshx2db3-vly3jg9t,,,,,,,,,,,,,,
8/6/2026,accent_dialect,69f2b5f676aaf78f77d69d16,openvoice,2,4,output_vs_sourceRef,top5,gujarati13__2409,english200__667,source_sentence1_english200__667_s1.wav,openvoice_top5_output_sentence2_timbre-gujarati13__2409__source-english200__667__openvoice_s2.wav,yes,NA,943,mshx1jap-b318jfsn,,,,,,,,,,,,,,
8/6/2026,accent_dialect,69fcae003b080bd0cacb7412,seed_vc,6,1,output_vs_timbreRef,top5,gujarati5__1016,english200__667,seed_vc_top5_output_sentence1_timbre-gujarati5__1016__source-english200__667__seed_vc_s1.wav,reference_sentence2_gujarati5__1016_s2.wav,no,NA,1203,mshx1u62-fqxouafe,,,,,,,,,,,,,,
8/6/2026,accent_dialect,67dd4210d92f4c3aac8d944c,openvoice,5,3,timbreRef_vs_sourceRef,top5,hindi19__2206,english584__2197,source_sentence1_english584__2197_s1.wav,reference_sentence2_hindi19__2206_s2.wav,no,different,850,mshx11x7-5rslmkb7,,,,,,,,,,,,,,
8/6/2026,accent_dialect,5bdf8d7eee652a0001f0999c,seed_vc,4,3,timbreRef_vs_sourceRef,bottom5,hindi21__2236,english584__2197,reference_sentence1_hindi21__2236_s1.wav,source_sentence2_english584__2197_s2.wav,no,different,806,mshx2exz-hb5k5jbj,,,,,,,,,,,,,,
8/6/2026,accent_dialect,697cac7d3bedace54477eb48,seed_vc,13,2,timbreRef_vs_timbreRef,bottom5,hindi21__2236,english584__2197,reference_sentence1_hindi21__2236_s1.wav,reference_sentence2_hindi21__2236_s2.wav,yes,same,799,mshx1xj2-rwz9u8wm,,,,,,,,,,,,,,
8/6/2026,accent_dialect,6a0e24dc9563561507623d39,seed_vc,10,2,timbreRef_vs_timbreRef,top5,gujarati16__2558,english200__667,reference_sentence1_gujarati16__2558_s1.wav,reference_sentence2_gujarati16__2558_s2.wav,yes,same,1480,mshx1i80-yps2tnia,,,,,,,,,,,,,,
8/6/2026,accent_dialect,63614af3f714542282bd139b,openvoice,10,2,timbreRef_vs_timbreRef,bottom5,gujarati8__1678,english200__667,reference_sentence1_gujarati8__1678_s1.wav,reference_sentence2_gujarati8__1678_s2.wav,yes,same,998,mshx1g5d-rwgo0ae5,,,,,,,,,,,,,,
8/6/2026,accent_dialect,5d0c10124b68150015fd5bca,seed_vc,5,6,sourceRef_vs_sourceRef_cross,NA,NA,english200__667__vs__english584__2197,source_sentence1_english200__667_s1.wav,source_sentence2_english584__2197_s2.wav,no,same,11646,mshx20qr-j6nfdb19,,,,,,,,,,,,,,
8/6/2026,accent_dialect,616b2966d0aee4f9879a656b,seed_vc,11,3,timbreRef_vs_sourceRef,top5,gujarati5__1016,english200__667,source_sentence1_english200__667_s1.wav,reference_sentence2_gujarati5__1016_s2.wav,no,different,860,mshx22ml-udiw7nts,,,,,,,,,,,,,,
8/6/2026,accent_dialect,6a15d6a799a27da826906cdb,openvoice,1,2,timbreRef_vs_timbreRef,top5,gujarati11__2301,english584__2197,reference_sentence1_gujarati11__2301_s1.wav,reference_sentence2_gujarati11__2301_s2.wav,yes,same,1754,mshx31ov-4z3uubkh,,,,,,,,,,,,,,
8/6/2026,accent_dialect,676ecc2cdff817e43c22a375,seed_vc,4,4,output_vs_sourceRef,top5,gujarati16__2558,english200__667,seed_vc_top5_output_sentence1_timbre-gujarati16__2558__source-english200__667__seed_vc_s1.wav,source_sentence2_english200__667_s2.wav,yes,NA,895,mshx2lnc-1x73r3sk,,,,,,,,,,,,,,
8/6/2026,accent_dialect,5d0eecdd348afe00015865aa,openvoice,3,4,output_vs_sourceRef,bottom5,gujarati7__1504,english200__667,openvoice_bottom5_output_sentence1_timbre-gujarati7__1504__source-english200__667__openvoice_s1.wav,source_sentence2_english200__667_s2.wav,yes,NA,1916,mshx2fxn-9ttvrw2q,,,,,,,,,,,,,,
8/6/2026,accent_dialect,5f9a0b386a200211eea8e2ed,openvoice,21,4,output_vs_sourceRef,top5,hindi19__2206,english584__2197,openvoice_top5_output_sentence1_timbre-hindi19__2206__source-english584__2197__openvoice_s1.wav,source_sentence2_english584__2197_s2.wav,no,NA,1911,mshx12l7-4q2zdl3d,,,,,,,,,,,,,,
8/6/2026,accent_dialect,69dd3ed63fbfe7bbbf3aac15,seed_vc,8,1,output_vs_timbreRef,top5,hindi19__2206,english584__2197,reference_sentence1_hindi19__2206_s1.wav,seed_vc_top5_output_sentence2_timbre-hindi19__2206__source-english584__2197__seed_vc_s2.wav,no,NA,1822,mshx2awr-phq5g4iy,,,,,,,,,,,,,,
8/6/2026,accent_dialect,66ecded667f721bca7e5609d,openvoice,11,1,output_vs_timbreRef,bottom5,gujarati7__1504,english200__667,reference_sentence1_gujarati7__1504_s1.wav,openvoice_bottom5_output_sentence2_timbre-gujarati7__1504__source-english200__667__openvoice_s2.wav,no,NA,1205,mshx1cdz-fe8mzg47,,,,,,,,,,,,,,
8/6/2026,accent_dialect,5c7f489defd9e20015751167,openvoice,12,2,timbreRef_vs_timbreRef,bottom5,gujarati9__2041,english584__2197,reference_sentence1_gujarati9__2041_s1.wav,reference_sentence2_gujarati9__2041_s2.wav,yes,same,1440,mshx1b8o-nzqg5c70,,,,,,,,,,,,,,
8/6/2026,accent_dialect,5bdf8d7eee652a0001f0999c,seed_vc,5,6,sourceRef_vs_sourceRef_cross,NA,NA,english200__667__vs__english584__2197,source_sentence1_english200__667_s1.wav,source_sentence2_english584__2197_s2.wav,no,same,715,mshx2exz-hb5k5jbj,,,,,,,,,,,,,,
8/6/2026,accent_dialect,58064d91f25c440001678a10,openvoice,4,2,timbreRef_vs_timbreRef,bottom5,hindi7__867,english200__667,reference_sentence1_hindi7__867_s1.wav,reference_sentence2_hindi7__867_s2.wav,yes,same,1503,mshx1z74-ej5p9mjs,,,,,,,,,,,,,,
8/6/2026,accent_dialect,662e89416a1d494ac9e84af3,seed_vc,11,1,output_vs_timbreRef,bottom5,hindi26__2354,english584__2197,reference_sentence1_hindi26__2354_s1.wav,seed_vc_bottom5_output_sentence2_timbre-hindi26__2354__source-english584__2197__seed_vc_s2.wav,yes,NA,1588,mshx1noc-eiuxz5bz,,,,,,,,,,,,,,
8/6/2026,accent_dialect,5f23b7f1c920f1000baef3b1,openvoice,10,6,sourceRef_vs_sourceRef_cross,NA,NA,english584__2197__vs__english200__667,source_sentence1_english584__2197_s1.wav,source_sentence2_english200__667_s2.wav,yes,same,1943,mshx1j9z-o5ud5lwi,,,,,,,,,,,,,,
8/6/2026,accent_dialect,67713f8437575dd855393a8f,seed_vc,2,1,output_vs_timbreRef,bottom5,gujarati4__610,english200__667,reference_sentence1_gujarati4__610_s1.wav,seed_vc_bottom5_output_sentence2_timbre-gujarati4__610__source-english200__667__seed_vc_s2.wav,yes,NA,2302,mshx2db3-vly3jg9t,,,,,,,,,,,,,,
8/6/2026,accent_dialect,69fcae003b080bd0cacb7412,seed_vc,7,1,output_vs_timbreRef,bottom5,hindi13__1633,english200__667,reference_sentence1_hindi13__1633_s1.wav,seed_vc_bottom5_output_sentence2_timbre-hindi13__1633__source-english200__667__seed_vc_s2.wav,no,NA,1472,mshx1u62-fqxouafe,,,,,,,,,,,,,,
8/6/2026,accent_dialect,699292d2b2321f8f920b55dd,openvoice,6,1,output_vs_timbreRef,top5,gujarati11__2301,english584__2197,reference_sentence1_gujarati11__2301_s1.wav,openvoice_top5_output_sentence2_timbre-gujarati11__2301__source-english584__2197__openvoice_s2.wav,no,NA,1188,mshx1u48-slhdj2vr,,,,,,,,,,,,,,
8/6/2026,accent_dialect,66bfe5ecc23f1e2109f144d6,seed_vc,8,4,output_vs_sourceRef,top5,hindi2__587,english584__2197,source_sentence1_english584__2197_s1.wav,seed_vc_top5_output_sentence2_timbre-hindi2__587__source-english584__2197__seed_vc_s2.wav,yes,NA,4964,mshx1kb9-31qzhrfj,,,,,,,,,,,,,,
8/6/2026,accent_dialect,69e5649666d18ba4b364db04,seed_vc,7,2,timbreRef_vs_timbreRef,bottom5,gujarati4__610,english200__667,reference_sentence1_gujarati4__610_s1.wav,reference_sentence2_gujarati4__610_s2.wav,yes,same,2086,mshx1d1v-e1n34r5j,,,,,,,,,,,,,,
8/6/2026,accent_dialect,67ade0c7138bc5e2f5d72575,openvoice,3,2,timbreRef_vs_timbreRef,top5,hindi13__1633,english200__667,reference_sentence1_hindi13__1633_s1.wav,reference_sentence2_hindi13__1633_s2.wav,no,same,2293,mshx2heb-jqjfwsn7,,,,,,,,,,,,,,
8/6/2026,accent_dialect,5f9a0b386a200211eea8e2ed,openvoice,22,2,timbreRef_vs_timbreRef,top5,gujarati13__2409,english200__667,reference_sentence1_gujarati13__2409_s1.wav,reference_sentence2_gujarati13__2409_s2.wav,yes,same,931,mshx12l7-4q2zdl3d,,,,,,,,,,,,,,
8/6/2026,accent_dialect,5d0c10124b68150015fd5bca,seed_vc,6,2,timbreRef_vs_timbreRef,bottom5,hindi21__2236,english584__2197,reference_sentence1_hindi21__2236_s1.wav,reference_sentence2_hindi21__2236_s2.wav,yes,same,1171,mshx20qr-j6nfdb19,,,,,,,,,,,,,,
8/6/2026,accent_dialect,616b2966d0aee4f9879a656b,seed_vc,12,2,timbreRef_vs_timbreRef,bottom5,hindi13__1633,english200__667,reference_sentence1_hindi13__1633_s1.wav,reference_sentence2_hindi13__1633_s2.wav,yes,same,774,mshx22ml-udiw7nts,,,,,,,,,,,,,,
8/6/2026,accent_dialect,69e56c8f8677d3d655d61941,openvoice,8,1,output_vs_timbreRef,bottom5,gujarati9__2041,english584__2197,openvoice_bottom5_output_sentence1_timbre-gujarati9__2041__source-english584__2197__openvoice_s1.wav,reference_sentence2_gujarati9__2041_s2.wav,no,NA,5588,mshx21dr-ejpalixz,,,,,,,,,,,,,,
8/6/2026,accent_dialect,5d0eecdd348afe00015865aa,openvoice,4,3,timbreRef_vs_sourceRef,bottom5,hindi7__867,english200__667,source_sentence1_english200__667_s1.wav,reference_sentence2_hindi7__867_s2.wav,no,different,1156,mshx2fxn-9ttvrw2q,,,,,,,,,,,,,,
8/6/2026,accent_dialect,6090578fb2299eacaec32b7a,openvoice,1,2,timbreRef_vs_timbreRef,top5,gujarati17__2824,english200__667,reference_sentence1_gujarati17__2824_s1.wav,reference_sentence2_gujarati17__2824_s2.wav,yes,same,803,mshx3z6l-nazevfju,,,,,,,,,,,,,,
8/6/2026,accent_dialect,697cac7d3bedace54477eb48,seed_vc,14,2,timbreRef_vs_timbreRef,bottom5,gujarati4__610,english200__667,reference_sentence1_gujarati4__610_s1.wav,reference_sentence2_gujarati4__610_s2.wav,yes,same,820,mshx1xj2-rwz9u8wm,,,,,,,,,,,,,,
8/6/2026,accent_dialect,66ecded667f721bca7e5609d,openvoice,12,4,output_vs_sourceRef,bottom5,hindi7__867,english200__667,source_sentence1_english200__667_s1.wav,openvoice_bottom5_output_sentence2_timbre-hindi7__867__source-english200__667__openvoice_s2.wav,yes,NA,996,mshx1cdz-fe8mzg47,,,,,,,,,,,,,,
8/6/2026,accent_dialect,5bdf8d7eee652a0001f0999c,seed_vc,6,2,timbreRef_vs_timbreRef,bottom5,hindi26__2354,english584__2197,reference_sentence1_hindi26__2354_s1.wav,reference_sentence2_hindi26__2354_s2.wav,yes,same,2411,mshx2exz-hb5k5jbj,,,,,,,,,,,,,,
8/6/2026,accent_dialect,5c690f6f81d8da000100c78b,openvoice,8,6,sourceRef_vs_sourceRef_cross,NA,NA,english584__2197__vs__english200__667,source_sentence1_english584__2197_s1.wav,source_sentence2_english200__667_s2.wav,yes,same,531,mshx233w-isdpc61p,,,,,,,,,,,,,,
8/6/2026,accent_dialect,6a15d6a799a27da826906cdb,openvoice,3,3,timbreRef_vs_sourceRef,top5,hindi19__2206,english584__2197,reference_sentence1_hindi19__2206_s1.wav,source_sentence2_english584__2197_s2.wav,no,different,920,mshx31ov-4z3uubkh,,,,,,,,,,,,,,
8/6/2026,accent_dialect,6776bf1a71392619a43359d3,seed_vc,7,2,timbreRef_vs_timbreRef,top5,hindi10__1202,english200__667,reference_sentence1_hindi10__1202_s1.wav,reference_sentence2_hindi10__1202_s2.wav,yes,same,802,mshx2duk-nduw1k93,,,,,,,,,,,,,,
8/6/2026,accent_dialect,69dd3ed63fbfe7bbbf3aac15,seed_vc,9,4,output_vs_sourceRef,bottom5,hindi16__1966,english584__2197,seed_vc_bottom5_output_sentence1_timbre-hindi16__1966__source-english584__2197__seed_vc_s1.wav,source_sentence2_english584__2197_s2.wav,yes,NA,1118,mshx2awr-phq5g4iy,,,,,,,,,,,,,,
8/6/2026,accent_dialect,6a14b675ce0a732e504a4221,seed_vc,3,1,output_vs_timbreRef,bottom5,hindi13__1633,english200__667,reference_sentence1_hindi13__1633_s1.wav,seed_vc_bottom5_output_sentence2_timbre-hindi13__1633__source-english200__667__seed_vc_s2.wav,yes,NA,817,mshx1gbb-td592rew,,,,,,,,,,,,,,
8/6/2026,accent_dialect,699292d2b2321f8f920b55dd,openvoice,7,4,output_vs_sourceRef,top5,hindi13__1633,english200__667,openvoice_top5_output_sentence1_timbre-hindi13__1633__source-english200__667__openvoice_s1.wav,source_sentence2_english200__667_s2.wav,no,NA,1572,mshx1u48-slhdj2vr,,,,,,,,,,,,,,
8/6/2026,accent_dialect,662e89416a1d494ac9e84af3,seed_vc,12,3,timbreRef_vs_sourceRef,bottom5,hindi26__2354,english584__2197,source_sentence1_english584__2197_s1.wav,reference_sentence2_hindi26__2354_s2.wav,no,different,1027,mshx1noc-eiuxz5bz,,,,,,,,,,,,,,
8/6/2026,accent_dialect,69e56c8f8677d3d655d61941,openvoice,9,6,sourceRef_vs_sourceRef_cross,NA,NA,english200__667__vs__english584__2197,source_sentence1_english200__667_s1.wav,source_sentence2_english584__2197_s2.wav,yes,same,1944,mshx21dr-ejpalixz,,,,,,,,,,,,,,
8/6/2026,accent_dialect,5f9a0b386a200211eea8e2ed,openvoice,23,4,output_vs_sourceRef,top5,gujarati13__2409,english200__667,openvoice_top5_output_sentence1_timbre-gujarati13__2409__source-english200__667__openvoice_s1.wav,source_sentence2_english200__667_s2.wav,no,NA,962,mshx12l7-4q2zdl3d,,,,,,,,,,,,,,
8/6/2026,accent_dialect,5f23b7f1c920f1000baef3b1,openvoice,11,2,timbreRef_vs_timbreRef,top5,gujarati17__2824,english200__667,reference_sentence1_gujarati17__2824_s1.wav,reference_sentence2_gujarati17__2824_s2.wav,yes,same,933,mshx1j9z-o5ud5lwi,,,,,,,,,,,,,,
8/6/2026,accent_dialect,6a21aceedbb1056fb595bc03,openvoice,2,1,output_vs_timbreRef,top5,gujarati11__2301,english584__2197,reference_sentence1_gujarati11__2301_s1.wav,openvoice_top5_output_sentence2_timbre-gujarati11__2301__source-english584__2197__openvoice_s2.wav,no,NA,739,mshx3m5a-8bmjlj5g,,,,,,,,,,,,,,
8/6/2026,accent_dialect,63614af3f714542282bd139b,openvoice,11,3,timbreRef_vs_sourceRef,top5,gujarati13__2409,english200__667,source_sentence1_english200__667_s1.wav,reference_sentence2_gujarati13__2409_s2.wav,no,different,1007,mshx1g5d-rwgo0ae5,,,,,,,,,,,,,,
8/6/2026,accent_dialect,6090578fb2299eacaec32b7a,openvoice,2,3,timbreRef_vs_sourceRef,bottom5,hindi12__1440,english200__667,source_sentence1_english200__667_s1.wav,reference_sentence2_hindi12__1440_s2.wav,no,different,1579,mshx3z6l-nazevfju,,,,,,,,,,,,,,
8/6/2026,accent_dialect,697cac7d3bedace54477eb48,seed_vc,15,3,timbreRef_vs_sourceRef,top5,hindi2__587,english584__2197,reference_sentence1_hindi2__587_s1.wav,source_sentence2_english584__2197_s2.wav,yes,different,704,mshx1xj2-rwz9u8wm,,,,,,,,,,,,,,
8/6/2026,accent_dialect,6a1367055e82b8a9a60fcfa7,seed_vc,15,3,timbreRef_vs_sourceRef,top5,hindi2__587,english584__2197,source_sentence1_english584__2197_s1.wav,reference_sentence2_hindi2__587_s2.wav,no,different,504,mshx1v8y-latl0nlp,,,,,,,,,,,,,,
8/6/2026,accent_dialect,6a1367055e82b8a9a60fcfa7,seed_vc,16,3,timbreRef_vs_sourceRef,bottom5,hindi16__1966,english584__2197,source_sentence1_english584__2197_s1.wav,reference_sentence2_hindi16__1966_s2.wav,no,different,432,mshx1v8y-latl0nlp,,,,,,,,,,,,,,
8/6/2026,accent_dialect,5c690f6f81d8da000100c78b,openvoice,9,4,output_vs_sourceRef,top5,gujarati13__2409,english200__667,source_sentence1_english200__667_s1.wav,openvoice_top5_output_sentence2_timbre-gujarati13__2409__source-english200__667__openvoice_s2.wav,yes,NA,666,mshx233w-isdpc61p,,,,,,,,,,,,,,
8/6/2026,accent_dialect,676ecc2cdff817e43c22a375,seed_vc,6,4,output_vs_sourceRef,bottom5,hindi26__2354,english584__2197,seed_vc_bottom5_output_sentence1_timbre-hindi26__2354__source-english584__2197__seed_vc_s1.wav,source_sentence2_english584__2197_s2.wav,yes,NA,968,mshx2lnc-1x73r3sk,,,,,,,,,,,,,,
8/6/2026,accent_dialect,5d0eecdd348afe00015865aa,openvoice,5,2,timbreRef_vs_timbreRef,bottom5,gujarati9__2041,english584__2197,reference_sentence1_gujarati9__2041_s1.wav,reference_sentence2_gujarati9__2041_s2.wav,yes,same,811,mshx2fxn-9ttvrw2q,,,,,,,,,,,,,,
8/6/2026,accent_dialect,5c7f489defd9e20015751167,openvoice,14,1,output_vs_timbreRef,top5,gujarati11__2301,english584__2197,reference_sentence1_gujarati11__2301_s1.wav,openvoice_top5_output_sentence2_timbre-gujarati11__2301__source-english584__2197__openvoice_s2.wav,no,NA,1193,mshx1b8o-nzqg5c70,,,,,,,,,,,,,,
8/6/2026,accent_dialect,6a0b794a91737ea5a64687f5,seed_vc,1,1,output_vs_timbreRef,top5,hindi19__2206,english584__2197,seed_vc_top5_output_sentence1_timbre-hindi19__2206__source-english584__2197__seed_vc_s1.wav,reference_sentence2_hindi19__2206_s2.wav,no,NA,733,mshx22pf-os1a4lzd,,,,,,,,,,,,,,
8/6/2026,accent_dialect,6547eba1d8a02576605bcfb2,seed_vc,7,4,output_vs_sourceRef,bottom5,gujarati4__610,english200__667,source_sentence1_english200__667_s1.wav,seed_vc_bottom5_output_sentence2_timbre-gujarati4__610__source-english200__667__seed_vc_s2.wav,yes,NA,1559,mshx1oqt-v9obb1yn,,,,,,,,,,,,,,
8/6/2026,accent_dialect,6a14b675ce0a732e504a4221,seed_vc,4,3,timbreRef_vs_sourceRef,bottom5,hindi16__1966,english584__2197,reference_sentence1_hindi16__1966_s1.wav,source_sentence2_english584__2197_s2.wav,no,different,839,mshx1gbb-td592rew,,,,,,,,,,,,,,
8/6/2026,accent_dialect,67dd4210d92f4c3aac8d944c,openvoice,8,3,timbreRef_vs_sourceRef,bottom5,hindi7__867,english200__667,reference_sentence1_hindi7__867_s1.wav,source_sentence2_english200__667_s2.wav,no,different,828,mshx11x7-5rslmkb7,,,,,,,,,,,,,,
8/6/2026,accent_dialect,662e89416a1d494ac9e84af3,seed_vc,13,1,output_vs_timbreRef,top5,gujarati16__2558,english200__667,reference_sentence1_gujarati16__2558_s1.wav,seed_vc_top5_output_sentence2_timbre-gujarati16__2558__source-english200__667__seed_vc_s2.wav,yes,NA,920,mshx1noc-eiuxz5bz,,,,,,,,,,,,,,
8/6/2026,accent_dialect,6a0e579710108dbe9059ee97,openvoice,1,3,timbreRef_vs_sourceRef,bottom5,gujarati7__1504,english200__667,source_sentence1_english200__667_s1.wav,reference_sentence2_gujarati7__1504_s2.wav,no,different,1159,mshx28gv-dmc7dcfa,,,,,,,,,,,,,,
8/6/2026,accent_dialect,5c690f6f81d8da000100c78b,openvoice,10,2,timbreRef_vs_timbreRef,top5,gujarati13__2409,english200__667,reference_sentence1_gujarati13__2409_s1.wav,reference_sentence2_gujarati13__2409_s2.wav,yes,same,523,mshx233w-isdpc61p,,,,,,,,,,,,,,
8/6/2026,accent_dialect,69fef2baef4c76d1fd6b0db8,openvoice,1,2,timbreRef_vs_timbreRef,bottom5,hindi12__1440,english200__667,reference_sentence1_hindi12__1440_s1.wav,reference_sentence2_hindi12__1440_s2.wav,no,same,796,mshx1bgv-htxpkxbn,,,,,,,,,,,,,,
8/6/2026,accent_dialect,58064d91f25c440001678a10,openvoice,6,2,timbreRef_vs_timbreRef,bottom5,hindi12__1440,english200__667,reference_sentence1_hindi12__1440_s1.wav,reference_sentence2_hindi12__1440_s2.wav,yes,same,1370,mshx1z74-ej5p9mjs,,,,,,,,,,,,,,
8/6/2026,accent_dialect,5d0c10124b68150015fd5bca,seed_vc,7,1,output_vs_timbreRef,bottom5,hindi21__2236,english584__2197,seed_vc_bottom5_output_sentence1_timbre-hindi21__2236__source-english584__2197__seed_vc_s1.wav,reference_sentence2_hindi21__2236_s2.wav,yes,NA,7558,mshx20qr-j6nfdb19,,,,,,,,,,,,,,
8/6/2026,accent_dialect,6a21aceedbb1056fb595bc03,openvoice,4,1,output_vs_timbreRef,top5,gujarati17__2824,english200__667,reference_sentence1_gujarati17__2824_s1.wav,openvoice_top5_output_sentence2_timbre-gujarati17__2824__source-english200__667__openvoice_s2.wav,no,NA,922,mshx3m5a-8bmjlj5g,,,,,,,,,,,,,,
8/6/2026,accent_dialect,6998804cdfd462a8fab9b10f,openvoice,3,1,output_vs_timbreRef,bottom5,gujarati7__1504,english200__667,reference_sentence1_gujarati7__1504_s1.wav,openvoice_bottom5_output_sentence2_timbre-gujarati7__1504__source-english200__667__openvoice_s2.wav,no,NA,1012,mshx38gr-2vxoggk5,,,,,,,,,,,,,,
8/6/2026,accent_dialect,69fcae003b080bd0cacb7412,seed_vc,9,2,timbreRef_vs_timbreRef,top5,hindi2__587,english584__2197,reference_sentence1_hindi2__587_s1.wav,reference_sentence2_hindi2__587_s2.wav,no,same,1249,mshx1u62-fqxouafe,,,,,,,,,,,,,,
8/6/2026,accent_dialect,66bfe5ecc23f1e2109f144d6,seed_vc,10,4,output_vs_sourceRef,bottom5,gujarati4__610,english200__667,seed_vc_bottom5_output_sentence1_timbre-gujarati4__610__source-english200__667__seed_vc_s1.wav,source_sentence2_english200__667_s2.wav,no,NA,3133,mshx1kb9-31qzhrfj,,,,,,,,,,,,,,
8/6/2026,accent_dialect,69fce9e45d612732dd1ae4e2,seed_vc,1,6,sourceRef_vs_sourceRef_cross,NA,NA,english200__667__vs__english584__2197,source_sentence1_english200__667_s1.wav,source_sentence2_english584__2197_s2.wav,yes,same,1028,mshx24wm-9vmufgds,,,,,,,,,,,,,,
8/6/2026,accent_dialect,616b2966d0aee4f9879a656b,seed_vc,14,4,output_vs_sourceRef,bottom5,hindi26__2354,english584__2197,seed_vc_bottom5_output_sentence1_timbre-hindi26__2354__source-english584__2197__seed_vc_s1.wav,source_sentence2_english584__2197_s2.wav,yes,NA,887,mshx22ml-udiw7nts,,,,,,,,,,,,,,
8/6/2026,accent_dialect,69f8501bd7faed68d0b7674d,seed_vc,11,3,timbreRef_vs_sourceRef,bottom5,gujarati4__610,english200__667,reference_sentence1_gujarati4__610_s1.wav,source_sentence2_english200__667_s2.wav,no,different,918,mshx1y1e-i99t9og9,,,,,,,,,,,,,,
8/6/2026,accent_dialect,6a15d6a799a27da826906cdb,openvoice,4,2,timbreRef_vs_timbreRef,bottom5,hindi12__1440,english200__667,reference_sentence1_hindi12__1440_s1.wav,reference_sentence2_hindi12__1440_s2.wav,yes,same,1791,mshx31ov-4z3uubkh,,,,,,,,,,,,,,
8/6/2026,accent_dialect,697cac7d3bedace54477eb48,seed_vc,16,3,timbreRef_vs_sourceRef,top5,hindi10__1202,english200__667,reference_sentence1_hindi10__1202_s1.wav,source_sentence2_english200__667_s2.wav,yes,different,2759,mshx1xj2-rwz9u8wm,,,,,,,,,,,,,,
8/6/2026,accent_dialect,58064d91f25c440001678a10,openvoice,7,3,timbreRef_vs_sourceRef,top5,gujarati17__2824,english200__667,source_sentence1_english200__667_s1.wav,reference_sentence2_gujarati17__2824_s2.wav,no,different,1075,mshx1z74-ej5p9mjs,,,,,,,,,,,,,,
8/6/2026,accent_dialect,67dd4210d92f4c3aac8d944c,openvoice,9,4,output_vs_sourceRef,top5,hindi19__2206,english584__2197,source_sentence1_english584__2197_s1.wav,openvoice_top5_output_sentence2_timbre-hindi19__2206__source-english584__2197__openvoice_s2.wav,no,NA,904,mshx11x7-5rslmkb7,,,,,,,,,,,,,,
8/6/2026,accent_dialect,663170bb631c1b3b21b7828b,openvoice,1,3,timbreRef_vs_sourceRef,bottom5,gujarati8__1678,english200__667,source_sentence1_english200__667_s1.wav,reference_sentence2_gujarati8__1678_s2.wav,yes,different,1317,mshx34w0-idx6h6f2,,,,,,,,,,,,,,
8/6/2026,accent_dialect,699292d2b2321f8f920b55dd,openvoice,9,5,sourceRef_vs_sourceRef,bottom5,gujarati7__1504,english200__667,source_sentence1_english200__667_s1.wav,source_sentence2_english200__667_s2.wav,yes,same,804,mshx1u48-slhdj2vr,,,,,,,,,,,,,,
8/6/2026,accent_dialect,69fcae003b080bd0cacb7412,seed_vc,10,4,output_vs_sourceRef,bottom5,gujarati4__610,english200__667,source_sentence1_english200__667_s1.wav,seed_vc_bottom5_output_sentence2_timbre-gujarati4__610__source-english200__667__seed_vc_s2.wav,yes,NA,1084,mshx1u62-fqxouafe,,,,,,,,,,,,,,
8/6/2026,accent_dialect,69fef2baef4c76d1fd6b0db8,openvoice,2,2,timbreRef_vs_timbreRef,bottom5,hindi7__867,english200__667,reference_sentence1_hindi7__867_s1.wav,reference_sentence2_hindi7__867_s2.wav,no,same,681,mshx1bgv-htxpkxbn,,,,,,,,,,,,,,
8/6/2026,accent_dialect,5f23b7f1c920f1000baef3b1,openvoice,13,4,output_vs_sourceRef,top5,gujarati11__2301,english584__2197,source_sentence1_english584__2197_s1.wav,openvoice_top5_output_sentence2_timbre-gujarati11__2301__source-english584__2197__openvoice_s2.wav,no,NA,1093,mshx1j9z-o5ud5lwi,,,,,,,,,,,,,,
8/6/2026,accent_dialect,65e681c76bbe9d2e2a43faec,openvoice,1,5,sourceRef_vs_sourceRef,bottom5,gujarati7__1504,english200__667,source_sentence1_english200__667_s1.wav,source_sentence2_english200__667_s2.wav,yes,same,1314,mshx341q-rjtxf289,,,,,,,,,,,,,,
8/6/2026,accent_dialect,5d6466d84e9aae0001598a5a,seed_vc,2,3,timbreRef_vs_sourceRef,bottom5,gujarati4__610,english200__667,source_sentence1_english200__667_s1.wav,reference_sentence2_gujarati4__610_s2.wav,no,different,510,mshx2no8-mdjmyj05,,,,,,,,,,,,,,
8/6/2026,accent_dialect,676ecc2cdff817e43c22a375,seed_vc,7,1,output_vs_timbreRef,bottom5,hindi16__1966,english584__2197,reference_sentence1_hindi16__1966_s1.wav,seed_vc_bottom5_output_sentence2_timbre-hindi16__1966__source-english584__2197__seed_vc_s2.wav,yes,NA,1059,mshx2lnc-1x73r3sk,,,,,,,,,,,,,,
8/6/2026,accent_dialect,6a0e579710108dbe9059ee97,openvoice,2,3,timbreRef_vs_sourceRef,top5,gujarati17__2824,english200__667,reference_sentence1_gujarati17__2824_s1.wav,source_sentence2_english200__667_s2.wav,no,different,1102,mshx28gv-dmc7dcfa,,,,,,,,,,,,,,
8/6/2026,accent_dialect,6a21aceedbb1056fb595bc03,openvoice,5,1,output_vs_timbreRef,bottom5,gujarati8__1678,english200__667,reference_sentence1_gujarati8__1678_s1.wav,openvoice_bottom5_output_sentence2_timbre-gujarati8__1678__source-english200__667__openvoice_s2.wav,yes,NA,579,mshx3m5a-8bmjlj5g,,,,,,,,,,,,,,
8/6/2026,accent_dialect,5d0eecdd348afe00015865aa,openvoice,6,1,output_vs_timbreRef,bottom5,gujarati7__1504,english200__667,openvoice_bottom5_output_sentence1_timbre-gujarati7__1504__source-english200__667__openvoice_s1.wav,reference_sentence2_gujarati7__1504_s2.wav,yes,NA,1559,mshx2fxn-9ttvrw2q,,,,,,,,,,,,,,
8/6/2026,accent_dialect,616b2966d0aee4f9879a656b,seed_vc,15,4,output_vs_sourceRef,top5,hindi2__587,english584__2197,seed_vc_top5_output_sentence1_timbre-hindi2__587__source-english584__2197__seed_vc_s1.wav,source_sentence2_english584__2197_s2.wav,yes,NA,631,mshx22ml-udiw7nts,,,,,,,,,,,,,,
8/6/2026,accent_dialect,66ecded667f721bca7e5609d,openvoice,15,4,output_vs_sourceRef,top5,gujarati11__2301,english584__2197,openvoice_top5_output_sentence1_timbre-gujarati11__2301__source-english584__2197__openvoice_s1.wav,source_sentence2_english584__2197_s2.wav,yes,NA,1042,mshx1cdz-fe8mzg47,,,,,,,,,,,,,,
8/6/2026,accent_dialect,698b70d95529cc75f2634783,openvoice,1,2,timbreRef_vs_timbreRef,bottom5,hindi7__867,english200__667,reference_sentence1_hindi7__867_s1.wav,reference_sentence2_hindi7__867_s2.wav,yes,same,1047,mshx1fqp-5zh159ax,,,,,,,,,,,,,,
8/6/2026,accent_dialect,5bdf8d7eee652a0001f0999c,seed_vc,8,2,timbreRef_vs_timbreRef,top5,hindi19__2206,english584__2197,reference_sentence1_hindi19__2206_s1.wav,reference_sentence2_hindi19__2206_s2.wav,yes,same,703,mshx2exz-hb5k5jbj,,,,,,,,,,,,,,
8/6/2026,accent_dialect,69f25a06e6dfc9f5ecaf7b31,seed_vc,5,1,output_vs_timbreRef,top5,hindi10__1202,english200__667,reference_sentence1_hindi10__1202_s1.wav,seed_vc_top5_output_sentence2_timbre-hindi10__1202__source-english200__667__seed_vc_s2.wav,yes,NA,579,mshx1auo-2tp9t4l9,,,,,,,,,,,,,,
8/6/2026,accent_dialect,67713f8437575dd855393a8f,seed_vc,5,4,output_vs_sourceRef,bottom5,gujarati4__610,english200__667,seed_vc_bottom5_output_sentence1_timbre-gujarati4__610__source-english200__667__seed_vc_s1.wav,source_sentence2_english200__667_s2.wav,yes,NA,4340,mshx2db3-vly3jg9t,,,,,,,,,,,,,,
8/6/2026,accent_dialect,55aa9c8dfdf99b634b427b9a,openvoice,11,4,output_vs_sourceRef,bottom5,gujarati9__2041,english584__2197,openvoice_bottom5_output_sentence1_timbre-gujarati9__2041__source-english584__2197__openvoice_s1.wav,source_sentence2_english584__2197_s2.wav,no,NA,845,mshx21h5-or0h8zxy,,,,,,,,,,,,,,
8/6/2026,accent_dialect,663170bb631c1b3b21b7828b,openvoice,2,3,timbreRef_vs_sourceRef,top5,gujarati17__2824,english200__667,reference_sentence1_gujarati17__2824_s1.wav,source_sentence2_english200__667_s2.wav,no,different,927,mshx34w0-idx6h6f2,,,,,,,,,,,,,,
8/6/2026,accent_dialect,69e56c8f8677d3d655d61941,openvoice,11,3,timbreRef_vs_sourceRef,top5,gujarati17__2824,english200__667,source_sentence1_english200__667_s1.wav,reference_sentence2_gujarati17__2824_s2.wav,no,different,1333,mshx21dr-ejpalixz,,,,,,,,,,,,,,
8/6/2026,accent_dialect,5bcc60b95c2b810001dc68e2,seed_vc,13,4,output_vs_sourceRef,bottom5,gujarati4__610,english200__667,source_sentence1_english200__667_s1.wav,seed_vc_bottom5_output_sentence2_timbre-gujarati4__610__source-english200__667__seed_vc_s2.wav,yes,NA,3294,mshx1tkg-nm50v5h1,,,,,,,,,,,,,,
8/6/2026,accent_dialect,6a15a8f478abb7b087750295,openvoice,3,2,timbreRef_vs_timbreRef,top5,gujarati13__2409,english200__667,reference_sentence1_gujarati13__2409_s1.wav,reference_sentence2_gujarati13__2409_s2.wav,yes,same,979,mshx2ras-7m8pgyki,,,,,,,,,,,,,,
8/6/2026,accent_dialect,67ade0c7138bc5e2f5d72575,openvoice,6,2,timbreRef_vs_timbreRef,bottom5,hindi12__1440,english200__667,reference_sentence1_hindi12__1440_s1.wav,reference_sentence2_hindi12__1440_s2.wav,yes,same,1523,mshx2heb-jqjfwsn7,,,,,,,,,,,,,,
8/6/2026,accent_dialect,5f23b7f1c920f1000baef3b1,openvoice,14,1,output_vs_timbreRef,bottom5,gujarati7__1504,english200__667,openvoice_bottom5_output_sentence1_timbre-gujarati7__1504__source-english200__667__openvoice_s1.wav,reference_sentence2_gujarati7__1504_s2.wav,no,NA,2595,mshx1j9z-o5ud5lwi,,,,,,,,,,,,,,
8/6/2026,accent_dialect,699292d2b2321f8f920b55dd,openvoice,10,1,output_vs_timbreRef,top5,hindi13__1633,english200__667,openvoice_top5_output_sentence1_timbre-hindi13__1633__source-english200__667__openvoice_s1.wav,reference_sentence2_hindi13__1633_s2.wav,no,NA,964,mshx1u48-slhdj2vr,,,,,,,,,,,,,,
8/6/2026,accent_dialect,69e5649666d18ba4b364db04,seed_vc,10,4,output_vs_sourceRef,top5,hindi19__2206,english584__2197,source_sentence1_english584__2197_s1.wav,seed_vc_top5_output_sentence2_timbre-hindi19__2206__source-english584__2197__seed_vc_s2.wav,no,NA,4596,mshx1d1v-e1n34r5j,,,,,,,,,,,,,,
8/6/2026,accent_dialect,5f9a0b386a200211eea8e2ed,openvoice,26,2,timbreRef_vs_timbreRef,bottom5,hindi12__1440,english200__667,reference_sentence1_hindi12__1440_s1.wav,reference_sentence2_hindi12__1440_s2.wav,yes,same,1816,mshx12l7-4q2zdl3d,,,,,,,,,,,,,,
8/6/2026,accent_dialect,69d8eab7b04ea057a65bdb4d,seed_vc,7,3,timbreRef_vs_sourceRef,top5,gujarati5__1016,english200__667,source_sentence1_english200__667_s1.wav,reference_sentence2_gujarati5__1016_s2.wav,no,different,728,mshx26fg-o3ecmoil,,,,,,,,,,,,,,
8/6/2026,accent_dialect,6a14b675ce0a732e504a4221,seed_vc,6,1,output_vs_timbreRef,bottom5,gujarati4__610,english200__667,reference_sentence1_gujarati4__610_s1.wav,seed_vc_bottom5_output_sentence2_timbre-gujarati4__610__source-english200__667__seed_vc_s2.wav,no,NA,997,mshx1gbb-td592rew,,,,,,,,,,,,,,
8/6/2026,accent_dialect,67713f8437575dd855393a8f,seed_vc,6,3,timbreRef_vs_sourceRef,top5,gujarati16__2558,english200__667,reference_sentence1_gujarati16__2558_s1.wav,source_sentence2_english200__667_s2.wav,yes,different,1140,mshx2db3-vly3jg9t,,,,,,,,,,,,,,
8/6/2026,accent_dialect,6a0e579710108dbe9059ee97,openvoice,3,5,sourceRef_vs_sourceRef,bottom5,gujarati9__2041,english584__2197,source_sentence1_english584__2197_s1.wav,source_sentence2_english584__2197_s2.wav,yes,same,1165,mshx28gv-dmc7dcfa,,,,,,,,,,,,,,
8/6/2026,accent_dialect,5c690f6f81d8da000100c78b,openvoice,11,5,sourceRef_vs_sourceRef,bottom5,gujarati7__1504,english200__667,source_sentence1_english200__667_s1.wav,source_sentence2_english200__667_s2.wav,yes,same,875,mshx233w-isdpc61p,,,,,,,,,,,,,,
8/6/2026,accent_dialect,6a21aceedbb1056fb595bc03,openvoice,6,4,output_vs_sourceRef,top5,gujarati13__2409,english200__667,source_sentence1_english200__667_s1.wav,openvoice_top5_output_sentence2_timbre-gujarati13__2409__source-english200__667__openvoice_s2.wav,yes,NA,582,mshx3m5a-8bmjlj5g,,,,,,,,,,,,,,
8/6/2026,accent_dialect,63614af3f714542282bd139b,openvoice,14,3,timbreRef_vs_sourceRef,top5,hindi13__1633,english200__667,reference_sentence1_hindi13__1633_s1.wav,source_sentence2_english200__667_s2.wav,no,different,3391,mshx1g5d-rwgo0ae5,,,,,,,,,,,,,,
8/6/2026,accent_dialect,676ecc2cdff817e43c22a375,seed_vc,8,1,output_vs_timbreRef,top5,gujarati16__2558,english200__667,seed_vc_top5_output_sentence1_timbre-gujarati16__2558__source-english200__667__seed_vc_s1.wav,reference_sentence2_gujarati16__2558_s2.wav,no,NA,820,mshx2lnc-1x73r3sk,,,,,,,,,,,,,,
8/6/2026,accent_dialect,6a15d6a799a27da826906cdb,openvoice,6,4,output_vs_sourceRef,top5,hindi19__2206,english584__2197,openvoice_top5_output_sentence1_timbre-hindi19__2206__source-english584__2197__openvoice_s1.wav,source_sentence2_english584__2197_s2.wav,yes,NA,996,mshx31ov-4z3uubkh,,,,,,,,,,,,,,
8/6/2026,accent_dialect,6090578fb2299eacaec32b7a,openvoice,5,4,output_vs_sourceRef,top5,gujarati17__2824,english200__667,openvoice_top5_output_sentence1_timbre-gujarati17__2824__source-english200__667__openvoice_s1.wav,source_sentence2_english200__667_s2.wav,no,NA,768,mshx3z6l-nazevfju,,,,,,,,,,,,,,
8/6/2026,accent_dialect,69dd3ed63fbfe7bbbf3aac15,seed_vc,11,2,timbreRef_vs_timbreRef,top5,hindi10__1202,english200__667,reference_sentence1_hindi10__1202_s1.wav,reference_sentence2_hindi10__1202_s2.wav,yes,same,1177,mshx2awr-phq5g4iy,,,,,,,,,,,,,,
8/6/2026,accent_dialect,6a0e24dc9563561507623d39,seed_vc,14,3,timbreRef_vs_sourceRef,bottom5,hindi21__2236,english584__2197,reference_sentence1_hindi21__2236_s1.wav,source_sentence2_english584__2197_s2.wav,yes,different,2581,mshx1i80-yps2tnia,,,,,,,,,,,,,,
8/6/2026,accent_dialect,5acb7b0ae1099600016acdd6,seed_vc,3,2,timbreRef_vs_timbreRef,top5,gujarati16__2558,english200__667,reference_sentence1_gujarati16__2558_s1.wav,reference_sentence2_gujarati16__2558_s2.wav,no,same,1068,mshx1yj8-t4xm8w61,,,,,,,,,,,,,,
8/6/2026,accent_dialect,697cac7d3bedace54477eb48,seed_vc,18,2,timbreRef_vs_timbreRef,bottom5,hindi16__1966,english584__2197,reference_sentence1_hindi16__1966_s1.wav,reference_sentence2_hindi16__1966_s2.wav,yes,same,761,mshx1xj2-rwz9u8wm,,,,,,,,,,,,,,
8/6/2026,accent_dialect,616b2966d0aee4f9879a656b,seed_vc,16,3,timbreRef_vs_sourceRef,top5,hindi10__1202,english200__667,source_sentence1_english200__667_s1.wav,reference_sentence2_hindi10__1202_s2.wav,yes,different,764,mshx22ml-udiw7nts,,,,,,,,,,,,,,
8/6/2026,accent_dialect,5d0eecdd348afe00015865aa,openvoice,7,2,timbreRef_vs_timbreRef,bottom5,gujarati8__1678,english200__667,reference_sentence1_gujarati8__1678_s1.wav,reference_sentence2_gujarati8__1678_s2.wav,yes,same,855,mshx2fxn-9ttvrw2q,,,,,,,,,,,,,,
8/6/2026,accent_dialect,55aa9c8dfdf99b634b427b9a,openvoice,12,1,output_vs_timbreRef,bottom5,hindi7__867,english200__667,openvoice_bottom5_output_sentence1_timbre-hindi7__867__source-english200__667__openvoice_s1.wav,reference_sentence2_hindi7__867_s2.wav,no,NA,706,mshx21h5-or0h8zxy,,,,,,,,,,,,,,
8/6/2026,accent_dialect,6a1367055e82b8a9a60fcfa7,seed_vc,20,6,sourceRef_vs_sourceRef_cross,NA,NA,english584__2197__vs__english200__667,source_sentence1_english584__2197_s1.wav,source_sentence2_english200__667_s2.wav,no,same,467,mshx1v8y-latl0nlp,,,,,,,,,,,,,,
8/6/2026,accent_dialect,5f23b7f1c920f1000baef3b1,openvoice,15,1,output_vs_timbreRef,top5,gujarati13__2409,english200__667,openvoice_top5_output_sentence1_timbre-gujarati13__2409__source-english200__667__openvoice_s1.wav,reference_sentence2_gujarati13__2409_s2.wav,no,NA,884,mshx1j9z-o5ud5lwi,,,,,,,,,,,,,,
8/6/2026,accent_dialect,69e56c8f8677d3d655d61941,openvoice,12,1,output_vs_timbreRef,bottom5,gujarati7__1504,english200__667,openvoice_bottom5_output_sentence1_timbre-gujarati7__1504__source-english200__667__openvoice_s1.wav,reference_sentence2_gujarati7__1504_s2.wav,no,NA,1124,mshx21dr-ejpalixz,,,,,,,,,,,,,,
8/6/2026,accent_dialect,6a14b675ce0a732e504a4221,seed_vc,7,2,timbreRef_vs_timbreRef,top5,gujarati5__1016,english200__667,reference_sentence1_gujarati5__1016_s1.wav,reference_sentence2_gujarati5__1016_s2.wav,yes,same,1126,mshx1gbb-td592rew,,,,,,,,,,,,,,
8/6/2026,accent_dialect,676ecc2cdff817e43c22a375,seed_vc,9,3,timbreRef_vs_sourceRef,bottom5,hindi26__2354,english584__2197,reference_sentence1_hindi26__2354_s1.wav,source_sentence2_english584__2197_s2.wav,no,different,710,mshx2lnc-1x73r3sk,,,,,,,,,,,,,,
8/6/2026,accent_dialect,6a21aceedbb1056fb595bc03,openvoice,7,4,output_vs_sourceRef,bottom5,gujarati7__1504,english200__667,source_sentence1_english200__667_s1.wav,openvoice_bottom5_output_sentence2_timbre-gujarati7__1504__source-english200__667__openvoice_s2.wav,yes,NA,538,mshx3m5a-8bmjlj5g,,,,,,,,,,,,,,
8/6/2026,accent_dialect,67ade0c7138bc5e2f5d72575,openvoice,7,1,output_vs_timbreRef,bottom5,gujarati7__1504,english200__667,openvoice_bottom5_output_sentence1_timbre-gujarati7__1504__source-english200__667__openvoice_s1.wav,reference_sentence2_gujarati7__1504_s2.wav,no,NA,1111,mshx2heb-jqjfwsn7,,,,,,,,,,,,,,
8/6/2026,accent_dialect,6722ceb13a02b06603b7b285,openvoice,1,1,output_vs_timbreRef,bottom5,gujarati9__2041,english584__2197,openvoice_bottom5_output_sentence1_timbre-gujarati9__2041__source-english584__2197__openvoice_s1.wav,reference_sentence2_gujarati9__2041_s2.wav,no,NA,1620,mshx3lce-xrbvbazi,,,,,,,,,,,,,,
8/6/2026,accent_dialect,58064d91f25c440001678a10,openvoice,9,2,timbreRef_vs_timbreRef,bottom5,gujarati7__1504,english200__667,reference_sentence1_gujarati7__1504_s1.wav,reference_sentence2_gujarati7__1504_s2.wav,yes,same,1499,mshx1z74-ej5p9mjs,,,,,,,,,,,,,,
8/6/2026,accent_dialect,5c690f6f81d8da000100c78b,openvoice,12,2,timbreRef_vs_timbreRef,top5,hindi19__2206,english584__2197,reference_sentence1_hindi19__2206_s1.wav,reference_sentence2_hindi19__2206_s2.wav,yes,same,1035,mshx233w-isdpc61p,,,,,,,,,,,,,,
8/6/2026,accent_dialect,5c7f489defd9e20015751167,openvoice,18,2,timbreRef_vs_timbreRef,bottom5,gujarati7__1504,english200__667,reference_sentence1_gujarati7__1504_s1.wav,reference_sentence2_gujarati7__1504_s2.wav,yes,same,609,mshx1b8o-nzqg5c70,,,,,,,,,,,,,,
8/6/2026,accent_dialect,69dd3ed63fbfe7bbbf3aac15,seed_vc,12,1,output_vs_timbreRef,top5,hindi10__1202,english200__667,reference_sentence1_hindi10__1202_s1.wav,seed_vc_top5_output_sentence2_timbre-hindi10__1202__source-english200__667__seed_vc_s2.wav,yes,NA,1859,mshx2awr-phq5g4iy,,,,,,,,,,,,,,
8/6/2026,accent_dialect,6a0e24dc9563561507623d39,seed_vc,15,2,timbreRef_vs_timbreRef,bottom5,hindi26__2354,english584__2197,reference_sentence1_hindi26__2354_s1.wav,reference_sentence2_hindi26__2354_s2.wav,yes,same,747,mshx1i80-yps2tnia,,,,,,,,,,,,,,
8/6/2026,accent_dialect,697cd118af4b9f1235c8a580,seed_vc,1,1,output_vs_timbreRef,bottom5,hindi21__2236,english584__2197,seed_vc_bottom5_output_sentence1_timbre-hindi21__2236__source-english584__2197__seed_vc_s1.wav,reference_sentence2_hindi21__2236_s2.wav,no,NA,1141,mshx3msc-rihxiywh,,,,,,,,,,,,,,
8/6/2026,accent_dialect,6a0e579710108dbe9059ee97,openvoice,4,4,output_vs_sourceRef,bottom5,hindi12__1440,english200__667,source_sentence1_english200__667_s1.wav,openvoice_bottom5_output_sentence2_timbre-hindi12__1440__source-english200__667__openvoice_s2.wav,yes,NA,3373,mshx28gv-dmc7dcfa,,,,,,,,,,,,,,
8/6/2026,accent_dialect,63614af3f714542282bd139b,openvoice,15,4,output_vs_sourceRef,top5,hindi13__1633,english200__667,openvoice_top5_output_sentence1_timbre-hindi13__1633__source-english200__667__openvoice_s1.wav,source_sentence2_english200__667_s2.wav,yes,NA,1604,mshx1g5d-rwgo0ae5,,,,,,,,,,,,,,
8/6/2026,accent_dialect,5bdf8d7eee652a0001f0999c,seed_vc,9,5,sourceRef_vs_sourceRef,bottom5,hindi16__1966,english584__2197,source_sentence1_english584__2197_s1.wav,source_sentence2_english584__2197_s2.wav,yes,same,7937,mshx2exz-hb5k5jbj,,,,,,,,,,,,,,
8/6/2026,accent_dialect,699292d2b2321f8f920b55dd,openvoice,11,2,timbreRef_vs_timbreRef,bottom5,hindi12__1440,english200__667,reference_sentence1_hindi12__1440_s1.wav,reference_sentence2_hindi12__1440_s2.wav,yes,same,989,mshx1u48-slhdj2vr,,,,,,,,,,,,,,
8/6/2026,accent_dialect,6a21aceedbb1056fb595bc03,openvoice,8,6,sourceRef_vs_sourceRef_cross,NA,NA,english584__2197__vs__english200__667,source_sentence1_english584__2197_s1.wav,source_sentence2_english200__667_s2.wav,yes,same,510,mshx3m5a-8bmjlj5g,,,,,,,,,,,,,,
8/6/2026,accent_dialect,5dceca2541afe801a32e27ac,openvoice,1,2,timbreRef_vs_timbreRef,bottom5,hindi12__1440,english200__667,reference_sentence1_hindi12__1440_s1.wav,reference_sentence2_hindi12__1440_s2.wav,yes,same,1638,mshx1qcv-3rudfu98,,,,,,,,,,,,,,
8/6/2026,accent_dialect,698b70d95529cc75f2634783,openvoice,2,2,timbreRef_vs_timbreRef,bottom5,gujarati7__1504,english200__667,reference_sentence1_gujarati7__1504_s1.wav,reference_sentence2_gujarati7__1504_s2.wav,yes,same,8145,mshx1fqp-5zh159ax,,,,,,,,,,,,,,
8/6/2026,accent_dialect,69fcae003b080bd0cacb7412,seed_vc,11,2,timbreRef_vs_timbreRef,top5,hindi10__1202,english200__667,reference_sentence1_hindi10__1202_s1.wav,reference_sentence2_hindi10__1202_s2.wav,yes,same,2486,mshx1u62-fqxouafe,,,,,,,,,,,,,,
8/6/2026,accent_dialect,69e56c8f8677d3d655d61941,openvoice,13,3,timbreRef_vs_sourceRef,top5,gujarati13__2409,english200__667,source_sentence1_english200__667_s1.wav,reference_sentence2_gujarati13__2409_s2.wav,no,different,828,mshx21dr-ejpalixz,,,,,,,,,,,,,,
8/6/2026,accent_dialect,5d0c10124b68150015fd5bca,seed_vc,10,3,timbreRef_vs_sourceRef,top5,gujarati5__1016,english200__667,reference_sentence1_gujarati5__1016_s1.wav,source_sentence2_english200__667_s2.wav,no,different,988,mshx20qr-j6nfdb19,,,,,,,,,,,,,,
8/6/2026,accent_dialect,55aa9c8dfdf99b634b427b9a,openvoice,13,1,output_vs_timbreRef,top5,hindi13__1633,english200__667,openvoice_top5_output_sentence1_timbre-hindi13__1633__source-english200__667__openvoice_s1.wav,reference_sentence2_hindi13__1633_s2.wav,no,NA,838,mshx21h5-or0h8zxy,,,,,,,,,,,,,,
8/6/2026,accent_dialect,6a15a8f478abb7b087750295,openvoice,5,4,output_vs_sourceRef,bottom5,gujarati9__2041,english584__2197,source_sentence1_english584__2197_s1.wav,openvoice_bottom5_output_sentence2_timbre-gujarati9__2041__source-english584__2197__openvoice_s2.wav,yes,NA,4695,mshx2ras-7m8pgyki,,,,,,,,,,,,,,
8/6/2026,accent_dialect,5d6466d84e9aae0001598a5a,seed_vc,5,3,timbreRef_vs_sourceRef,bottom5,hindi13__1633,english200__667,source_sentence1_english200__667_s1.wav,reference_sentence2_hindi13__1633_s2.wav,no,different,546,mshx2no8-mdjmyj05,,,,,,,,,,,,,,
8/6/2026,accent_dialect,69e8d8794cd2df8c1346c1e3,seed_vc,3,4,output_vs_sourceRef,top5,gujarati16__2558,english200__667,source_sentence1_english200__667_s1.wav,seed_vc_top5_output_sentence2_timbre-gujarati16__2558__source-english200__667__seed_vc_s2.wav,yes,NA,952,mshx2geg-pougg10p,,,,,,,,,,,,,,
8/6/2026,accent_dialect,69e5649666d18ba4b364db04,seed_vc,11,3,timbreRef_vs_sourceRef,bottom5,gujarati4__610,english200__667,source_sentence1_english200__667_s1.wav,reference_sentence2_gujarati4__610_s2.wav,no,different,974,mshx1d1v-e1n34r5j,,,,,,,,,,,,,,
8/6/2026,accent_dialect,697cd118af4b9f1235c8a580,seed_vc,2,4,output_vs_sourceRef,top5,gujarati5__1016,english200__667,seed_vc_top5_output_sentence1_timbre-gujarati5__1016__source-english200__667__seed_vc_s1.wav,source_sentence2_english200__667_s2.wav,yes,NA,825,mshx3msc-rihxiywh,,,,,,,,,,,,,,
8/6/2026,accent_dialect,6a0e24dc9563561507623d39,seed_vc,16,1,output_vs_timbreRef,top5,hindi19__2206,english584__2197,reference_sentence1_hindi19__2206_s1.wav,seed_vc_top5_output_sentence2_timbre-hindi19__2206__source-english584__2197__seed_vc_s2.wav,yes,NA,675,mshx1i80-yps2tnia,,,,,,,,,,,,,,
8/6/2026,accent_dialect,69f25a06e6dfc9f5ecaf7b31,seed_vc,8,2,timbreRef_vs_timbreRef,bottom5,hindi21__2236,english584__2197,reference_sentence1_hindi21__2236_s1.wav,reference_sentence2_hindi21__2236_s2.wav,yes,same,524,mshx1auo-2tp9t4l9,,,,,,,,,,,,,,
8/6/2026,accent_dialect,6998804cdfd462a8fab9b10f,openvoice,7,3,timbreRef_vs_sourceRef,bottom5,gujarati7__1504,english200__667,reference_sentence1_gujarati7__1504_s1.wav,source_sentence2_english200__667_s2.wav,no,different,662,mshx38gr-2vxoggk5,,,,,,,,,,,,,,
8/6/2026,accent_dialect,6a1367055e82b8a9a60fcfa7,seed_vc,21,6,sourceRef_vs_sourceRef_cross,NA,NA,english200__667__vs__english584__2197,source_sentence1_english200__667_s1.wav,source_sentence2_english584__2197_s2.wav,no,same,1056,mshx1v8y-latl0nlp,,,,,,,,,,,,,,
8/6/2026,accent_dialect,5dceca2541afe801a32e27ac,openvoice,2,1,output_vs_timbreRef,top5,gujarati11__2301,english584__2197,openvoice_top5_output_sentence1_timbre-gujarati11__2301__source-english584__2197__openvoice_s1.wav,reference_sentence2_gujarati11__2301_s2.wav,yes,NA,1373,mshx1qcv-3rudfu98,,,,,,,,,,,,,,
8/6/2026,accent_dialect,6a15d6a799a27da826906cdb,openvoice,8,1,output_vs_timbreRef,top5,hindi13__1633,english200__667,reference_sentence1_hindi13__1633_s1.wav,openvoice_top5_output_sentence2_timbre-hindi13__1633__source-english200__667__openvoice_s2.wav,no,NA,1270,mshx31ov-4z3uubkh,,,,,,,,,,,,,,
8/6/2026,accent_dialect,5acb7b0ae1099600016acdd6,seed_vc,5,3,timbreRef_vs_sourceRef,top5,hindi2__587,english584__2197,source_sentence1_english584__2197_s1.wav,reference_sentence2_hindi2__587_s2.wav,no,different,1362,mshx1yj8-t4xm8w61,,,,,,,,,,,,,,
8/6/2026,accent_dialect,6722ceb13a02b06603b7b285,openvoice,2,2,timbreRef_vs_timbreRef,bottom5,hindi12__1440,english200__667,reference_sentence1_hindi12__1440_s1.wav,reference_sentence2_hindi12__1440_s2.wav,yes,same,1380,mshx3lce-xrbvbazi,,,,,,,,,,,,,,
8/6/2026,accent_dialect,6a0e579710108dbe9059ee97,openvoice,5,1,output_vs_timbreRef,top5,hindi19__2206,english584__2197,reference_sentence1_hindi19__2206_s1.wav,openvoice_top5_output_sentence2_timbre-hindi19__2206__source-english584__2197__openvoice_s2.wav,yes,NA,1910,mshx28gv-dmc7dcfa,,,,,,,,,,,,,,
8/6/2026,accent_dialect,63614af3f714542282bd139b,openvoice,16,2,timbreRef_vs_timbreRef,top5,gujarati13__2409,english200__667,reference_sentence1_gujarati13__2409_s1.wav,reference_sentence2_gujarati13__2409_s2.wav,yes,same,2097,mshx1g5d-rwgo0ae5,,,,,,,,,,,,,,
8/6/2026,accent_dialect,69e56c8f8677d3d655d61941,openvoice,14,3,timbreRef_vs_sourceRef,bottom5,hindi12__1440,english200__667,reference_sentence1_hindi12__1440_s1.wav,source_sentence2_english200__667_s2.wav,no,different,969,mshx21dr-ejpalixz,,,,,,,,,,,,,,
8/6/2026,accent_dialect,698b70d95529cc75f2634783,openvoice,3,6,sourceRef_vs_sourceRef_cross,NA,NA,english584__2197__vs__english200__667,source_sentence1_english584__2197_s1.wav,source_sentence2_english200__667_s2.wav,yes,same,829,mshx1fqp-5zh159ax,,,,,,,,,,,,,,
8/6/2026,accent_dialect,662e89416a1d494ac9e84af3,seed_vc,18,1,output_vs_timbreRef,top5,hindi2__587,english584__2197,seed_vc_top5_output_sentence1_timbre-hindi2__587__source-english584__2197__seed_vc_s1.wav,reference_sentence2_hindi2__587_s2.wav,no,NA,1194,mshx1noc-eiuxz5bz,,,,,,,,,,,,,,
8/6/2026,accent_dialect,5d6466d84e9aae0001598a5a,seed_vc,6,3,timbreRef_vs_sourceRef,bottom5,hindi21__2236,english584__2197,reference_sentence1_hindi21__2236_s1.wav,source_sentence2_english584__2197_s2.wav,no,different,425,mshx2no8-mdjmyj05,,,,,,,,,,,,,,
8/6/2026,accent_dialect,55aa9c8dfdf99b634b427b9a,openvoice,14,3,timbreRef_vs_sourceRef,top5,gujarati17__2824,english200__667,source_sentence1_english200__667_s1.wav,reference_sentence2_gujarati17__2824_s2.wav,no,different,757,mshx21h5-or0h8zxy,,,,,,,,,,,,,,
8/6/2026,accent_dialect,663170bb631c1b3b21b7828b,openvoice,4,1,output_vs_timbreRef,top5,hindi19__2206,english584__2197,reference_sentence1_hindi19__2206_s1.wav,openvoice_top5_output_sentence2_timbre-hindi19__2206__source-english584__2197__openvoice_s2.wav,yes,NA,8194,mshx34w0-idx6h6f2,,,,,,,,,,,,,,
8/6/2026,accent_dialect,69e8d8794cd2df8c1346c1e3,seed_vc,4,4,output_vs_sourceRef,top5,hindi10__1202,english200__667,seed_vc_top5_output_sentence1_timbre-hindi10__1202__source-english200__667__seed_vc_s1.wav,source_sentence2_english200__667_s2.wav,yes,NA,987,mshx2geg-pougg10p,,,,,,,,,,,,,,
8/6/2026,accent_dialect,67ade0c7138bc5e2f5d72575,openvoice,9,1,output_vs_timbreRef,bottom5,hindi7__867,english200__667,openvoice_bottom5_output_sentence1_timbre-hindi7__867__source-english200__667__openvoice_s1.wav,reference_sentence2_hindi7__867_s2.wav,no,NA,1141,mshx2heb-jqjfwsn7,,,,,,,,,,,,,,
8/6/2026,accent_dialect,6776bf1a71392619a43359d3,seed_vc,12,2,timbreRef_vs_timbreRef,bottom5,hindi21__2236,english584__2197,reference_sentence1_hindi21__2236_s1.wav,reference_sentence2_hindi21__2236_s2.wav,yes,same,2899,mshx2duk-nduw1k93,,,,,,,,,,,,,,
8/6/2026,accent_dialect,69f2b5f676aaf78f77d69d16,openvoice,9,2,timbreRef_vs_timbreRef,bottom5,gujarati9__2041,english584__2197,reference_sentence1_gujarati9__2041_s1.wav,reference_sentence2_gujarati9__2041_s2.wav,yes,same,1939,mshx1jap-b318jfsn,,,,,,,,,,,,,,
8/6/2026,accent_dialect,6a14824f1c967f6a6916dee7,openvoice,4,4,output_vs_sourceRef,top5,hindi19__2206,english584__2197,source_sentence1_english584__2197_s1.wav,openvoice_top5_output_sentence2_timbre-hindi19__2206__source-english584__2197__openvoice_s2.wav,no,NA,1234,mshx2ok1-wcy4jqsh,,,,,,,,,,,,,,
8/6/2026,accent_dialect,6a0e24dc9563561507623d39,seed_vc,17,4,output_vs_sourceRef,bottom5,hindi21__2236,english584__2197,source_sentence1_english584__2197_s1.wav,seed_vc_bottom5_output_sentence2_timbre-hindi21__2236__source-english584__2197__seed_vc_s2.wav,yes,NA,1047,mshx1i80-yps2tnia,,,,,,,,,,,,,,
8/6/2026,accent_dialect,69e5649666d18ba4b364db04,seed_vc,12,5,sourceRef_vs_sourceRef,bottom5,hindi16__1966,english584__2197,source_sentence1_english584__2197_s1.wav,source_sentence2_english584__2197_s2.wav,yes,same,1762,mshx1d1v-e1n34r5j,,,,,,,,,,,,,,
8/6/2026,accent_dialect,5f23b7f1c920f1000baef3b1,openvoice,18,1,output_vs_timbreRef,bottom5,gujarati8__1678,english200__667,reference_sentence1_gujarati8__1678_s1.wav,openvoice_bottom5_output_sentence2_timbre-gujarati8__1678__source-english200__667__openvoice_s2.wav,yes,NA,950,mshx1j9z-o5ud5lwi,,,,,,,,,,,,,,
8/6/2026,accent_dialect,67dd4210d92f4c3aac8d944c,openvoice,12,1,output_vs_timbreRef,bottom5,gujarati7__1504,english200__667,reference_sentence1_gujarati7__1504_s1.wav,openvoice_bottom5_output_sentence2_timbre-gujarati7__1504__source-english200__667__openvoice_s2.wav,yes,NA,758,mshx11x7-5rslmkb7,,,,,,,,,,,,,,
8/6/2026,accent_dialect,5d0c10124b68150015fd5bca,seed_vc,11,3,timbreRef_vs_sourceRef,bottom5,hindi26__2354,english584__2197,reference_sentence1_hindi26__2354_s1.wav,source_sentence2_english584__2197_s2.wav,no,different,874,mshx20qr-j6nfdb19,,,,,,,,,,,,,,
8/6/2026,accent_dialect,65e681c76bbe9d2e2a43faec,openvoice,5,1,output_vs_timbreRef,top5,hindi19__2206,english584__2197,openvoice_top5_output_sentence1_timbre-hindi19__2206__source-english584__2197__openvoice_s1.wav,reference_sentence2_hindi19__2206_s2.wav,no,NA,2522,mshx341q-rjtxf289,,,,,,,,,,,,,,
8/6/2026,accent_dialect,697cac7d3bedace54477eb48,seed_vc,21,3,timbreRef_vs_sourceRef,top5,gujarati16__2558,english200__667,source_sentence1_english200__667_s1.wav,reference_sentence2_gujarati16__2558_s2.wav,no,different,439,mshx1xj2-rwz9u8wm,,,,,,,,,,,,,,
8/6/2026,accent_dialect,69f25a06e6dfc9f5ecaf7b31,seed_vc,9,1,output_vs_timbreRef,top5,gujarati16__2558,english200__667,seed_vc_top5_output_sentence1_timbre-gujarati16__2558__source-english200__667__seed_vc_s1.wav,reference_sentence2_gujarati16__2558_s2.wav,yes,NA,3581,mshx1auo-2tp9t4l9,,,,,,,,,,,,,,
8/6/2026,accent_dialect,6a0e579710108dbe9059ee97,openvoice,6,1,output_vs_timbreRef,bottom5,hindi7__867,english200__667,reference_sentence1_hindi7__867_s1.wav,openvoice_bottom5_output_sentence2_timbre-hindi7__867__source-english200__667__openvoice_s2.wav,no,NA,985,mshx28gv-dmc7dcfa,,,,,,,,,,,,,,
8/6/2026,accent_dialect,698b70d95529cc75f2634783,openvoice,4,4,output_vs_sourceRef,top5,gujarati11__2301,english584__2197,source_sentence1_english584__2197_s1.wav,openvoice_top5_output_sentence2_timbre-gujarati11__2301__source-english584__2197__openvoice_s2.wav,yes,NA,1108,mshx1fqp-5zh159ax,,,,,,,,,,,,,,
8/6/2026,accent_dialect,699292d2b2321f8f920b55dd,openvoice,13,6,sourceRef_vs_sourceRef_cross,NA,NA,english584__2197__vs__english200__667,source_sentence1_english584__2197_s1.wav,source_sentence2_english200__667_s2.wav,yes,same,2809,mshx1u48-slhdj2vr,,,,,,,,,,,,,,
8/6/2026,accent_dialect,5bdf8d7eee652a0001f0999c,seed_vc,11,4,output_vs_sourceRef,top5,gujarati5__1016,english200__667,seed_vc_top5_output_sentence1_timbre-gujarati5__1016__source-english200__667__seed_vc_s1.wav,source_sentence2_english200__667_s2.wav,no,NA,802,mshx2exz-hb5k5jbj,,,,,,,,,,,,,,
8/6/2026,accent_dialect,55aa9c8dfdf99b634b427b9a,openvoice,15,4,output_vs_sourceRef,top5,hindi13__1633,english200__667,openvoice_top5_output_sentence1_timbre-hindi13__1633__source-english200__667__openvoice_s1.wav,source_sentence2_english200__667_s2.wav,no,NA,790,mshx21h5-or0h8zxy,,,,,,,,,,,,,,
8/6/2026,accent_dialect,69e56c8f8677d3d655d61941,openvoice,15,2,timbreRef_vs_timbreRef,top5,hindi13__1633,english200__667,reference_sentence1_hindi13__1633_s1.wav,reference_sentence2_hindi13__1633_s2.wav,yes,same,875,mshx21dr-ejpalixz,,,,,,,,,,,,,,
8/6/2026,accent_dialect,66ecded667f721bca7e5609d,openvoice,18,4,output_vs_sourceRef,top5,hindi19__2206,english584__2197,openvoice_top5_output_sentence1_timbre-hindi19__2206__source-english584__2197__openvoice_s1.wav,source_sentence2_english584__2197_s2.wav,yes,NA,1181,mshx1cdz-fe8mzg47,,,,,,,,,,,,,,
8/6/2026,accent_dialect,5d0eecdd348afe00015865aa,openvoice,10,6,sourceRef_vs_sourceRef_cross,NA,NA,english200__667__vs__english584__2197,source_sentence1_english200__667_s1.wav,source_sentence2_english584__2197_s2.wav,yes,same,1366,mshx2fxn-9ttvrw2q,,,,,,,,,,,,,,
8/6/2026,accent_dialect,616b2966d0aee4f9879a656b,seed_vc,20,5,sourceRef_vs_sourceRef,bottom5,hindi16__1966,english584__2197,source_sentence1_english584__2197_s1.wav,source_sentence2_english584__2197_s2.wav,yes,same,717,mshx22ml-udiw7nts,,,,,,,,,,,,,,
8/6/2026,accent_dialect,58064d91f25c440001678a10,openvoice,11,1,output_vs_timbreRef,bottom5,gujarati9__2041,english584__2197,openvoice_bottom5_output_sentence1_timbre-gujarati9__2041__source-english584__2197__openvoice_s1.wav,reference_sentence2_gujarati9__2041_s2.wav,no,NA,1638,mshx1z74-ej5p9mjs,,,,,,,,,,,,,,
8/6/2026,accent_dialect,6776bf1a71392619a43359d3,seed_vc,13,1,output_vs_timbreRef,top5,gujarati16__2558,english200__667,seed_vc_top5_output_sentence1_timbre-gujarati16__2558__source-english200__667__seed_vc_s1.wav,reference_sentence2_gujarati16__2558_s2.wav,yes,NA,4266,mshx2duk-nduw1k93,,,,,,,,,,,,,,
8/6/2026,accent_dialect,6a14824f1c967f6a6916dee7,openvoice,5,1,output_vs_timbreRef,top5,hindi13__1633,english200__667,openvoice_top5_output_sentence1_timbre-hindi13__1633__source-english200__667__openvoice_s1.wav,reference_sentence2_hindi13__1633_s2.wav,no,NA,1169,mshx2ok1-wcy4jqsh,,,,,,,,,,,,,,
8/6/2026,accent_dialect,6a0a200efdf95c93dce00159,openvoice,1,6,sourceRef_vs_sourceRef_cross,NA,NA,english584__2197__vs__english200__667,source_sentence1_english584__2197_s1.wav,source_sentence2_english200__667_s2.wav,yes,same,3226,mshx3p6l-pwhomepm,,,,,,,,,,,,,,
8/6/2026,accent_dialect,697cac7d3bedace54477eb48,seed_vc,22,4,output_vs_sourceRef,top5,gujarati5__1016,english200__667,source_sentence1_english200__667_s1.wav,seed_vc_top5_output_sentence2_timbre-gujarati5__1016__source-english200__667__seed_vc_s2.wav,yes,NA,1038,mshx1xj2-rwz9u8wm,,,,,,,,,,,,,,
8/6/2026,accent_dialect,69fcae003b080bd0cacb7412,seed_vc,14,2,timbreRef_vs_timbreRef,bottom5,hindi26__2354,english584__2197,reference_sentence1_hindi26__2354_s1.wav,reference_sentence2_hindi26__2354_s2.wav,yes,same,1125,mshx1u62-fqxouafe,,,,,,,,,,,,,,
8/6/2026,accent_dialect,614dd304ed948bbfe8c22215,seed_vc,2,4,output_vs_sourceRef,top5,hindi10__1202,english200__667,seed_vc_top5_output_sentence1_timbre-hindi10__1202__source-english200__667__seed_vc_s1.wav,source_sentence2_english200__667_s2.wav,yes,NA,1360,mshx50cv-xkdut2r8,,,,,,,,,,,,,,
8/6/2026,accent_dialect,697cd118af4b9f1235c8a580,seed_vc,4,3,timbreRef_vs_sourceRef,bottom5,hindi21__2236,english584__2197,reference_sentence1_hindi21__2236_s1.wav,source_sentence2_english584__2197_s2.wav,no,different,834,mshx3msc-rihxiywh,,,,,,,,,,,,,,
8/6/2026,accent_dialect,69f25a06e6dfc9f5ecaf7b31,seed_vc,10,3,timbreRef_vs_sourceRef,top5,hindi19__2206,english584__2197,source_sentence1_english584__2197_s1.wav,reference_sentence2_hindi19__2206_s2.wav,no,different,484,mshx1auo-2tp9t4l9,,,,,,,,,,,,,,
8/6/2026,accent_dialect,67ade0c7138bc5e2f5d72575,openvoice,10,2,timbreRef_vs_timbreRef,top5,gujarati13__2409,english200__667,reference_sentence1_gujarati13__2409_s1.wav,reference_sentence2_gujarati13__2409_s2.wav,yes,same,1218,mshx2heb-jqjfwsn7,,,,,,,,,,,,,,
8/6/2026,accent_dialect,67dd4210d92f4c3aac8d944c,openvoice,13,1,output_vs_timbreRef,top5,gujarati17__2824,english200__667,openvoice_top5_output_sentence1_timbre-gujarati17__2824__source-english200__667__openvoice_s1.wav,reference_sentence2_gujarati17__2824_s2.wav,yes,NA,996,mshx11x7-5rslmkb7,,,,,,,,,,,,,,
8/6/2026,accent_dialect,65e681c76bbe9d2e2a43faec,openvoice,6,1,output_vs_timbreRef,top5,hindi13__1633,english200__667,reference_sentence1_hindi13__1633_s1.wav,openvoice_top5_output_sentence2_timbre-hindi13__1633__source-english200__667__openvoice_s2.wav,no,NA,1871,mshx341q-rjtxf289,,,,,,,,,,,,,,
8/6/2026,accent_dialect,69f8501bd7faed68d0b7674d,seed_vc,18,1,output_vs_timbreRef,top5,hindi10__1202,english200__667,reference_sentence1_hindi10__1202_s1.wav,seed_vc_top5_output_sentence2_timbre-hindi10__1202__source-english200__667__seed_vc_s2.wav,yes,NA,1066,mshx1y1e-i99t9og9,,,,,,,,,,,,,,
8/6/2026,accent_dialect,6a01252cc7f0d061aff61bf1,openvoice,1,1,output_vs_timbreRef,top5,hindi13__1633,english200__667,openvoice_top5_output_sentence1_timbre-hindi13__1633__source-english200__667__openvoice_s1.wav,reference_sentence2_hindi13__1633_s2.wav,no,NA,1806,mshx1626-8q6oeb6l,,,,,,,,,,,,,,
8/6/2026,accent_dialect,5d6466d84e9aae0001598a5a,seed_vc,8,2,timbreRef_vs_timbreRef,bottom5,hindi16__1966,english584__2197,reference_sentence1_hindi16__1966_s1.wav,reference_sentence2_hindi16__1966_s2.wav,yes,same,746,mshx2no8-mdjmyj05,,,,,,,,,,,,,,
8/6/2026,accent_dialect,5bdf8d7eee652a0001f0999c,seed_vc,12,2,timbreRef_vs_timbreRef,top5,gujarati16__2558,english200__667,reference_sentence1_gujarati16__2558_s1.wav,reference_sentence2_gujarati16__2558_s2.wav,yes,same,941,mshx2exz-hb5k5jbj,,,,,,,,,,,,,,
8/6/2026,accent_dialect,63614af3f714542282bd139b,openvoice,18,6,sourceRef_vs_sourceRef_cross,NA,NA,english584__2197__vs__english200__667,source_sentence1_english584__2197_s1.wav,source_sentence2_english200__667_s2.wav,yes,same,1270,mshx1g5d-rwgo0ae5,,,,,,,,,,,,,,
8/6/2026,accent_dialect,5d0c10124b68150015fd5bca,seed_vc,12,3,timbreRef_vs_sourceRef,top5,hindi2__587,english584__2197,source_sentence1_english584__2197_s1.wav,reference_sentence2_hindi2__587_s2.wav,no,different,1926,mshx20qr-j6nfdb19,,,,,,,,,,,,,,
8/6/2026,accent_dialect,55aa9c8dfdf99b634b427b9a,openvoice,16,4,output_vs_sourceRef,top5,gujarati17__2824,english200__667,openvoice_top5_output_sentence1_timbre-gujarati17__2824__source-english200__667__openvoice_s1.wav,source_sentence2_english200__667_s2.wav,no,NA,711,mshx21h5-or0h8zxy,,,,,,,,,,,,,,
8/6/2026,accent_dialect,5397a6bbfdf99b1ccc3f1219,openvoice,2,6,sourceRef_vs_sourceRef_cross,NA,NA,english200__667__vs__english584__2197,source_sentence1_english200__667_s1.wav,source_sentence2_english584__2197_s2.wav,yes,same,832,mshx231r-mh0agscg,,,,,,,,,,,,,,
8/6/2026,accent_dialect,6a03c72c0c92638f0a23f54a,seed_vc,2,2,timbreRef_vs_timbreRef,bottom5,hindi16__1966,english584__2197,reference_sentence1_hindi16__1966_s1.wav,reference_sentence2_hindi16__1966_s2.wav,yes,same,1019,mshx4f9p-zf5dpeqz,,,,,,,,,,,,,,
8/6/2026,accent_dialect,6a15a8f478abb7b087750295,openvoice,8,2,timbreRef_vs_timbreRef,bottom5,gujarati7__1504,english200__667,reference_sentence1_gujarati7__1504_s1.wav,reference_sentence2_gujarati7__1504_s2.wav,yes,same,641,mshx2ras-7m8pgyki,,,,,,,,,,,,,,
8/6/2026,accent_dialect,58064d91f25c440001678a10,openvoice,12,1,output_vs_timbreRef,bottom5,hindi12__1440,english200__667,reference_sentence1_hindi12__1440_s1.wav,openvoice_bottom5_output_sentence2_timbre-hindi12__1440__source-english200__667__openvoice_s2.wav,no,NA,1637,mshx1z74-ej5p9mjs,,,,,,,,,,,,,,
8/6/2026,accent_dialect,5f9a0b386a200211eea8e2ed,openvoice,31,2,timbreRef_vs_timbreRef,bottom5,gujarati8__1678,english200__667,reference_sentence1_gujarati8__1678_s1.wav,reference_sentence2_gujarati8__1678_s2.wav,yes,same,1601,mshx12l7-4q2zdl3d,,,,,,,,,,,,,,
8/6/2026,accent_dialect,697cac7d3bedace54477eb48,seed_vc,23,4,output_vs_sourceRef,bottom5,hindi13__1633,english200__667,seed_vc_bottom5_output_sentence1_timbre-hindi13__1633__source-english200__667__seed_vc_s1.wav,source_sentence2_english200__667_s2.wav,yes,NA,681,mshx1xj2-rwz9u8wm,,,,,,,,,,,,,,
8/6/2026,accent_dialect,66b123d3c5b7eea8d9120bde,openvoice,2,3,timbreRef_vs_sourceRef,top5,gujarati13__2409,english200__667,reference_sentence1_gujarati13__2409_s1.wav,source_sentence2_english200__667_s2.wav,no,different,2156,mshx2n8g-t70mhgcu,,,,,,,,,,,,,,
8/6/2026,accent_dialect,6090578fb2299eacaec32b7a,openvoice,10,3,timbreRef_vs_sourceRef,bottom5,gujarati8__1678,english200__667,reference_sentence1_gujarati8__1678_s1.wav,source_sentence2_english200__667_s2.wav,no,different,6168,mshx3z6l-nazevfju,,,,,,,,,,,,,,
8/6/2026,accent_dialect,6a01252cc7f0d061aff61bf1,openvoice,2,1,output_vs_timbreRef,bottom5,gujarati7__1504,english200__667,openvoice_bottom5_output_sentence1_timbre-gujarati7__1504__source-english200__667__openvoice_s1.wav,reference_sentence2_gujarati7__1504_s2.wav,no,NA,1480,mshx1626-8q6oeb6l,,,,,,,,,,,,,,
8/6/2026,accent_dialect,69d8eab7b04ea057a65bdb4d,seed_vc,9,2,timbreRef_vs_timbreRef,top5,gujarati16__2558,english200__667,reference_sentence1_gujarati16__2558_s1.wav,reference_sentence2_gujarati16__2558_s2.wav,yes,same,690,mshx26fg-o3ecmoil,,,,,,,,,,,,,,
8/6/2026,accent_dialect,6a0a200efdf95c93dce00159,openvoice,2,2,timbreRef_vs_timbreRef,bottom5,gujarati7__1504,english200__667,reference_sentence1_gujarati7__1504_s1.wav,reference_sentence2_gujarati7__1504_s2.wav,yes,same,2022,mshx3p6l-pwhomepm,,,,,,,,,,,,,,
8/6/2026,accent_dialect,69dd3ed63fbfe7bbbf3aac15,seed_vc,16,6,sourceRef_vs_sourceRef_cross,NA,NA,english200__667__vs__english584__2197,source_sentence1_english200__667_s1.wav,source_sentence2_english584__2197_s2.wav,yes,same,981,mshx2awr-phq5g4iy,,,,,,,,,,,,,,
8/6/2026,accent_dialect,6998804cdfd462a8fab9b10f,openvoice,10,2,timbreRef_vs_timbreRef,top5,gujarati11__2301,english584__2197,reference_sentence1_gujarati11__2301_s1.wav,reference_sentence2_gujarati11__2301_s2.wav,yes,same,2085,mshx38gr-2vxoggk5,,,,,,,,,,,,,,
8/6/2026,accent_dialect,6547eba1d8a02576605bcfb2,seed_vc,13,3,timbreRef_vs_sourceRef,bottom5,hindi26__2354,english584__2197,source_sentence1_english584__2197_s1.wav,reference_sentence2_hindi26__2354_s2.wav,no,different,832,mshx1oqt-v9obb1yn,,,,,,,,,,,,,,
8/6/2026,accent_dialect,5f17553ce0feb10c3dd2b16a,openvoice,3,3,timbreRef_vs_sourceRef,bottom5,hindi7__867,english200__667,source_sentence1_english200__667_s1.wav,reference_sentence2_hindi7__867_s2.wav,no,different,1200,mshx2kqd-tgkfnjto,,,,,,,,,,,,,,
8/6/2026,accent_dialect,676ecc2cdff817e43c22a375,seed_vc,12,4,output_vs_sourceRef,bottom5,hindi21__2236,english584__2197,seed_vc_bottom5_output_sentence1_timbre-hindi21__2236__source-english584__2197__seed_vc_s1.wav,source_sentence2_english584__2197_s2.wav,yes,NA,879,mshx2lnc-1x73r3sk,,,,,,,,,,,,,,
8/6/2026,accent_dialect,5f23b7f1c920f1000baef3b1,openvoice,20,2,timbreRef_vs_timbreRef,bottom5,hindi7__867,english200__667,reference_sentence1_hindi7__867_s1.wav,reference_sentence2_hindi7__867_s2.wav,yes,same,723,mshx1j9z-o5ud5lwi,,,,,,,,,,,,,,
8/6/2026,accent_dialect,699292d2b2321f8f920b55dd,openvoice,15,2,timbreRef_vs_timbreRef,top5,hindi19__2206,english584__2197,reference_sentence1_hindi19__2206_s1.wav,reference_sentence2_hindi19__2206_s2.wav,yes,same,1095,mshx1u48-slhdj2vr,,,,,,,,,,,,,,
8/6/2026,accent_dialect,69fce9e45d612732dd1ae4e2,seed_vc,4,2,timbreRef_vs_timbreRef,top5,gujarati5__1016,english200__667,reference_sentence1_gujarati5__1016_s1.wav,reference_sentence2_gujarati5__1016_s2.wav,yes,same,1069,mshx24wm-9vmufgds,,,,,,,,,,,,,,
8/6/2026,accent_dialect,5d0c10124b68150015fd5bca,seed_vc,13,1,output_vs_timbreRef,top5,hindi10__1202,english200__667,reference_sentence1_hindi10__1202_s1.wav,seed_vc_top5_output_sentence2_timbre-hindi10__1202__source-english200__667__seed_vc_s2.wav,yes,NA,919,mshx20qr-j6nfdb19,,,,,,,,,,,,,,
8/6/2026,accent_dialect,69e5649666d18ba4b364db04,seed_vc,15,2,timbreRef_vs_timbreRef,bottom5,hindi26__2354,english584__2197,reference_sentence1_hindi26__2354_s1.wav,reference_sentence2_hindi26__2354_s2.wav,yes,same,1723,mshx1d1v-e1n34r5j,,,,,,,,,,,,,,
8/6/2026,accent_dialect,6a21aceedbb1056fb595bc03,openvoice,11,1,output_vs_timbreRef,top5,gujarati13__2409,english200__667,reference_sentence1_gujarati13__2409_s1.wav,openvoice_top5_output_sentence2_timbre-gujarati13__2409__source-english200__667__openvoice_s2.wav,no,NA,607,mshx3m5a-8bmjlj5g,,,,,,,,,,,,,,
8/6/2026,accent_dialect,5dceca2541afe801a32e27ac,openvoice,5,3,timbreRef_vs_sourceRef,bottom5,hindi12__1440,english200__667,reference_sentence1_hindi12__1440_s1.wav,source_sentence2_english200__667_s2.wav,no,different,1022,mshx1qcv-3rudfu98,,,,,,,,,,,,,,
8/6/2026,accent_dialect,5d0eecdd348afe00015865aa,openvoice,11,3,timbreRef_vs_sourceRef,top5,hindi19__2206,english584__2197,source_sentence1_english584__2197_s1.wav,reference_sentence2_hindi19__2206_s2.wav,no,different,2536,mshx2fxn-9ttvrw2q,,,,,,,,,,,,,,
8/6/2026,accent_dialect,697cd118af4b9f1235c8a580,seed_vc,5,3,timbreRef_vs_sourceRef,bottom5,hindi16__1966,english584__2197,reference_sentence1_hindi16__1966_s1.wav,source_sentence2_english584__2197_s2.wav,no,different,3221,mshx3msc-rihxiywh,,,,,,,,,,,,,,
8/6/2026,accent_dialect,6547eba1d8a02576605bcfb2,seed_vc,14,2,timbreRef_vs_timbreRef,bottom5,hindi26__2354,english584__2197,reference_sentence1_hindi26__2354_s1.wav,reference_sentence2_hindi26__2354_s2.wav,yes,same,935,mshx1oqt-v9obb1yn,,,,,,,,,,,,,,
8/6/2026,accent_dialect,69e8d8794cd2df8c1346c1e3,seed_vc,7,4,output_vs_sourceRef,top5,gujarati5__1016,english200__667,source_sentence1_english200__667_s1.wav,seed_vc_top5_output_sentence2_timbre-gujarati5__1016__source-english200__667__seed_vc_s2.wav,yes,NA,2374,mshx2geg-pougg10p,,,,,,,,,,,,,,
8/6/2026,accent_dialect,69f25a06e6dfc9f5ecaf7b31,seed_vc,11,6,sourceRef_vs_sourceRef_cross,NA,NA,english584__2197__vs__english200__667,source_sentence1_english584__2197_s1.wav,source_sentence2_english200__667_s2.wav,yes,same,634,mshx1auo-2tp9t4l9,,,,,,,,,,,,,,
8/6/2026,accent_dialect,5397a6bbfdf99b1ccc3f1219,openvoice,3,3,timbreRef_vs_sourceRef,top5,hindi19__2206,english584__2197,source_sentence1_english584__2197_s1.wav,reference_sentence2_hindi19__2206_s2.wav,yes,different,1711,mshx231r-mh0agscg,,,,,,,,,,,,,,
8/6/2026,accent_dialect,69f2b5f676aaf78f77d69d16,openvoice,11,2,timbreRef_vs_timbreRef,top5,gujarati17__2824,english200__667,reference_sentence1_gujarati17__2824_s1.wav,reference_sentence2_gujarati17__2824_s2.wav,yes,same,2438,mshx1jap-b318jfsn,,,,,,,,,,,,,,
8/6/2026,accent_dialect,6a15d6a799a27da826906cdb,openvoice,11,3,timbreRef_vs_sourceRef,bottom5,gujarati7__1504,english200__667,reference_sentence1_gujarati7__1504_s1.wav,source_sentence2_english200__667_s2.wav,no,different,1109,mshx31ov-4z3uubkh,,,,,,,,,,,,,,
8/6/2026,accent_dialect,69fcae003b080bd0cacb7412,seed_vc,16,1,output_vs_timbreRef,top5,gujarati16__2558,english200__667,reference_sentence1_gujarati16__2558_s1.wav,seed_vc_top5_output_sentence2_timbre-gujarati16__2558__source-english200__667__seed_vc_s2.wav,yes,NA,1019,mshx1u62-fqxouafe,,,,,,,,,,,,,,
8/6/2026,accent_dialect,69d8eab7b04ea057a65bdb4d,seed_vc,10,1,output_vs_timbreRef,bottom5,hindi26__2354,english584__2197,reference_sentence1_hindi26__2354_s1.wav,seed_vc_bottom5_output_sentence2_timbre-hindi26__2354__source-english584__2197__seed_vc_s2.wav,yes,NA,568,mshx26fg-o3ecmoil,,,,,,,,,,,,,,
8/6/2026,accent_dialect,58064d91f25c440001678a10,openvoice,13,1,output_vs_timbreRef,bottom5,hindi7__867,english200__667,reference_sentence1_hindi7__867_s1.wav,openvoice_bottom5_output_sentence2_timbre-hindi7__867__source-english200__667__openvoice_s2.wav,no,NA,807,mshx1z74-ej5p9mjs,,,,,,,,,,,,,,
8/6/2026,accent_dialect,5acb7b0ae1099600016acdd6,seed_vc,8,2,timbreRef_vs_timbreRef,top5,hindi2__587,english584__2197,reference_sentence1_hindi2__587_s1.wav,reference_sentence2_hindi2__587_s2.wav,no,same,1096,mshx1yj8-t4xm8w61,,,,,,,,,,,,,,
8/6/2026,accent_dialect,5d6466d84e9aae0001598a5a,seed_vc,10,1,output_vs_timbreRef,bottom5,hindi13__1633,english200__667,reference_sentence1_hindi13__1633_s1.wav,seed_vc_bottom5_output_sentence2_timbre-hindi13__1633__source-english200__667__seed_vc_s2.wav,no,NA,856,mshx2no8-mdjmyj05,,,,,,,,,,,,,,
8/6/2026,accent_dialect,69dd3ed63fbfe7bbbf3aac15,seed_vc,17,5,sourceRef_vs_sourceRef,bottom5,hindi16__1966,english584__2197,source_sentence1_english584__2197_s1.wav,source_sentence2_english584__2197_s2.wav,yes,same,1207,mshx2awr-phq5g4iy,,,,,,,,,,,,,,
8/6/2026,accent_dialect,69e56c8f8677d3d655d61941,openvoice,17,1,output_vs_timbreRef,top5,hindi13__1633,english200__667,reference_sentence1_hindi13__1633_s1.wav,openvoice_top5_output_sentence2_timbre-hindi13__1633__source-english200__667__openvoice_s2.wav,no,NA,4996,mshx21dr-ejpalixz,,,,,,,,,,,,,,
8/6/2026,accent_dialect,6090578fb2299eacaec32b7a,openvoice,11,3,timbreRef_vs_sourceRef,bottom5,hindi7__867,english200__667,reference_sentence1_hindi7__867_s1.wav,source_sentence2_english200__667_s2.wav,no,different,870,mshx3z6l-nazevfju,,,,,,,,,,,,,,
8/6/2026,accent_dialect,66b123d3c5b7eea8d9120bde,openvoice,3,3,timbreRef_vs_sourceRef,bottom5,gujarati7__1504,english200__667,reference_sentence1_gujarati7__1504_s1.wav,source_sentence2_english200__667_s2.wav,no,different,2059,mshx2n8g-t70mhgcu,,,,,,,,,,,,,,
8/6/2026,accent_dialect,65e681c76bbe9d2e2a43faec,openvoice,8,6,sourceRef_vs_sourceRef_cross,NA,NA,english200__667__vs__english584__2197,source_sentence1_english200__667_s1.wav,source_sentence2_english584__2197_s2.wav,yes,same,2116,mshx341q-rjtxf289,,,,,,,,,,,,,,
8/6/2026,accent_dialect,5f17553ce0feb10c3dd2b16a,openvoice,4,4,output_vs_sourceRef,top5,hindi13__1633,english200__667,source_sentence1_english200__667_s1.wav,openvoice_top5_output_sentence2_timbre-hindi13__1633__source-english200__667__openvoice_s2.wav,yes,NA,1751,mshx2kqd-tgkfnjto,,,,,,,,,,,,,,
8/6/2026,accent_dialect,5f9a0b386a200211eea8e2ed,openvoice,33,4,output_vs_sourceRef,bottom5,gujarati8__1678,english200__667,openvoice_bottom5_output_sentence1_timbre-gujarati8__1678__source-english200__667__openvoice_s1.wav,source_sentence2_english200__667_s2.wav,no,NA,1587,mshx12l7-4q2zdl3d,,,,,,,,,,,,,,
8/6/2026,accent_dialect,6a14824f1c967f6a6916dee7,openvoice,7,6,sourceRef_vs_sourceRef_cross,NA,NA,english584__2197__vs__english200__667,source_sentence1_english584__2197_s1.wav,source_sentence2_english200__667_s2.wav,no,same,4068,mshx2ok1-wcy4jqsh,,,,,,,,,,,,,,
8/6/2026,accent_dialect,5dceca2541afe801a32e27ac,openvoice,6,3,timbreRef_vs_sourceRef,top5,gujarati17__2824,english200__667,reference_sentence1_gujarati17__2824_s1.wav,source_sentence2_english200__667_s2.wav,no,different,909,mshx1qcv-3rudfu98,,,,,,,,,,,,,,
8/6/2026,accent_dialect,69f2b5f676aaf78f77d69d16,openvoice,12,4,output_vs_sourceRef,top5,hindi19__2206,english584__2197,source_sentence1_english584__2197_s1.wav,openvoice_top5_output_sentence2_timbre-hindi19__2206__source-english584__2197__openvoice_s2.wav,yes,NA,916,mshx1jap-b318jfsn,,,,,,,,,,,,,,
8/6/2026,accent_dialect,698b70d95529cc75f2634783,openvoice,7,3,timbreRef_vs_sourceRef,bottom5,gujarati7__1504,english200__667,reference_sentence1_gujarati7__1504_s1.wav,source_sentence2_english200__667_s2.wav,no,different,2676,mshx1fqp-5zh159ax,,,,,,,,,,,,,,
8/6/2026,accent_dialect,6a15d6a799a27da826906cdb,openvoice,12,2,timbreRef_vs_timbreRef,bottom5,gujarati8__1678,english200__667,reference_sentence1_gujarati8__1678_s1.wav,reference_sentence2_gujarati8__1678_s2.wav,yes,same,773,mshx31ov-4z3uubkh,,,,,,,,,,,,,,
8/6/2026,accent_dialect,5d0eecdd348afe00015865aa,openvoice,12,1,output_vs_timbreRef,bottom5,gujarati9__2041,english584__2197,reference_sentence1_gujarati9__2041_s1.wav,openvoice_bottom5_output_sentence2_timbre-gujarati9__2041__source-english584__2197__openvoice_s2.wav,no,NA,1085,mshx2fxn-9ttvrw2q,,,,,,,,,,,,,,
8/6/2026,accent_dialect,69e8d8794cd2df8c1346c1e3,seed_vc,8,1,output_vs_timbreRef,bottom5,hindi21__2236,english584__2197,seed_vc_bottom5_output_sentence1_timbre-hindi21__2236__source-english584__2197__seed_vc_s1.wav,reference_sentence2_hindi21__2236_s2.wav,no,NA,1065,mshx2geg-pougg10p,,,,,,,,,,,,,,
8/6/2026,accent_dialect,5acb7b0ae1099600016acdd6,seed_vc,9,1,output_vs_timbreRef,bottom5,hindi13__1633,english200__667,reference_sentence1_hindi13__1633_s1.wav,seed_vc_bottom5_output_sentence2_timbre-hindi13__1633__source-english200__667__seed_vc_s2.wav,no,NA,995,mshx1yj8-t4xm8w61,,,,,,,,,,,,,,
8/6/2026,accent_dialect,5f23b7f1c920f1000baef3b1,openvoice,21,3,timbreRef_vs_sourceRef,bottom5,hindi12__1440,english200__667,reference_sentence1_hindi12__1440_s1.wav,source_sentence2_english200__667_s2.wav,no,different,704,mshx1j9z-o5ud5lwi,,,,,,,,,,,,,,
8/6/2026,accent_dialect,69f25a06e6dfc9f5ecaf7b31,seed_vc,12,2,timbreRef_vs_timbreRef,top5,hindi19__2206,english584__2197,reference_sentence1_hindi19__2206_s1.wav,reference_sentence2_hindi19__2206_s2.wav,yes,same,563,mshx1auo-2tp9t4l9,,,,,,,,,,,,,,
8/6/2026,accent_dialect,6a14b675ce0a732e504a4221,seed_vc,10,2,timbreRef_vs_timbreRef,top5,hindi10__1202,english200__667,reference_sentence1_hindi10__1202_s1.wav,reference_sentence2_hindi10__1202_s2.wav,yes,same,887,mshx1gbb-td592rew,,,,,,,,,,,,,,
8/6/2026,accent_dialect,5bcc60b95c2b810001dc68e2,seed_vc,15,3,timbreRef_vs_sourceRef,bottom5,gujarati4__610,english200__667,reference_sentence1_gujarati4__610_s1.wav,source_sentence2_english200__667_s2.wav,no,different,1957,mshx1tkg-nm50v5h1,,,,,,,,,,,,,,
8/6/2026,accent_dialect,616b2966d0aee4f9879a656b,seed_vc,22,2,timbreRef_vs_timbreRef,bottom5,hindi16__1966,english584__2197,reference_sentence1_hindi16__1966_s1.wav,reference_sentence2_hindi16__1966_s2.wav,yes,same,920,mshx22ml-udiw7nts,,,,,,,,,,,,,,
8/6/2026,accent_dialect,6998804cdfd462a8fab9b10f,openvoice,11,1,output_vs_timbreRef,top5,hindi13__1633,english200__667,openvoice_top5_output_sentence1_timbre-hindi13__1633__source-english200__667__openvoice_s1.wav,reference_sentence2_hindi13__1633_s2.wav,no,NA,791,mshx38gr-2vxoggk5,,,,,,,,,,,,,,
8/6/2026,accent_dialect,66bfe5ecc23f1e2109f144d6,seed_vc,18,3,timbreRef_vs_sourceRef,top5,gujarati16__2558,english200__667,reference_sentence1_gujarati16__2558_s1.wav,source_sentence2_english200__667_s2.wav,no,different,9588,mshx1kb9-31qzhrfj,,,,,,,,,,,,,,
8/6/2026,accent_dialect,6776bf1a71392619a43359d3,seed_vc,16,5,sourceRef_vs_sourceRef,bottom5,hindi16__1966,english584__2197,source_sentence1_english584__2197_s1.wav,source_sentence2_english584__2197_s2.wav,yes,same,763,mshx2duk-nduw1k93,,,,,,,,,,,,,,
8/6/2026,accent_dialect,5f9a0b386a200211eea8e2ed,openvoice,32,2,timbreRef_vs_timbreRef,top5,hindi13__1633,english200__667,reference_sentence1_hindi13__1633_s1.wav,reference_sentence2_hindi13__1633_s2.wav,yes,same,836,mshx12l7-4q2zdl3d,,,,,,,,,,,,,,
8/6/2026,accent_dialect,6a01252cc7f0d061aff61bf1,openvoice,4,1,output_vs_timbreRef,bottom5,gujarati9__2041,english584__2197,reference_sentence1_gujarati9__2041_s1.wav,openvoice_bottom5_output_sentence2_timbre-gujarati9__2041__source-english584__2197__openvoice_s2.wav,no,NA,1370,mshx1626-8q6oeb6l,,,,,,,,,,,,,,
8/6/2026,accent_dialect,697cac7d3bedace54477eb48,seed_vc,25,2,timbreRef_vs_timbreRef,bottom5,hindi26__2354,english584__2197,reference_sentence1_hindi26__2354_s1.wav,reference_sentence2_hindi26__2354_s2.wav,yes,same,614,mshx1xj2-rwz9u8wm,,,,,,,,,,,,,,
8/6/2026,accent_dialect,5bdf8d7eee652a0001f0999c,seed_vc,14,3,timbreRef_vs_sourceRef,bottom5,hindi16__1966,english584__2197,source_sentence1_english584__2197_s1.wav,reference_sentence2_hindi16__1966_s2.wav,no,different,822,mshx2exz-hb5k5jbj,,,,,,,,,,,,,,
8/6/2026,accent_dialect,6547eba1d8a02576605bcfb2,seed_vc,15,2,timbreRef_vs_timbreRef,top5,hindi10__1202,english200__667,reference_sentence1_hindi10__1202_s1.wav,reference_sentence2_hindi10__1202_s2.wav,yes,same,838,mshx1oqt-v9obb1yn,,,,,,,,,,,,,,
8/6/2026,accent_dialect,6a01252cc7f0d061aff61bf1,openvoice,3,4,output_vs_sourceRef,bottom5,hindi7__867,english200__667,source_sentence1_english200__667_s1.wav,openvoice_bottom5_output_sentence2_timbre-hindi7__867__source-english200__667__openvoice_s2.wav,no,NA,1234,mshx1626-8q6oeb6l,,,,,,,,,,,,,,
8/6/2026,accent_dialect,69fcae003b080bd0cacb7412,seed_vc,17,4,output_vs_sourceRef,top5,hindi19__2206,english584__2197,source_sentence1_english584__2197_s1.wav,seed_vc_top5_output_sentence2_timbre-hindi19__2206__source-english584__2197__seed_vc_s2.wav,yes,NA,3562,mshx1u62-fqxouafe,,,,,,,,,,,,,,
8/6/2026,accent_dialect,697cd118af4b9f1235c8a580,seed_vc,7,3,timbreRef_vs_sourceRef,top5,hindi2__587,english584__2197,reference_sentence1_hindi2__587_s1.wav,source_sentence2_english584__2197_s2.wav,no,different,1364,mshx3msc-rihxiywh,,,,,,,,,,,,,,
8/6/2026,accent_dialect,698b70d95529cc75f2634783,openvoice,8,4,output_vs_sourceRef,bottom5,hindi7__867,english200__667,openvoice_bottom5_output_sentence1_timbre-hindi7__867__source-english200__667__openvoice_s1.wav,source_sentence2_english200__667_s2.wav,yes,NA,1372,mshx1fqp-5zh159ax,,,,,,,,,,,,,,
8/6/2026,accent_dialect,5c7f489defd9e20015751167,openvoice,25,1,output_vs_timbreRef,bottom5,gujarati7__1504,english200__667,reference_sentence1_gujarati7__1504_s1.wav,openvoice_bottom5_output_sentence2_timbre-gujarati7__1504__source-english200__667__openvoice_s2.wav,no,NA,533,mshx1b8o-nzqg5c70,,,,,,,,,,,,,,
8/6/2026,accent_dialect,69e5649666d18ba4b364db04,seed_vc,16,2,timbreRef_vs_timbreRef,top5,gujarati16__2558,english200__667,reference_sentence1_gujarati16__2558_s1.wav,reference_sentence2_gujarati16__2558_s2.wav,yes,same,1581,mshx1d1v-e1n34r5j,,,,,,,,,,,,,,
8/6/2026,accent_dialect,6a0e24dc9563561507623d39,seed_vc,22,1,output_vs_timbreRef,top5,hindi10__1202,english200__667,reference_sentence1_hindi10__1202_s1.wav,seed_vc_top5_output_sentence2_timbre-hindi10__1202__source-english200__667__seed_vc_s2.wav,yes,NA,933,mshx1i80-yps2tnia,,,,,,,,,,,,,,
8/6/2026,accent_dialect,6a14824f1c967f6a6916dee7,openvoice,8,1,output_vs_timbreRef,bottom5,gujarati7__1504,english200__667,openvoice_bottom5_output_sentence1_timbre-gujarati7__1504__source-english200__667__openvoice_s1.wav,reference_sentence2_gujarati7__1504_s2.wav,yes,NA,2636,mshx2ok1-wcy4jqsh,,,,,,,,,,,,,,
8/6/2026,accent_dialect,69d8eab7b04ea057a65bdb4d,seed_vc,11,1,output_vs_timbreRef,bottom5,hindi13__1633,english200__667,reference_sentence1_hindi13__1633_s1.wav,seed_vc_bottom5_output_sentence2_timbre-hindi13__1633__source-english200__667__seed_vc_s2.wav,no,NA,1135,mshx26fg-o3ecmoil,,,,,,,,,,,,,,
8/6/2026,accent_dialect,6547eba1d8a02576605bcfb2,seed_vc,16,1,output_vs_timbreRef,top5,hindi10__1202,english200__667,seed_vc_top5_output_sentence1_timbre-hindi10__1202__source-english200__667__seed_vc_s1.wav,reference_sentence2_hindi10__1202_s2.wav,yes,NA,1221,mshx1oqt-v9obb1yn,,,,,,,,,,,,,,
8/6/2026,accent_dialect,69e5649666d18ba4b364db04,seed_vc,17,4,output_vs_sourceRef,bottom5,hindi16__1966,english584__2197,source_sentence1_english584__2197_s1.wav,seed_vc_bottom5_output_sentence2_timbre-hindi16__1966__source-english584__2197__seed_vc_s2.wav,no,NA,2258,mshx1d1v-e1n34r5j,,,,,,,,,,,,,,
8/6/2026,accent_dialect,58064d91f25c440001678a10,openvoice,15,3,timbreRef_vs_sourceRef,bottom5,gujarati8__1678,english200__667,source_sentence1_english200__667_s1.wav,reference_sentence2_gujarati8__1678_s2.wav,yes,different,2101,mshx1z74-ej5p9mjs,,,,,,,,,,,,,,
8/6/2026,accent_dialect,69f8501bd7faed68d0b7674d,seed_vc,21,4,output_vs_sourceRef,bottom5,gujarati4__610,english200__667,source_sentence1_english200__667_s1.wav,seed_vc_bottom5_output_sentence2_timbre-gujarati4__610__source-english200__667__seed_vc_s2.wav,no,NA,1426,mshx1y1e-i99t9og9,,,,,,,,,,,,,,
8/6/2026,accent_dialect,6a0a200efdf95c93dce00159,openvoice,5,1,output_vs_timbreRef,top5,hindi19__2206,english584__2197,openvoice_top5_output_sentence1_timbre-hindi19__2206__source-english584__2197__openvoice_s1.wav,reference_sentence2_hindi19__2206_s2.wav,no,NA,1612,mshx3p6l-pwhomepm,,,,,,,,,,,,,,
8/6/2026,accent_dialect,66bfe5ecc23f1e2109f144d6,seed_vc,19,4,output_vs_sourceRef,bottom5,hindi13__1633,english200__667,seed_vc_bottom5_output_sentence1_timbre-hindi13__1633__source-english200__667__seed_vc_s1.wav,source_sentence2_english200__667_s2.wav,no,NA,3863,mshx1kb9-31qzhrfj,,,,,,,,,,,,,,
8/6/2026,accent_dialect,662e89416a1d494ac9e84af3,seed_vc,23,2,timbreRef_vs_timbreRef,top5,gujarati16__2558,english200__667,reference_sentence1_gujarati16__2558_s1.wav,reference_sentence2_gujarati16__2558_s2.wav,yes,same,1242,mshx1noc-eiuxz5bz,,,,,,,,,,,,,,
8/6/2026,accent_dialect,67713f8437575dd855393a8f,seed_vc,13,3,timbreRef_vs_sourceRef,bottom5,hindi16__1966,english584__2197,reference_sentence1_hindi16__1966_s1.wav,source_sentence2_english584__2197_s2.wav,no,different,789,mshx2db3-vly3jg9t,,,,,,,,,,,,,,
8/6/2026,accent_dialect,6a21aceedbb1056fb595bc03,openvoice,14,3,timbreRef_vs_sourceRef,top5,gujarati11__2301,english584__2197,source_sentence1_english584__2197_s1.wav,reference_sentence2_gujarati11__2301_s2.wav,no,different,576,mshx3m5a-8bmjlj5g,,,,,,,,,,,,,,
8/6/2026,accent_dialect,5d6466d84e9aae0001598a5a,seed_vc,12,3,timbreRef_vs_sourceRef,top5,hindi10__1202,english200__667,source_sentence1_english200__667_s1.wav,reference_sentence2_hindi10__1202_s2.wav,yes,different,734,mshx2no8-mdjmyj05,,,,,,,,,,,,,,
8/6/2026,accent_dialect,699292d2b2321f8f920b55dd,openvoice,18,2,timbreRef_vs_timbreRef,bottom5,gujarati8__1678,english200__667,reference_sentence1_gujarati8__1678_s1.wav,reference_sentence2_gujarati8__1678_s2.wav,yes,same,821,mshx1u48-slhdj2vr,,,,,,,,,,,,,,
8/6/2026,accent_dialect,6a01252cc7f0d061aff61bf1,openvoice,5,2,timbreRef_vs_timbreRef,bottom5,hindi7__867,english200__667,reference_sentence1_hindi7__867_s1.wav,reference_sentence2_hindi7__867_s2.wav,no,same,1081,mshx1626-8q6oeb6l,,,,,,,,,,,,,,
8/6/2026,accent_dialect,5c7f489defd9e20015751167,openvoice,26,1,output_vs_timbreRef,bottom5,hindi12__1440,english200__667,openvoice_bottom5_output_sentence1_timbre-hindi12__1440__source-english200__667__openvoice_s1.wav,reference_sentence2_hindi12__1440_s2.wav,no,NA,1271,mshx1b8o-nzqg5c70,,,,,,,,,,,,,,
8/6/2026,accent_dialect,69fcae003b080bd0cacb7412,seed_vc,18,2,timbreRef_vs_timbreRef,top5,gujarati16__2558,english200__667,reference_sentence1_gujarati16__2558_s1.wav,reference_sentence2_gujarati16__2558_s2.wav,no,same,1032,mshx1u62-fqxouafe,,,,,,,,,,,,,,
8/6/2026,accent_dialect,69fce9e45d612732dd1ae4e2,seed_vc,7,6,sourceRef_vs_sourceRef_cross,NA,NA,english584__2197__vs__english200__667,source_sentence1_english584__2197_s1.wav,source_sentence2_english200__667_s2.wav,yes,same,917,mshx24wm-9vmufgds,,,,,,,,,,,,,,
8/6/2026,accent_dialect,5d0eecdd348afe00015865aa,openvoice,14,5,sourceRef_vs_sourceRef,bottom5,gujarati9__2041,english584__2197,source_sentence1_english584__2197_s1.wav,source_sentence2_english584__2197_s2.wav,yes,same,1158,mshx2fxn-9ttvrw2q,,,,,,,,,,,,,,
8/6/2026,accent_dialect,663170bb631c1b3b21b7828b,openvoice,10,3,timbreRef_vs_sourceRef,top5,hindi19__2206,english584__2197,source_sentence1_english584__2197_s1.wav,reference_sentence2_hindi19__2206_s2.wav,no,different,1365,mshx34w0-idx6h6f2,,,,,,,,,,,,,,
8/6/2026,accent_dialect,5397a6bbfdf99b1ccc3f1219,openvoice,6,1,output_vs_timbreRef,top5,hindi13__1633,english200__667,openvoice_top5_output_sentence1_timbre-hindi13__1633__source-english200__667__openvoice_s1.wav,reference_sentence2_hindi13__1633_s2.wav,no,NA,737,mshx231r-mh0agscg,,,,,,,,,,,,,,
8/6/2026,accent_dialect,5f17553ce0feb10c3dd2b16a,openvoice,6,2,timbreRef_vs_timbreRef,bottom5,hindi12__1440,english200__667,reference_sentence1_hindi12__1440_s1.wav,reference_sentence2_hindi12__1440_s2.wav,yes,same,1507,mshx2kqd-tgkfnjto,,,,,,,,,,,,,,
8/6/2026,accent_dialect,6a14824f1c967f6a6916dee7,openvoice,9,4,output_vs_sourceRef,top5,gujarati13__2409,english200__667,openvoice_top5_output_sentence1_timbre-gujarati13__2409__source-english200__667__openvoice_s1.wav,source_sentence2_english200__667_s2.wav,no,NA,791,mshx2ok1-wcy4jqsh,,,,,,,,,,,,,,
8/6/2026,accent_dialect,698b70d95529cc75f2634783,openvoice,9,2,timbreRef_vs_timbreRef,top5,hindi13__1633,english200__667,reference_sentence1_hindi13__1633_s1.wav,reference_sentence2_hindi13__1633_s2.wav,yes,same,801,mshx1fqp-5zh159ax,,,,,,,,,,,,,,
8/6/2026,accent_dialect,5d0c10124b68150015fd5bca,seed_vc,15,3,timbreRef_vs_sourceRef,bottom5,gujarati4__610,english200__667,source_sentence1_english200__667_s1.wav,reference_sentence2_gujarati4__610_s2.wav,no,different,997,mshx20qr-j6nfdb19,,,,,,,,,,,,,,
8/6/2026,accent_dialect,6090578fb2299eacaec32b7a,openvoice,14,3,timbreRef_vs_sourceRef,top5,gujarati13__2409,english200__667,reference_sentence1_gujarati13__2409_s1.wav,source_sentence2_english200__667_s2.wav,no,different,546,mshx3z6l-nazevfju,,,,,,,,,,,,,,
8/6/2026,accent_dialect,66bfe5ecc23f1e2109f144d6,seed_vc,20,1,output_vs_timbreRef,bottom5,hindi26__2354,english584__2197,reference_sentence1_hindi26__2354_s1.wav,seed_vc_bottom5_output_sentence2_timbre-hindi26__2354__source-english584__2197__seed_vc_s2.wav,no,NA,1221,mshx1kb9-31qzhrfj,,,,,,,,,,,,,,
8/6/2026,accent_dialect,69e5649666d18ba4b364db04,seed_vc,18,4,output_vs_sourceRef,bottom5,gujarati4__610,english200__667,source_sentence1_english200__667_s1.wav,seed_vc_bottom5_output_sentence2_timbre-gujarati4__610__source-english200__667__seed_vc_s2.wav,no,NA,3387,mshx1d1v-e1n34r5j,,,,,,,,,,,,,,
8/6/2026,accent_dialect,6a21aceedbb1056fb595bc03,openvoice,15,4,output_vs_sourceRef,top5,gujarati17__2824,english200__667,openvoice_top5_output_sentence1_timbre-gujarati17__2824__source-english200__667__openvoice_s1.wav,source_sentence2_english200__667_s2.wav,no,NA,486,mshx3m5a-8bmjlj5g,,,,,,,,,,,,,,
8/6/2026,accent_dialect,67ade0c7138bc5e2f5d72575,openvoice,13,2,timbreRef_vs_timbreRef,top5,gujarati11__2301,english584__2197,reference_sentence1_gujarati11__2301_s1.wav,reference_sentence2_gujarati11__2301_s2.wav,yes,same,1799,mshx2heb-jqjfwsn7,,,,,,,,,,,,,,
8/6/2026,accent_dialect,697cac7d3bedace54477eb48,seed_vc,27,6,sourceRef_vs_sourceRef_cross,NA,NA,english584__2197__vs__english200__667,source_sentence1_english584__2197_s1.wav,source_sentence2_english200__667_s2.wav,yes,same,1965,mshx1xj2-rwz9u8wm,,,,,,,,,,,,,,
8/6/2026,accent_dialect,5f9a0b386a200211eea8e2ed,openvoice,36,1,output_vs_timbreRef,bottom5,gujarati7__1504,english200__667,reference_sentence1_gujarati7__1504_s1.wav,openvoice_bottom5_output_sentence2_timbre-gujarati7__1504__source-english200__667__openvoice_s2.wav,yes,NA,640,mshx12l7-4q2zdl3d,,,,,,,,,,,,,,
8/6/2026,accent_dialect,699292d2b2321f8f920b55dd,openvoice,19,4,output_vs_sourceRef,bottom5,hindi12__1440,english200__667,openvoice_bottom5_output_sentence1_timbre-hindi12__1440__source-english200__667__openvoice_s1.wav,source_sentence2_english200__667_s2.wav,no,NA,984,mshx1u48-slhdj2vr,,,,,,,,,,,,,,
8/6/2026,accent_dialect,5d0c10124b68150015fd5bca,seed_vc,16,5,sourceRef_vs_sourceRef,bottom5,hindi16__1966,english584__2197,source_sentence1_english584__2197_s1.wav,source_sentence2_english584__2197_s2.wav,yes,same,812,mshx20qr-j6nfdb19,,,,,,,,,,,,,,
8/6/2026,accent_dialect,6a0b794a91737ea5a64687f5,seed_vc,4,6,sourceRef_vs_sourceRef_cross,NA,NA,english584__2197__vs__english200__667,source_sentence1_english584__2197_s1.wav,source_sentence2_english200__667_s2.wav,no,same,71554,mshx22pf-os1a4lzd,,,,,,,,,,,,,,
8/6/2026,accent_dialect,58064d91f25c440001678a10,openvoice,16,3,timbreRef_vs_sourceRef,bottom5,hindi7__867,english200__667,reference_sentence1_hindi7__867_s1.wav,source_sentence2_english200__667_s2.wav,no,different,880,mshx1z74-ej5p9mjs,,,,,,,,,,,,,,
8/6/2026,accent_dialect,63614af3f714542282bd139b,openvoice,21,3,timbreRef_vs_sourceRef,top5,gujarati11__2301,english584__2197,source_sentence1_english584__2197_s1.wav,reference_sentence2_gujarati11__2301_s2.wav,no,different,2155,mshx1g5d-rwgo0ae5,,,,,,,,,,,,,,
8/6/2026,accent_dialect,66ecded667f721bca7e5609d,openvoice,24,1,output_vs_timbreRef,top5,gujarati17__2824,english200__667,openvoice_top5_output_sentence1_timbre-gujarati17__2824__source-english200__667__openvoice_s1.wav,reference_sentence2_gujarati17__2824_s2.wav,no,NA,1576,mshx1cdz-fe8mzg47,,,,,,,,,,,,,,
8/6/2026,accent_dialect,6a15d6a799a27da826906cdb,openvoice,15,1,output_vs_timbreRef,top5,gujarati17__2824,english200__667,openvoice_top5_output_sentence1_timbre-gujarati17__2824__source-english200__667__openvoice_s1.wav,reference_sentence2_gujarati17__2824_s2.wav,yes,NA,1505,mshx31ov-4z3uubkh,,,,,,,,,,,,,,
8/6/2026,accent_dialect,662e89416a1d494ac9e84af3,seed_vc,24,4,output_vs_sourceRef,top5,hindi2__587,english584__2197,source_sentence1_english584__2197_s1.wav,seed_vc_top5_output_sentence2_timbre-hindi2__587__source-english584__2197__seed_vc_s2.wav,no,NA,1552,mshx1noc-eiuxz5bz,,,,,,,,,,,,,,
8/6/2026,accent_dialect,69d59bb26cbbb9ca14a5eb04,seed_vc,2,3,timbreRef_vs_sourceRef,top5,hindi10__1202,english200__667,reference_sentence1_hindi10__1202_s1.wav,source_sentence2_english200__667_s2.wav,yes,different,2661,mshx469a-p5k8oz6g,,,,,,,,,,,,,,
8/6/2026,accent_dialect,697cd118af4b9f1235c8a580,seed_vc,9,3,timbreRef_vs_sourceRef,top5,gujarati16__2558,english200__667,reference_sentence1_gujarati16__2558_s1.wav,source_sentence2_english200__667_s2.wav,yes,different,966,mshx3msc-rihxiywh,,,,,,,,,,,,,,
8/6/2026,accent_dialect,6a0e24dc9563561507623d39,seed_vc,24,2,timbreRef_vs_timbreRef,bottom5,hindi21__2236,english584__2197,reference_sentence1_hindi21__2236_s1.wav,reference_sentence2_hindi21__2236_s2.wav,yes,same,771,mshx1i80-yps2tnia,,,,,,,,,,,,,,
8/6/2026,accent_dialect,5c7f489defd9e20015751167,openvoice,27,3,timbreRef_vs_sourceRef,bottom5,hindi7__867,english200__667,source_sentence1_english200__667_s1.wav,reference_sentence2_hindi7__867_s2.wav,no,different,505,mshx1b8o-nzqg5c70,,,,,,,,,,,,,,
8/6/2026,accent_dialect,5f23b7f1c920f1000baef3b1,openvoice,24,5,sourceRef_vs_sourceRef,bottom5,gujarati9__2041,english584__2197,source_sentence1_english584__2197_s1.wav,source_sentence2_english584__2197_s2.wav,yes,same,866,mshx1j9z-o5ud5lwi,,,,,,,,,,,,,,
8/6/2026,accent_dialect,5815767b0643a600016f0e72,seed_vc,4,3,timbreRef_vs_sourceRef,top5,hindi10__1202,english200__667,reference_sentence1_hindi10__1202_s1.wav,source_sentence2_english200__667_s2.wav,yes,different,3664,mshx355u-4kooh4lp,,,,,,,,,,,,,,
8/6/2026,accent_dialect,69f25a06e6dfc9f5ecaf7b31,seed_vc,15,4,output_vs_sourceRef,bottom5,hindi16__1966,english584__2197,seed_vc_bottom5_output_sentence1_timbre-hindi16__1966__source-english584__2197__seed_vc_s1.wav,source_sentence2_english584__2197_s2.wav,yes,NA,1410,mshx1auo-2tp9t4l9,,,,,,,,,,,,,,
8/6/2026,accent_dialect,6a14b675ce0a732e504a4221,seed_vc,12,2,timbreRef_vs_timbreRef,bottom5,gujarati4__610,english200__667,reference_sentence1_gujarati4__610_s1.wav,reference_sentence2_gujarati4__610_s2.wav,yes,same,815,mshx1gbb-td592rew,,,,,,,,,,,,,,
8/6/2026,accent_dialect,6547eba1d8a02576605bcfb2,seed_vc,18,4,output_vs_sourceRef,bottom5,hindi13__1633,english200__667,seed_vc_bottom5_output_sentence1_timbre-hindi13__1633__source-english200__667__seed_vc_s1.wav,source_sentence2_english200__667_s2.wav,yes,NA,1618,mshx1oqt-v9obb1yn,,,,,,,,,,,,,,
8/6/2026,accent_dialect,6a1367055e82b8a9a60fcfa7,seed_vc,28,3,timbreRef_vs_sourceRef,bottom5,hindi26__2354,english584__2197,source_sentence1_english584__2197_s1.wav,reference_sentence2_hindi26__2354_s2.wav,no,different,687,mshx1v8y-latl0nlp,,,,,,,,,,,,,,
8/6/2026,accent_dialect,5f9a0b386a200211eea8e2ed,openvoice,35,4,output_vs_sourceRef,top5,gujarati17__2824,english200__667,openvoice_top5_output_sentence1_timbre-gujarati17__2824__source-english200__667__openvoice_s1.wav,source_sentence2_english200__667_s2.wav,yes,NA,442,mshx12l7-4q2zdl3d,,,,,,,,,,,,,,
8/6/2026,accent_dialect,5f9a0b386a200211eea8e2ed,openvoice,37,2,timbreRef_vs_timbreRef,bottom5,hindi7__867,english200__667,reference_sentence1_hindi7__867_s1.wav,reference_sentence2_hindi7__867_s2.wav,yes,same,1768,mshx12l7-4q2zdl3d,,,,,,,,,,,,,,
8/6/2026,accent_dialect,69d59bb26cbbb9ca14a5eb04,seed_vc,3,2,timbreRef_vs_timbreRef,top5,hindi10__1202,english200__667,reference_sentence1_hindi10__1202_s1.wav,reference_sentence2_hindi10__1202_s2.wav,yes,same,1207,mshx469a-p5k8oz6g,,,,,,,,,,,,,,
8/6/2026,accent_dialect,6a15a8f478abb7b087750295,openvoice,13,4,output_vs_sourceRef,top5,gujarati13__2409,english200__667,openvoice_top5_output_sentence1_timbre-gujarati13__2409__source-english200__667__openvoice_s1.wav,source_sentence2_english200__667_s2.wav,no,NA,1914,mshx2ras-7m8pgyki,,,,,,,,,,,,,,
8/6/2026,accent_dialect,5f17553ce0feb10c3dd2b16a,openvoice,7,4,output_vs_sourceRef,bottom5,gujarati7__1504,english200__667,openvoice_bottom5_output_sentence1_timbre-gujarati7__1504__source-english200__667__openvoice_s1.wav,source_sentence2_english200__667_s2.wav,yes,NA,3668,mshx2kqd-tgkfnjto,,,,,,,,,,,,,,
8/6/2026,accent_dialect,698b70d95529cc75f2634783,openvoice,10,3,timbreRef_vs_sourceRef,bottom5,hindi12__1440,english200__667,reference_sentence1_hindi12__1440_s1.wav,source_sentence2_english200__667_s2.wav,no,different,660,mshx1fqp-5zh159ax,,,,,,,,,,,,,,
8/6/2026,accent_dialect,6776bf1a71392619a43359d3,seed_vc,19,3,timbreRef_vs_sourceRef,top5,hindi10__1202,english200__667,reference_sentence1_hindi10__1202_s1.wav,source_sentence2_english200__667_s2.wav,yes,different,1036,mshx2duk-nduw1k93,,,,,,,,,,,,,,
8/6/2026,accent_dialect,699292d2b2321f8f920b55dd,openvoice,20,3,timbreRef_vs_sourceRef,bottom5,hindi12__1440,english200__667,reference_sentence1_hindi12__1440_s1.wav,source_sentence2_english200__667_s2.wav,no,different,833,mshx1u48-slhdj2vr,,,,,,,,,,,,,,
8/6/2026,accent_dialect,5d0c10124b68150015fd5bca,seed_vc,17,2,timbreRef_vs_timbreRef,top5,gujarati5__1016,english200__667,reference_sentence1_gujarati5__1016_s1.wav,reference_sentence2_gujarati5__1016_s2.wav,yes,same,691,mshx20qr-j6nfdb19,,,,,,,,,,,,,,
8/6/2026,accent_dialect,6a0e24dc9563561507623d39,seed_vc,25,4,output_vs_sourceRef,bottom5,hindi16__1966,english584__2197,source_sentence1_english584__2197_s1.wav,seed_vc_bottom5_output_sentence2_timbre-hindi16__1966__source-english584__2197__seed_vc_s2.wav,yes,NA,883,mshx1i80-yps2tnia,,,,,,,,,,,,,,
8/6/2026,accent_dialect,5bdf8d7eee652a0001f0999c,seed_vc,16,4,output_vs_sourceRef,bottom5,hindi16__1966,english584__2197,seed_vc_bottom5_output_sentence1_timbre-hindi16__1966__source-english584__2197__seed_vc_s1.wav,source_sentence2_english584__2197_s2.wav,no,NA,1326,mshx2exz-hb5k5jbj,,,,,,,,,,,,,,
8/6/2026,accent_dialect,676ecc2cdff817e43c22a375,seed_vc,16,4,output_vs_sourceRef,bottom5,hindi16__1966,english584__2197,source_sentence1_english584__2197_s1.wav,seed_vc_bottom5_output_sentence2_timbre-hindi16__1966__source-english584__2197__seed_vc_s2.wav,yes,NA,741,mshx2lnc-1x73r3sk,,,,,,,,,,,,,,
8/6/2026,accent_dialect,5f828a47a08cb43c715fe3a2,seed_vc,4,1,output_vs_timbreRef,bottom5,hindi16__1966,english584__2197,reference_sentence1_hindi16__1966_s1.wav,seed_vc_bottom5_output_sentence2_timbre-hindi16__1966__source-english584__2197__seed_vc_s2.wav,no,NA,779,mshx1o2k-hsj8d5iw,,,,,,,,,,,,,,
8/6/2026,accent_dialect,69fef2baef4c76d1fd6b0db8,openvoice,5,3,timbreRef_vs_sourceRef,top5,gujarati17__2824,english200__667,reference_sentence1_gujarati17__2824_s1.wav,source_sentence2_english200__667_s2.wav,no,different,38032,mshx1bgv-htxpkxbn,,,,,,,,,,,,,,
8/6/2026,accent_dialect,67ade0c7138bc5e2f5d72575,openvoice,14,2,timbreRef_vs_timbreRef,top5,hindi19__2206,english584__2197,reference_sentence1_hindi19__2206_s1.wav,reference_sentence2_hindi19__2206_s2.wav,yes,same,1311,mshx2heb-jqjfwsn7,,,,,,,,,,,,,,
8/6/2026,accent_dialect,6a15d6a799a27da826906cdb,openvoice,16,4,output_vs_sourceRef,top5,gujarati11__2301,english584__2197,openvoice_top5_output_sentence1_timbre-gujarati11__2301__source-english584__2197__openvoice_s1.wav,source_sentence2_english584__2197_s2.wav,yes,NA,831,mshx31ov-4z3uubkh,,,,,,,,,,,,,,
8/6/2026,accent_dialect,69e8d8794cd2df8c1346c1e3,seed_vc,11,1,output_vs_timbreRef,top5,hindi2__587,english584__2197,seed_vc_top5_output_sentence1_timbre-hindi2__587__source-english584__2197__seed_vc_s1.wav,reference_sentence2_hindi2__587_s2.wav,yes,NA,2291,mshx2geg-pougg10p,,,,,,,,,,,,,,
8/6/2026,accent_dialect,66ecded667f721bca7e5609d,openvoice,25,2,timbreRef_vs_timbreRef,bottom5,gujarati8__1678,english200__667,reference_sentence1_gujarati8__1678_s1.wav,reference_sentence2_gujarati8__1678_s2.wav,yes,same,1367,mshx1cdz-fe8mzg47,,,,,,,,,,,,,,
8/6/2026,accent_dialect,69e5649666d18ba4b364db04,seed_vc,19,3,timbreRef_vs_sourceRef,bottom5,hindi26__2354,english584__2197,source_sentence1_english584__2197_s1.wav,reference_sentence2_hindi26__2354_s2.wav,no,different,611,mshx1d1v-e1n34r5j,,,,,,,,,,,,,,
8/6/2026,accent_dialect,5f23b7f1c920f1000baef3b1,openvoice,25,4,output_vs_sourceRef,top5,gujarati17__2824,english200__667,openvoice_top5_output_sentence1_timbre-gujarati17__2824__source-english200__667__openvoice_s1.wav,source_sentence2_english200__667_s2.wav,no,NA,2162,mshx1j9z-o5ud5lwi,,,,,,,,,,,,,,
8/6/2026,accent_dialect,55aa9c8dfdf99b634b427b9a,openvoice,21,6,sourceRef_vs_sourceRef_cross,NA,NA,english584__2197__vs__english200__667,source_sentence1_english584__2197_s1.wav,source_sentence2_english200__667_s2.wav,yes,same,1094,mshx21h5-or0h8zxy,,,,,,,,,,,,,,
8/6/2026,accent_dialect,6a15a8f478abb7b087750295,openvoice,14,1,output_vs_timbreRef,top5,gujarati13__2409,english200__667,reference_sentence1_gujarati13__2409_s1.wav,openvoice_top5_output_sentence2_timbre-gujarati13__2409__source-english200__667__openvoice_s2.wav,no,NA,684,mshx2ras-7m8pgyki,,,,,,,,,,,,,,
8/6/2026,accent_dialect,697cac7d3bedace54477eb48,seed_vc,28,3,timbreRef_vs_sourceRef,top5,hindi19__2206,english584__2197,reference_sentence1_hindi19__2206_s1.wav,source_sentence2_english584__2197_s2.wav,no,different,694,mshx1xj2-rwz9u8wm,,,,,,,,,,,,,,
8/6/2026,accent_dialect,67dd4210d92f4c3aac8d944c,openvoice,17,2,timbreRef_vs_timbreRef,top5,gujarati17__2824,english200__667,reference_sentence1_gujarati17__2824_s1.wav,reference_sentence2_gujarati17__2824_s2.wav,yes,same,1821,mshx11x7-5rslmkb7,,,,,,,,,,,,,,
8/6/2026,accent_dialect,6a1367055e82b8a9a60fcfa7,seed_vc,29,2,timbreRef_vs_timbreRef,bottom5,hindi16__1966,english584__2197,reference_sentence1_hindi16__1966_s1.wav,reference_sentence2_hindi16__1966_s2.wav,yes,same,1717,mshx1v8y-latl0nlp,,,,,,,,,,,,,,
8/6/2026,accent_dialect,66bfe5ecc23f1e2109f144d6,seed_vc,21,1,output_vs_timbreRef,top5,gujarati16__2558,english200__667,reference_sentence1_gujarati16__2558_s1.wav,seed_vc_top5_output_sentence2_timbre-gujarati16__2558__source-english200__667__seed_vc_s2.wav,yes,NA,773,mshx1kb9-31qzhrfj,,,,,,,,,,,,,,
8/6/2026,accent_dialect,5d6466d84e9aae0001598a5a,seed_vc,14,1,output_vs_timbreRef,top5,gujarati5__1016,english200__667,reference_sentence1_gujarati5__1016_s1.wav,seed_vc_top5_output_sentence2_timbre-gujarati5__1016__source-english200__667__seed_vc_s2.wav,yes,NA,500,mshx2no8-mdjmyj05,,,,,,,,,,,,,,
8/6/2026,accent_dialect,6a08b966c2858ddb629d187b,openvoice,1,4,output_vs_sourceRef,bottom5,gujarati8__1678,english200__667,source_sentence1_english200__667_s1.wav,openvoice_bottom5_output_sentence2_timbre-gujarati8__1678__source-english200__667__openvoice_s2.wav,yes,NA,1259,mshx2jpf-rp3am65p,,,,,,,,,,,,,,
8/6/2026,accent_dialect,66bfe5ecc23f1e2109f144d6,seed_vc,22,1,output_vs_timbreRef,bottom5,hindi16__1966,english584__2197,reference_sentence1_hindi16__1966_s1.wav,seed_vc_bottom5_output_sentence2_timbre-hindi16__1966__source-english584__2197__seed_vc_s2.wav,no,NA,543,mshx1kb9-31qzhrfj,,,,,,,,,,,,,,
8/6/2026,accent_dialect,6a21aceedbb1056fb595bc03,openvoice,17,6,sourceRef_vs_sourceRef_cross,NA,NA,english200__667__vs__english584__2197,source_sentence1_english200__667_s1.wav,source_sentence2_english584__2197_s2.wav,no,same,742,mshx3m5a-8bmjlj5g,,,,,,,,,,,,,,
8/6/2026,accent_dialect,5f9a0b386a200211eea8e2ed,openvoice,38,2,timbreRef_vs_timbreRef,top5,gujarati11__2301,english584__2197,reference_sentence1_gujarati11__2301_s1.wav,reference_sentence2_gujarati11__2301_s2.wav,yes,same,756,mshx12l7-4q2zdl3d,,,,,,,,,,,,,,
8/6/2026,accent_dialect,69e8d8794cd2df8c1346c1e3,seed_vc,12,3,timbreRef_vs_sourceRef,bottom5,hindi26__2354,english584__2197,source_sentence1_english584__2197_s1.wav,reference_sentence2_hindi26__2354_s2.wav,no,different,809,mshx2geg-pougg10p,,,,,,,,,,,,,,
8/6/2026,accent_dialect,614dd304ed948bbfe8c22215,seed_vc,8,3,timbreRef_vs_sourceRef,top5,hindi2__587,english584__2197,reference_sentence1_hindi2__587_s1.wav,source_sentence2_english584__2197_s2.wav,yes,different,1058,mshx50cv-xkdut2r8,,,,,,,,,,,,,,
8/6/2026,accent_dialect,697cac7d3bedace54477eb48,seed_vc,29,3,timbreRef_vs_sourceRef,bottom5,hindi13__1633,english200__667,source_sentence1_english200__667_s1.wav,reference_sentence2_hindi13__1633_s2.wav,no,different,664,mshx1xj2-rwz9u8wm,,,,,,,,,,,,,,
8/6/2026,accent_dialect,6998804cdfd462a8fab9b10f,openvoice,15,5,sourceRef_vs_sourceRef,bottom5,gujarati7__1504,english200__667,source_sentence1_english200__667_s1.wav,source_sentence2_english200__667_s2.wav,yes,same,699,mshx38gr-2vxoggk5,,,,,,,,,,,,,,
8/6/2026,accent_dialect,5c690f6f81d8da000100c78b,openvoice,22,3,timbreRef_vs_sourceRef,bottom5,hindi12__1440,english200__667,reference_sentence1_hindi12__1440_s1.wav,source_sentence2_english200__667_s2.wav,no,different,730,mshx233w-isdpc61p,,,,,,,,,,,,,,
8/6/2026,accent_dialect,5d0eecdd348afe00015865aa,openvoice,16,2,timbreRef_vs_timbreRef,bottom5,hindi7__867,english200__667,reference_sentence1_hindi7__867_s1.wav,reference_sentence2_hindi7__867_s2.wav,yes,same,1277,mshx2fxn-9ttvrw2q,,,,,,,,,,,,,,
8/6/2026,accent_dialect,6a14824f1c967f6a6916dee7,openvoice,10,1,output_vs_timbreRef,top5,gujarati17__2824,english200__667,reference_sentence1_gujarati17__2824_s1.wav,openvoice_top5_output_sentence2_timbre-gujarati17__2824__source-english200__667__openvoice_s2.wav,no,NA,1200,mshx2ok1-wcy4jqsh,,,,,,,,,,,,,,
8/6/2026,accent_dialect,5bcc60b95c2b810001dc68e2,seed_vc,18,2,timbreRef_vs_timbreRef,bottom5,hindi13__1633,english200__667,reference_sentence1_hindi13__1633_s1.wav,reference_sentence2_hindi13__1633_s2.wav,yes,same,7867,mshx1tkg-nm50v5h1,,,,,,,,,,,,,,
8/6/2026,accent_dialect,614dd304ed948bbfe8c22215,seed_vc,7,2,timbreRef_vs_timbreRef,bottom5,gujarati4__610,english200__667,reference_sentence1_gujarati4__610_s1.wav,reference_sentence2_gujarati4__610_s2.wav,no,same,1503,mshx50cv-xkdut2r8,,,,,,,,,,,,,,
8/6/2026,accent_dialect,594a969df0ea1b0001558178,openvoice,1,3,timbreRef_vs_sourceRef,top5,gujarati17__2824,english200__667,reference_sentence1_gujarati17__2824_s1.wav,source_sentence2_english200__667_s2.wav,no,different,916,mshx3062-tzc0d5me,,,,,,,,,,,,,,
8/6/2026,accent_dialect,6a2601fe8e6d71a830c96a3d,openvoice,2,5,sourceRef_vs_sourceRef,bottom5,gujarati7__1504,english200__667,source_sentence1_english200__667_s1.wav,source_sentence2_english200__667_s2.wav,yes,same,984,mshx4v2v-bp4h9c5l,,,,,,,,,,,,,,
8/6/2026,accent_dialect,6a0a200efdf95c93dce00159,openvoice,8,4,output_vs_sourceRef,top5,gujarati13__2409,english200__667,source_sentence1_english200__667_s1.wav,openvoice_top5_output_sentence2_timbre-gujarati13__2409__source-english200__667__openvoice_s2.wav,yes,NA,2463,mshx3p6l-pwhomepm,,,,,,,,,,,,,,
8/6/2026,accent_dialect,6a15a8f478abb7b087750295,openvoice,15,2,timbreRef_vs_timbreRef,bottom5,hindi7__867,english200__667,reference_sentence1_hindi7__867_s1.wav,reference_sentence2_hindi7__867_s2.wav,yes,same,818,mshx2ras-7m8pgyki,,,,,,,,,,,,,,
8/6/2026,accent_dialect,66bfe5ecc23f1e2109f144d6,seed_vc,23,3,timbreRef_vs_sourceRef,top5,gujarati5__1016,english200__667,reference_sentence1_gujarati5__1016_s1.wav,source_sentence2_english200__667_s2.wav,no,different,1439,mshx1kb9-31qzhrfj,,,,,,,,,,,,,,
8/6/2026,accent_dialect,676ecc2cdff817e43c22a375,seed_vc,18,2,timbreRef_vs_timbreRef,top5,hindi19__2206,english584__2197,reference_sentence1_hindi19__2206_s1.wav,reference_sentence2_hindi19__2206_s2.wav,yes,same,1466,mshx2lnc-1x73r3sk,,,,,,,,,,,,,,
8/6/2026,accent_dialect,69e7e7545bf81637207605dd,openvoice,1,1,output_vs_timbreRef,top5,hindi13__1633,english200__667,reference_sentence1_hindi13__1633_s1.wav,openvoice_top5_output_sentence2_timbre-hindi13__1633__source-english200__667__openvoice_s2.wav,no,NA,926,mshx6e5d-h45v7smg,,,,,,,,,,,,,,
8/6/2026,accent_dialect,63614af3f714542282bd139b,openvoice,23,2,timbreRef_vs_timbreRef,bottom5,gujarati9__2041,english584__2197,reference_sentence1_gujarati9__2041_s1.wav,reference_sentence2_gujarati9__2041_s2.wav,yes,same,1970,mshx1g5d-rwgo0ae5,,,,,,,,,,,,,,
8/6/2026,accent_dialect,6a08b966c2858ddb629d187b,openvoice,2,2,timbreRef_vs_timbreRef,top5,gujarati17__2824,english200__667,reference_sentence1_gujarati17__2824_s1.wav,reference_sentence2_gujarati17__2824_s2.wav,yes,same,1166,mshx2jpf-rp3am65p,,,,,,,,,,,,,,
8/6/2026,accent_dialect,5f9a0b386a200211eea8e2ed,openvoice,39,1,output_vs_timbreRef,top5,hindi19__2206,english584__2197,reference_sentence1_hindi19__2206_s1.wav,openvoice_top5_output_sentence2_timbre-hindi19__2206__source-english584__2197__openvoice_s2.wav,yes,NA,662,mshx12l7-4q2zdl3d,,,,,,,,,,,,,,
8/6/2026,accent_dialect,69f2b5f676aaf78f77d69d16,openvoice,17,3,timbreRef_vs_sourceRef,bottom5,hindi12__1440,english200__667,source_sentence1_english200__667_s1.wav,reference_sentence2_hindi12__1440_s2.wav,no,different,789,mshx1jap-b318jfsn,,,,,,,,,,,,,,
8/6/2026,accent_dialect,5acb7b0ae1099600016acdd6,seed_vc,11,4,output_vs_sourceRef,bottom5,hindi16__1966,english584__2197,seed_vc_bottom5_output_sentence1_timbre-hindi16__1966__source-english584__2197__seed_vc_s1.wav,source_sentence2_english584__2197_s2.wav,no,NA,1009,mshx1yj8-t4xm8w61,,,,,,,,,,,,,,
8/6/2026,accent_dialect,69d8eab7b04ea057a65bdb4d,seed_vc,16,1,output_vs_timbreRef,bottom5,hindi21__2236,english584__2197,reference_sentence1_hindi21__2236_s1.wav,seed_vc_bottom5_output_sentence2_timbre-hindi21__2236__source-english584__2197__seed_vc_s2.wav,yes,NA,605,mshx26fg-o3ecmoil,,,,,,,,,,,,,,
8/6/2026,accent_dialect,6a0e579710108dbe9059ee97,openvoice,12,1,output_vs_timbreRef,top5,gujarati11__2301,english584__2197,openvoice_top5_output_sentence1_timbre-gujarati11__2301__source-english584__2197__openvoice_s1.wav,reference_sentence2_gujarati11__2301_s2.wav,no,NA,861,mshx28gv-dmc7dcfa,,,,,,,,,,,,,,
8/6/2026,accent_dialect,5d0eecdd348afe00015865aa,openvoice,17,4,output_vs_sourceRef,top5,hindi19__2206,english584__2197,source_sentence1_english584__2197_s1.wav,openvoice_top5_output_sentence2_timbre-hindi19__2206__source-english584__2197__openvoice_s2.wav,no,NA,1292,mshx2fxn-9ttvrw2q,,,,,,,,,,,,,,
8/6/2026,accent_dialect,662e89416a1d494ac9e84af3,seed_vc,26,2,timbreRef_vs_timbreRef,top5,hindi19__2206,english584__2197,reference_sentence1_hindi19__2206_s1.wav,reference_sentence2_hindi19__2206_s2.wav,yes,same,985,mshx1noc-eiuxz5bz,,,,,,,,,,,,,,
8/6/2026,accent_dialect,6a0b794a91737ea5a64687f5,seed_vc,7,4,output_vs_sourceRef,bottom5,hindi26__2354,english584__2197,seed_vc_bottom5_output_sentence1_timbre-hindi26__2354__source-english584__2197__seed_vc_s1.wav,source_sentence2_english584__2197_s2.wav,yes,NA,632,mshx22pf-os1a4lzd,,,,,,,,,,,,,,
8/6/2026,accent_dialect,58064d91f25c440001678a10,openvoice,19,2,timbreRef_vs_timbreRef,top5,hindi19__2206,english584__2197,reference_sentence1_hindi19__2206_s1.wav,reference_sentence2_hindi19__2206_s2.wav,yes,same,1882,mshx1z74-ej5p9mjs,,,,,,,,,,,,,,
8/6/2026,accent_dialect,6998804cdfd462a8fab9b10f,openvoice,16,4,output_vs_sourceRef,bottom5,hindi12__1440,english200__667,openvoice_bottom5_output_sentence1_timbre-hindi12__1440__source-english200__667__openvoice_s1.wav,source_sentence2_english200__667_s2.wav,yes,NA,3410,mshx38gr-2vxoggk5,,,,,,,,,,,,,,
8/6/2026,accent_dialect,69fce9e45d612732dd1ae4e2,seed_vc,10,4,output_vs_sourceRef,bottom5,hindi26__2354,english584__2197,source_sentence1_english584__2197_s1.wav,seed_vc_bottom5_output_sentence2_timbre-hindi26__2354__source-english584__2197__seed_vc_s2.wav,yes,NA,877,mshx24wm-9vmufgds,,,,,,,,,,,,,,
8/6/2026,accent_dialect,69fef2baef4c76d1fd6b0db8,openvoice,7,1,output_vs_timbreRef,bottom5,gujarati8__1678,english200__667,reference_sentence1_gujarati8__1678_s1.wav,openvoice_bottom5_output_sentence2_timbre-gujarati8__1678__source-english200__667__openvoice_s2.wav,no,NA,1102,mshx1bgv-htxpkxbn,,,,,,,,,,,,,,
8/6/2026,accent_dialect,5bdf8d7eee652a0001f0999c,seed_vc,17,6,sourceRef_vs_sourceRef_cross,NA,NA,english584__2197__vs__english200__667,source_sentence1_english584__2197_s1.wav,source_sentence2_english200__667_s2.wav,no,same,751,mshx2exz-hb5k5jbj,,,,,,,,,,,,,,
8/6/2026,accent_dialect,67713f8437575dd855393a8f,seed_vc,17,4,output_vs_sourceRef,top5,hindi19__2206,english584__2197,seed_vc_top5_output_sentence1_timbre-hindi19__2206__source-english584__2197__seed_vc_s1.wav,source_sentence2_english584__2197_s2.wav,yes,NA,1835,mshx2db3-vly3jg9t,,,,,,,,,,,,,,
8/6/2026,accent_dialect,63f78d9a7a3d118594efff74,openvoice,3,2,timbreRef_vs_timbreRef,bottom5,hindi7__867,english200__667,reference_sentence1_hindi7__867_s1.wav,reference_sentence2_hindi7__867_s2.wav,yes,same,695,mshx3e62-7808i0kh,,,,,,,,,,,,,,
8/6/2026,accent_dialect,6776bf1a71392619a43359d3,seed_vc,21,3,timbreRef_vs_sourceRef,bottom5,hindi13__1633,english200__667,reference_sentence1_hindi13__1633_s1.wav,source_sentence2_english200__667_s2.wav,no,different,997,mshx2duk-nduw1k93,,,,,,,,,,,,,,
8/6/2026,accent_dialect,614dd304ed948bbfe8c22215,seed_vc,9,2,timbreRef_vs_timbreRef,bottom5,hindi21__2236,english584__2197,reference_sentence1_hindi21__2236_s1.wav,reference_sentence2_hindi21__2236_s2.wav,no,same,3271,mshx50cv-xkdut2r8,,,,,,,,,,,,,,
8/6/2026,accent_dialect,6a14b675ce0a732e504a4221,seed_vc,15,3,timbreRef_vs_sourceRef,bottom5,hindi26__2354,english584__2197,source_sentence1_english584__2197_s1.wav,reference_sentence2_hindi26__2354_s2.wav,no,different,828,mshx1gbb-td592rew,,,,,,,,,,,,,,
8/6/2026,accent_dialect,6a0e579710108dbe9059ee97,openvoice,13,2,timbreRef_vs_timbreRef,bottom5,gujarati7__1504,english200__667,reference_sentence1_gujarati7__1504_s1.wav,reference_sentence2_gujarati7__1504_s2.wav,yes,same,1042,mshx28gv-dmc7dcfa,,,,,,,,,,,,,,
8/6/2026,accent_dialect,69e7e7545bf81637207605dd,openvoice,2,4,output_vs_sourceRef,bottom5,hindi12__1440,english200__667,source_sentence1_english200__667_s1.wav,openvoice_bottom5_output_sentence2_timbre-hindi12__1440__source-english200__667__openvoice_s2.wav,yes,NA,1570,mshx6e5d-h45v7smg,,,,,,,,,,,,,,
8/6/2026,accent_dialect,69f25a06e6dfc9f5ecaf7b31,seed_vc,18,1,output_vs_timbreRef,bottom5,hindi13__1633,english200__667,seed_vc_bottom5_output_sentence1_timbre-hindi13__1633__source-english200__667__seed_vc_s1.wav,reference_sentence2_hindi13__1633_s2.wav,no,NA,803,mshx1auo-2tp9t4l9,,,,,,,,,,,,,,
8/6/2026,accent_dialect,66ecded667f721bca7e5609d,openvoice,28,1,output_vs_timbreRef,top5,gujarati11__2301,english584__2197,reference_sentence1_gujarati11__2301_s1.wav,openvoice_top5_output_sentence2_timbre-gujarati11__2301__source-english584__2197__openvoice_s2.wav,no,NA,959,mshx1cdz-fe8mzg47,,,,,,,,,,,,,,
8/6/2026,accent_dialect,5c690f6f81d8da000100c78b,openvoice,24,1,output_vs_timbreRef,bottom5,gujarati8__1678,english200__667,openvoice_bottom5_output_sentence1_timbre-gujarati8__1678__source-english200__667__openvoice_s1.wav,reference_sentence2_gujarati8__1678_s2.wav,yes,NA,811,mshx233w-isdpc61p,,,,,,,,,,,,,,
8/6/2026,accent_dialect,5d0eecdd348afe00015865aa,openvoice,18,2,timbreRef_vs_timbreRef,bottom5,gujarati7__1504,english200__667,reference_sentence1_gujarati7__1504_s1.wav,reference_sentence2_gujarati7__1504_s2.wav,yes,same,1066,mshx2fxn-9ttvrw2q,,,,,,,,,,,,,,
8/6/2026,accent_dialect,65e681c76bbe9d2e2a43faec,openvoice,13,5,sourceRef_vs_sourceRef,bottom5,gujarati9__2041,english584__2197,source_sentence1_english584__2197_s1.wav,source_sentence2_english584__2197_s2.wav,yes,same,3127,mshx341q-rjtxf289,,,,,,,,,,,,,,
8/6/2026,accent_dialect,5c7f489defd9e20015751167,openvoice,30,1,output_vs_timbreRef,bottom5,gujarati9__2041,english584__2197,openvoice_bottom5_output_sentence1_timbre-gujarati9__2041__source-english584__2197__openvoice_s1.wav,reference_sentence2_gujarati9__2041_s2.wav,no,NA,795,mshx1b8o-nzqg5c70,,,,,,,,,,,,,,
8/6/2026,accent_dialect,66ccdd9f6b12c6ea6fa01f42,seed_vc,4,4,output_vs_sourceRef,top5,gujarati5__1016,english200__667,seed_vc_top5_output_sentence1_timbre-gujarati5__1016__source-english200__667__seed_vc_s1.wav,source_sentence2_english200__667_s2.wav,yes,NA,3325,mshx22lj-u2967oxb,,,,,,,,,,,,,,
8/6/2026,accent_dialect,5f1db570f7e0002b7eb1c1dd,openvoice,1,2,timbreRef_vs_timbreRef,top5,gujarati11__2301,english584__2197,reference_sentence1_gujarati11__2301_s1.wav,reference_sentence2_gujarati11__2301_s2.wav,yes,same,1568,mshx6h41-0gfugvcr,,,,,,,,,,,,,,
8/6/2026,accent_dialect,56aa90d5638440000c8b506f,seed_vc,1,3,timbreRef_vs_sourceRef,bottom5,gujarati4__610,english200__667,source_sentence1_english200__667_s1.wav,reference_sentence2_gujarati4__610_s2.wav,no,different,1664,mshx2qtr-tbs8zybb,,,,,,,,,,,,,,
8/6/2026,accent_dialect,6a14824f1c967f6a6916dee7,openvoice,11,1,output_vs_timbreRef,bottom5,gujarati9__2041,english584__2197,openvoice_bottom5_output_sentence1_timbre-gujarati9__2041__source-english584__2197__openvoice_s1.wav,reference_sentence2_gujarati9__2041_s2.wav,no,NA,866,mshx2ok1-wcy4jqsh,,,,,,,,,,,,,,
8/6/2026,accent_dialect,699292d2b2321f8f920b55dd,openvoice,23,1,output_vs_timbreRef,top5,hindi19__2206,english584__2197,reference_sentence1_hindi19__2206_s1.wav,openvoice_top5_output_sentence2_timbre-hindi19__2206__source-english584__2197__openvoice_s2.wav,no,NA,1245,mshx1u48-slhdj2vr,,,,,,,,,,,,,,
8/6/2026,accent_dialect,66b123d3c5b7eea8d9120bde,openvoice,9,6,sourceRef_vs_sourceRef_cross,NA,NA,english200__667__vs__english584__2197,source_sentence1_english200__667_s1.wav,source_sentence2_english584__2197_s2.wav,no,same,1956,mshx2n8g-t70mhgcu,,,,,,,,,,,,,,
8/6/2026,accent_dialect,66ecded667f721bca7e5609d,openvoice,27,3,timbreRef_vs_sourceRef,top5,gujarati11__2301,english584__2197,source_sentence1_english584__2197_s1.wav,reference_sentence2_gujarati11__2301_s2.wav,no,different,944,mshx1cdz-fe8mzg47,,,,,,,,,,,,,,
8/6/2026,accent_dialect,6776bf1a71392619a43359d3,seed_vc,22,3,timbreRef_vs_sourceRef,bottom5,hindi26__2354,english584__2197,source_sentence1_english584__2197_s1.wav,reference_sentence2_hindi26__2354_s2.wav,no,different,827,mshx2duk-nduw1k93,,,,,,,,,,,,,,
8/6/2026,accent_dialect,5f23b7f1c920f1000baef3b1,openvoice,28,1,output_vs_timbreRef,top5,gujarati11__2301,english584__2197,reference_sentence1_gujarati11__2301_s1.wav,openvoice_top5_output_sentence2_timbre-gujarati11__2301__source-english584__2197__openvoice_s2.wav,no,NA,924,mshx1j9z-o5ud5lwi,,,,,,,,,,,,,,
8/6/2026,accent_dialect,69f8501bd7faed68d0b7674d,seed_vc,26,2,timbreRef_vs_timbreRef,top5,hindi2__587,english584__2197,reference_sentence1_hindi2__587_s1.wav,reference_sentence2_hindi2__587_s2.wav,yes,same,1225,mshx1y1e-i99t9og9,,,,,,,,,,,,,,
8/6/2026,accent_dialect,69fef2baef4c76d1fd6b0db8,openvoice,8,3,timbreRef_vs_sourceRef,bottom5,gujarati8__1678,english200__667,reference_sentence1_gujarati8__1678_s1.wav,source_sentence2_english200__667_s2.wav,no,different,628,mshx1bgv-htxpkxbn,,,,,,,,,,,,,,
8/6/2026,accent_dialect,67713f8437575dd855393a8f,seed_vc,18,4,output_vs_sourceRef,bottom5,hindi21__2236,english584__2197,source_sentence1_english584__2197_s1.wav,seed_vc_bottom5_output_sentence2_timbre-hindi21__2236__source-english584__2197__seed_vc_s2.wav,no,NA,1080,mshx2db3-vly3jg9t,,,,,,,,,,,,,,
8/6/2026,accent_dialect,5dceca2541afe801a32e27ac,openvoice,11,1,output_vs_timbreRef,top5,hindi19__2206,english584__2197,openvoice_top5_output_sentence1_timbre-hindi19__2206__source-english584__2197__openvoice_s1.wav,reference_sentence2_hindi19__2206_s2.wav,yes,NA,5503,mshx1qcv-3rudfu98,,,,,,,,,,,,,,
8/6/2026,accent_dialect,5815767b0643a600016f0e72,seed_vc,7,4,output_vs_sourceRef,bottom5,hindi26__2354,english584__2197,source_sentence1_english584__2197_s1.wav,seed_vc_bottom5_output_sentence2_timbre-hindi26__2354__source-english584__2197__seed_vc_s2.wav,yes,NA,1192,mshx355u-4kooh4lp,,,,,,,,,,,,,,
8/6/2026,accent_dialect,6a14b675ce0a732e504a4221,seed_vc,16,3,timbreRef_vs_sourceRef,bottom5,gujarati4__610,english200__667,reference_sentence1_gujarati4__610_s1.wav,source_sentence2_english200__667_s2.wav,no,different,523,mshx1gbb-td592rew,,,,,,,,,,,,,,
8/6/2026,accent_dialect,6a1367055e82b8a9a60fcfa7,seed_vc,32,2,timbreRef_vs_timbreRef,top5,hindi2__587,english584__2197,reference_sentence1_hindi2__587_s1.wav,reference_sentence2_hindi2__587_s2.wav,yes,same,469,mshx1v8y-latl0nlp,,,,,,,,,,,,,,
8/6/2026,accent_dialect,69e7e7545bf81637207605dd,openvoice,3,3,timbreRef_vs_sourceRef,bottom5,gujarati7__1504,english200__667,source_sentence1_english200__667_s1.wav,reference_sentence2_gujarati7__1504_s2.wav,no,different,697,mshx6e5d-h45v7smg,,,,,,,,,,,,,,
8/6/2026,accent_dialect,594a969df0ea1b0001558178,openvoice,3,2,timbreRef_vs_timbreRef,top5,hindi19__2206,english584__2197,reference_sentence1_hindi19__2206_s1.wav,reference_sentence2_hindi19__2206_s2.wav,yes,same,1808,mshx3062-tzc0d5me,,,,,,,,,,,,,,
8/6/2026,accent_dialect,6a1367055e82b8a9a60fcfa7,seed_vc,31,4,output_vs_sourceRef,top5,gujarati16__2558,english200__667,source_sentence1_english200__667_s1.wav,seed_vc_top5_output_sentence2_timbre-gujarati16__2558__source-english200__667__seed_vc_s2.wav,no,NA,767,mshx1v8y-latl0nlp,,,,,,,,,,,,,,
8/6/2026,accent_dialect,6a15d6a799a27da826906cdb,openvoice,19,2,timbreRef_vs_timbreRef,bottom5,hindi7__867,english200__667,reference_sentence1_hindi7__867_s1.wav,reference_sentence2_hindi7__867_s2.wav,yes,same,5018,mshx31ov-4z3uubkh,,,,,,,,,,,,,,
8/6/2026,accent_dialect,5d6466d84e9aae0001598a5a,seed_vc,18,6,sourceRef_vs_sourceRef_cross,NA,NA,english200__667__vs__english584__2197,source_sentence1_english200__667_s1.wav,source_sentence2_english584__2197_s2.wav,yes,same,804,mshx2no8-mdjmyj05,,,,,,,,,,,,,,
8/6/2026,accent_dialect,5c7f489defd9e20015751167,openvoice,31,1,output_vs_timbreRef,top5,hindi19__2206,english584__2197,reference_sentence1_hindi19__2206_s1.wav,openvoice_top5_output_sentence2_timbre-hindi19__2206__source-english584__2197__openvoice_s2.wav,no,NA,954,mshx1b8o-nzqg5c70,,,,,,,,,,,,,,
8/6/2026,accent_dialect,5f1db570f7e0002b7eb1c1dd,openvoice,2,3,timbreRef_vs_sourceRef,bottom5,hindi12__1440,english200__667,reference_sentence1_hindi12__1440_s1.wav,source_sentence2_english200__667_s2.wav,no,different,1190,mshx6h41-0gfugvcr,,,,,,,,,,,,,,
8/6/2026,accent_dialect,662e89416a1d494ac9e84af3,seed_vc,28,3,timbreRef_vs_sourceRef,top5,hindi2__587,english584__2197,source_sentence1_english584__2197_s1.wav,reference_sentence2_hindi2__587_s2.wav,no,different,873,mshx1noc-eiuxz5bz,,,,,,,,,,,,,,
8/6/2026,accent_dialect,663170bb631c1b3b21b7828b,openvoice,14,2,timbreRef_vs_timbreRef,bottom5,gujarati8__1678,english200__667,reference_sentence1_gujarati8__1678_s1.wav,reference_sentence2_gujarati8__1678_s2.wav,yes,same,1666,mshx34w0-idx6h6f2,,,,,,,,,,,,,,
8/6/2026,accent_dialect,66bfe5ecc23f1e2109f144d6,seed_vc,25,1,output_vs_timbreRef,top5,hindi10__1202,english200__667,seed_vc_top5_output_sentence1_timbre-hindi10__1202__source-english200__667__seed_vc_s1.wav,reference_sentence2_hindi10__1202_s2.wav,no,NA,4015,mshx1kb9-31qzhrfj,,,,,,,,,,,,,,
8/6/2026,accent_dialect,5f23b7f1c920f1000baef3b1,openvoice,29,5,sourceRef_vs_sourceRef,bottom5,gujarati7__1504,english200__667,source_sentence1_english200__667_s1.wav,source_sentence2_english200__667_s2.wav,yes,same,965,mshx1j9z-o5ud5lwi,,,,,,,,,,,,,,
8/6/2026,accent_dialect,69f25a06e6dfc9f5ecaf7b31,seed_vc,19,1,output_vs_timbreRef,top5,hindi19__2206,english584__2197,seed_vc_top5_output_sentence1_timbre-hindi19__2206__source-english584__2197__seed_vc_s1.wav,reference_sentence2_hindi19__2206_s2.wav,yes,NA,523,mshx1auo-2tp9t4l9,,,,,,,,,,,,,,
8/6/2026,accent_dialect,699292d2b2321f8f920b55dd,openvoice,24,1,output_vs_timbreRef,bottom5,hindi7__867,english200__667,openvoice_bottom5_output_sentence1_timbre-hindi7__867__source-english200__667__openvoice_s1.wav,reference_sentence2_hindi7__867_s2.wav,no,NA,849,mshx1u48-slhdj2vr,,,,,,,,,,,,,,
8/6/2026,accent_dialect,6a01252cc7f0d061aff61bf1,openvoice,10,2,timbreRef_vs_timbreRef,bottom5,hindi12__1440,english200__667,reference_sentence1_hindi12__1440_s1.wav,reference_sentence2_hindi12__1440_s2.wav,no,same,1530,mshx1626-8q6oeb6l,,,,,,,,,,,,,,
8/6/2026,accent_dialect,5d0eecdd348afe00015865aa,openvoice,19,3,timbreRef_vs_sourceRef,top5,hindi13__1633,english200__667,reference_sentence1_hindi13__1633_s1.wav,source_sentence2_english200__667_s2.wav,no,different,858,mshx2fxn-9ttvrw2q,,,,,,,,,,,,,,
8/6/2026,accent_dialect,65e681c76bbe9d2e2a43faec,openvoice,14,2,timbreRef_vs_timbreRef,top5,hindi13__1633,english200__667,reference_sentence1_hindi13__1633_s1.wav,reference_sentence2_hindi13__1633_s2.wav,yes,same,3069,mshx341q-rjtxf289,,,,,,,,,,,,,,
8/6/2026,accent_dialect,6547eba1d8a02576605bcfb2,seed_vc,22,1,output_vs_timbreRef,top5,gujarati5__1016,english200__667,seed_vc_top5_output_sentence1_timbre-gujarati5__1016__source-english200__667__seed_vc_s1.wav,reference_sentence2_gujarati5__1016_s2.wav,no,NA,691,mshx1oqt-v9obb1yn,,,,,,,,,,,,,,
8/6/2026,accent_dialect,5bdf8d7eee652a0001f0999c,seed_vc,19,3,timbreRef_vs_sourceRef,top5,hindi10__1202,english200__667,reference_sentence1_hindi10__1202_s1.wav,source_sentence2_english200__667_s2.wav,no,different,599,mshx2exz-hb5k5jbj,,,,,,,,,,,,,,
8/6/2026,accent_dialect,69dd3ed63fbfe7bbbf3aac15,seed_vc,24,2,timbreRef_vs_timbreRef,top5,gujarati16__2558,english200__667,reference_sentence1_gujarati16__2558_s1.wav,reference_sentence2_gujarati16__2558_s2.wav,yes,same,1574,mshx2awr-phq5g4iy,,,,,,,,,,,,,,
8/6/2026,accent_dialect,6a1367055e82b8a9a60fcfa7,seed_vc,33,4,output_vs_sourceRef,top5,gujarati5__1016,english200__667,source_sentence1_english200__667_s1.wav,seed_vc_top5_output_sentence2_timbre-gujarati5__1016__source-english200__667__seed_vc_s2.wav,no,NA,936,mshx1v8y-latl0nlp,,,,,,,,,,,,,,
8/6/2026,accent_dialect,58064d91f25c440001678a10,openvoice,21,4,output_vs_sourceRef,bottom5,hindi7__867,english200__667,openvoice_bottom5_output_sentence1_timbre-hindi7__867__source-english200__667__openvoice_s1.wav,source_sentence2_english200__667_s2.wav,no,NA,751,mshx1z74-ej5p9mjs,,,,,,,,,,,,,,
8/6/2026,accent_dialect,6776bf1a71392619a43359d3,seed_vc,23,1,output_vs_timbreRef,bottom5,hindi13__1633,english200__667,reference_sentence1_hindi13__1633_s1.wav,seed_vc_bottom5_output_sentence2_timbre-hindi13__1633__source-english200__667__seed_vc_s2.wav,no,NA,3108,mshx2duk-nduw1k93,,,,,,,,,,,,,,
8/6/2026,accent_dialect,5397a6bbfdf99b1ccc3f1219,openvoice,11,1,output_vs_timbreRef,bottom5,gujarati9__2041,english584__2197,openvoice_bottom5_output_sentence1_timbre-gujarati9__2041__source-english584__2197__openvoice_s1.wav,reference_sentence2_gujarati9__2041_s2.wav,yes,NA,2800,mshx231r-mh0agscg,,,,,,,,,,,,,,
8/6/2026,accent_dialect,69e8d8794cd2df8c1346c1e3,seed_vc,16,3,timbreRef_vs_sourceRef,top5,hindi10__1202,english200__667,source_sentence1_english200__667_s1.wav,reference_sentence2_hindi10__1202_s2.wav,yes,different,777,mshx2geg-pougg10p,,,,,,,,,,,,,,
8/6/2026,accent_dialect,56aa90d5638440000c8b506f,seed_vc,2,1,output_vs_timbreRef,top5,hindi10__1202,english200__667,seed_vc_top5_output_sentence1_timbre-hindi10__1202__source-english200__667__seed_vc_s1.wav,reference_sentence2_hindi10__1202_s2.wav,no,NA,3591,mshx2qtr-tbs8zybb,,,,,,,,,,,,,,
8/6/2026,accent_dialect,69f25a06e6dfc9f5ecaf7b31,seed_vc,20,5,sourceRef_vs_sourceRef,bottom5,gujarati4__610,english200__667,source_sentence1_english200__667_s1.wav,source_sentence2_english200__667_s2.wav,yes,same,554,mshx1auo-2tp9t4l9,,,,,,,,,,,,,,
8/6/2026,accent_dialect,698b70d95529cc75f2634783,openvoice,12,3,timbreRef_vs_sourceRef,top5,hindi13__1633,english200__667,source_sentence1_english200__667_s1.wav,reference_sentence2_hindi13__1633_s2.wav,no,different,997,mshx1fqp-5zh159ax,,,,,,,,,,,,,,
8/6/2026,accent_dialect,5c7f489defd9e20015751167,openvoice,32,2,timbreRef_vs_timbreRef,bottom5,gujarati8__1678,english200__667,reference_sentence1_gujarati8__1678_s1.wav,reference_sentence2_gujarati8__1678_s2.wav,yes,same,742,mshx1b8o-nzqg5c70,,,,,,,,,,,,,,
8/6/2026,accent_dialect,69d8eab7b04ea057a65bdb4d,seed_vc,19,3,timbreRef_vs_sourceRef,top5,hindi2__587,english584__2197,reference_sentence1_hindi2__587_s1.wav,source_sentence2_english584__2197_s2.wav,no,different,635,mshx26fg-o3ecmoil,,,,,,,,,,,,,,
8/6/2026,accent_dialect,6a15a8f478abb7b087750295,openvoice,18,2,timbreRef_vs_timbreRef,top5,gujarati17__2824,english200__667,reference_sentence1_gujarati17__2824_s1.wav,reference_sentence2_gujarati17__2824_s2.wav,yes,same,3316,mshx2ras-7m8pgyki,,,,,,,,,,,,,,
8/6/2026,accent_dialect,6a2601fe8e6d71a830c96a3d,openvoice,5,1,output_vs_timbreRef,bottom5,gujarati8__1678,english200__667,openvoice_bottom5_output_sentence1_timbre-gujarati8__1678__source-english200__667__openvoice_s1.wav,reference_sentence2_gujarati8__1678_s2.wav,yes,NA,1424,mshx4v2v-bp4h9c5l,,,,,,,,,,,,,,
8/6/2026,accent_dialect,5d6466d84e9aae0001598a5a,seed_vc,19,2,timbreRef_vs_timbreRef,top5,gujarati5__1016,english200__667,reference_sentence1_gujarati5__1016_s1.wav,reference_sentence2_gujarati5__1016_s2.wav,yes,same,458,mshx2no8-mdjmyj05,,,,,,,,,,,,,,
8/6/2026,accent_dialect,6a15d6a799a27da826906cdb,openvoice,20,3,timbreRef_vs_sourceRef,bottom5,gujarati9__2041,english584__2197,source_sentence1_english584__2197_s1.wav,reference_sentence2_gujarati9__2041_s2.wav,no,different,1523,mshx31ov-4z3uubkh,,,,,,,,,,,,,,
8/6/2026,accent_dialect,6a0e579710108dbe9059ee97,openvoice,15,2,timbreRef_vs_timbreRef,bottom5,hindi7__867,english200__667,reference_sentence1_hindi7__867_s1.wav,reference_sentence2_hindi7__867_s2.wav,yes,same,1075,mshx28gv-dmc7dcfa,,,,,,,,,,,,,,
8/6/2026,accent_dialect,5f23b7f1c920f1000baef3b1,openvoice,30,4,output_vs_sourceRef,top5,hindi13__1633,english200__667,openvoice_top5_output_sentence1_timbre-hindi13__1633__source-english200__667__openvoice_s1.wav,source_sentence2_english200__667_s2.wav,no,NA,914,mshx1j9z-o5ud5lwi,,,,,,,,,,,,,,
8/6/2026,accent_dialect,5bcc60b95c2b810001dc68e2,seed_vc,21,1,output_vs_timbreRef,top5,hindi2__587,english584__2197,seed_vc_top5_output_sentence1_timbre-hindi2__587__source-english584__2197__seed_vc_s1.wav,reference_sentence2_hindi2__587_s2.wav,yes,NA,725,mshx1tkg-nm50v5h1,,,,,,,,,,,,,,
8/6/2026,accent_dialect,697cd118af4b9f1235c8a580,seed_vc,14,2,timbreRef_vs_timbreRef,top5,hindi2__587,english584__2197,reference_sentence1_hindi2__587_s1.wav,reference_sentence2_hindi2__587_s2.wav,yes,same,991,mshx3msc-rihxiywh,,,,,,,,,,,,,,
8/6/2026,accent_dialect,6a14b675ce0a732e504a4221,seed_vc,18,5,sourceRef_vs_sourceRef,bottom5,gujarati4__610,english200__667,source_sentence1_english200__667_s1.wav,source_sentence2_english200__667_s2.wav,yes,same,684,mshx1gbb-td592rew,,,,,,,,,,,,,,
8/6/2026,accent_dialect,699292d2b2321f8f920b55dd,openvoice,25,3,timbreRef_vs_sourceRef,top5,gujarati17__2824,english200__667,source_sentence1_english200__667_s1.wav,reference_sentence2_gujarati17__2824_s2.wav,no,different,1043,mshx1u48-slhdj2vr,,,,,,,,,,,,,,
8/6/2026,accent_dialect,6a0b794a91737ea5a64687f5,seed_vc,10,2,timbreRef_vs_timbreRef,top5,hindi19__2206,english584__2197,reference_sentence1_hindi19__2206_s1.wav,reference_sentence2_hindi19__2206_s2.wav,yes,same,899,mshx22pf-os1a4lzd,,,,,,,,,,,,,,
8/6/2026,accent_dialect,65e681c76bbe9d2e2a43faec,openvoice,15,2,timbreRef_vs_timbreRef,top5,gujarati17__2824,english200__667,reference_sentence1_gujarati17__2824_s1.wav,reference_sentence2_gujarati17__2824_s2.wav,yes,same,1435,mshx341q-rjtxf289,,,,,,,,,,,,,,
8/6/2026,accent_dialect,6a1367055e82b8a9a60fcfa7,seed_vc,34,1,output_vs_timbreRef,bottom5,hindi16__1966,english584__2197,seed_vc_bottom5_output_sentence1_timbre-hindi16__1966__source-english584__2197__seed_vc_s1.wav,reference_sentence2_hindi16__1966_s2.wav,no,NA,800,mshx1v8y-latl0nlp,,,,,,,,,,,,,,
8/6/2026,accent_dialect,60d9e7e76cf2ab6d21eb5f99,openvoice,10,3,timbreRef_vs_sourceRef,bottom5,gujarati9__2041,english584__2197,source_sentence1_english584__2197_s1.wav,reference_sentence2_gujarati9__2041_s2.wav,no,different,2295,mshx46ny-qf3wstm7,,,,,,,,,,,,,,
8/6/2026,accent_dialect,6722ceb13a02b06603b7b285,openvoice,10,6,sourceRef_vs_sourceRef_cross,NA,NA,english584__2197__vs__english200__667,source_sentence1_english584__2197_s1.wav,source_sentence2_english200__667_s2.wav,yes,same,12952,mshx3lce-xrbvbazi,,,,,,,,,,,,,,
8/6/2026,accent_dialect,69dd3ed63fbfe7bbbf3aac15,seed_vc,25,1,output_vs_timbreRef,bottom5,hindi13__1633,english200__667,reference_sentence1_hindi13__1633_s1.wav,seed_vc_bottom5_output_sentence2_timbre-hindi13__1633__source-english200__667__seed_vc_s2.wav,no,NA,1199,mshx2awr-phq5g4iy,,,,,,,,,,,,,,
8/6/2026,accent_dialect,69e5649666d18ba4b364db04,seed_vc,24,3,timbreRef_vs_sourceRef,top5,gujarati16__2558,english200__667,source_sentence1_english200__667_s1.wav,reference_sentence2_gujarati16__2558_s2.wav,yes,different,1483,mshx1d1v-e1n34r5j,,,,,,,,,,,,,,
8/6/2026,accent_dialect,69fcae003b080bd0cacb7412,seed_vc,24,3,timbreRef_vs_sourceRef,top5,hindi2__587,english584__2197,reference_sentence1_hindi2__587_s1.wav,source_sentence2_english584__2197_s2.wav,yes,different,943,mshx1u62-fqxouafe,,,,,,,,,,,,,,
8/6/2026,accent_dialect,6a0a200efdf95c93dce00159,openvoice,11,2,timbreRef_vs_timbreRef,top5,gujarati13__2409,english200__667,reference_sentence1_gujarati13__2409_s1.wav,reference_sentence2_gujarati13__2409_s2.wav,yes,same,1215,mshx3p6l-pwhomepm,,,,,,,,,,,,,,
8/6/2026,accent_dialect,63614af3f714542282bd139b,openvoice,26,3,timbreRef_vs_sourceRef,bottom5,gujarati8__1678,english200__667,reference_sentence1_gujarati8__1678_s1.wav,source_sentence2_english200__667_s2.wav,yes,different,1185,mshx1g5d-rwgo0ae5,,,,,,,,,,,,,,
8/6/2026,accent_dialect,5815767b0643a600016f0e72,seed_vc,9,5,sourceRef_vs_sourceRef,bottom5,gujarati4__610,english200__667,source_sentence1_english200__667_s1.wav,source_sentence2_english200__667_s2.wav,yes,same,1168,mshx355u-4kooh4lp,,,,,,,,,,,,,,
8/6/2026,accent_dialect,6a14824f1c967f6a6916dee7,openvoice,13,2,timbreRef_vs_timbreRef,top5,gujarati11__2301,english584__2197,reference_sentence1_gujarati11__2301_s1.wav,reference_sentence2_gujarati11__2301_s2.wav,yes,same,1736,mshx2ok1-wcy4jqsh,,,,,,,,,,,,,,
8/6/2026,accent_dialect,5f9a0b386a200211eea8e2ed,openvoice,42,1,output_vs_timbreRef,bottom5,gujarati8__1678,english200__667,openvoice_bottom5_output_sentence1_timbre-gujarati8__1678__source-english200__667__openvoice_s1.wav,reference_sentence2_gujarati8__1678_s2.wav,yes,NA,1665,mshx12l7-4q2zdl3d,,,,,,,,,,,,,,
8/6/2026,accent_dialect,69fcae003b080bd0cacb7412,seed_vc,25,4,output_vs_sourceRef,top5,gujarati16__2558,english200__667,source_sentence1_english200__667_s1.wav,seed_vc_top5_output_sentence2_timbre-gujarati16__2558__source-english200__667__seed_vc_s2.wav,yes,NA,1191,mshx1u62-fqxouafe,,,,,,,,,,,,,,
8/6/2026,accent_dialect,662e89416a1d494ac9e84af3,seed_vc,30,4,output_vs_sourceRef,top5,hindi10__1202,english200__667,source_sentence1_english200__667_s1.wav,seed_vc_top5_output_sentence2_timbre-hindi10__1202__source-english200__667__seed_vc_s2.wav,yes,NA,2651,mshx1noc-eiuxz5bz,,,,,,,,,,,,,,
8/6/2026,accent_dialect,6a2601fe8e6d71a830c96a3d,openvoice,6,2,timbreRef_vs_timbreRef,top5,gujarati11__2301,english584__2197,reference_sentence1_gujarati11__2301_s1.wav,reference_sentence2_gujarati11__2301_s2.wav,yes,same,935,mshx4v2v-bp4h9c5l,,,,,,,,,,,,,,
8/6/2026,accent_dialect,56aa90d5638440000c8b506f,seed_vc,3,2,timbreRef_vs_timbreRef,top5,hindi19__2206,english584__2197,reference_sentence1_hindi19__2206_s1.wav,reference_sentence2_hindi19__2206_s2.wav,yes,same,1409,mshx2qtr-tbs8zybb,,,,,,,,,,,,,,
8/6/2026,accent_dialect,699292d2b2321f8f920b55dd,openvoice,26,4,output_vs_sourceRef,bottom5,gujarati8__1678,english200__667,openvoice_bottom5_output_sentence1_timbre-gujarati8__1678__source-english200__667__openvoice_s1.wav,source_sentence2_english200__667_s2.wav,no,NA,784,mshx1u48-slhdj2vr,,,,,,,,,,,,,,
8/6/2026,accent_dialect,5f9a0b386a200211eea8e2ed,openvoice,41,2,timbreRef_vs_timbreRef,top5,hindi19__2206,english584__2197,reference_sentence1_hindi19__2206_s1.wav,reference_sentence2_hindi19__2206_s2.wav,yes,same,3720,mshx12l7-4q2zdl3d,,,,,,,,,,,,,,
8/6/2026,accent_dialect,5c7f489defd9e20015751167,openvoice,34,4,output_vs_sourceRef,top5,gujarati11__2301,english584__2197,openvoice_top5_output_sentence1_timbre-gujarati11__2301__source-english584__2197__openvoice_s1.wav,source_sentence2_english584__2197_s2.wav,yes,NA,533,mshx1b8o-nzqg5c70,,,,,,,,,,,,,,
8/6/2026,accent_dialect,697cd118af4b9f1235c8a580,seed_vc,15,4,output_vs_sourceRef,top5,hindi2__587,english584__2197,source_sentence1_english584__2197_s1.wav,seed_vc_top5_output_sentence2_timbre-hindi2__587__source-english584__2197__seed_vc_s2.wav,yes,NA,1025,mshx3msc-rihxiywh,,,,,,,,,,,,,,
8/6/2026,accent_dialect,67dd4210d92f4c3aac8d944c,openvoice,19,4,output_vs_sourceRef,bottom5,gujarati8__1678,english200__667,source_sentence1_english200__667_s1.wav,openvoice_bottom5_output_sentence2_timbre-gujarati8__1678__source-english200__667__openvoice_s2.wav,yes,NA,1093,mshx11x7-5rslmkb7,,,,,,,,,,,,,,
8/6/2026,accent_dialect,614dd304ed948bbfe8c22215,seed_vc,12,1,output_vs_timbreRef,top5,gujarati5__1016,english200__667,reference_sentence1_gujarati5__1016_s1.wav,seed_vc_top5_output_sentence2_timbre-gujarati5__1016__source-english200__667__seed_vc_s2.wav,yes,NA,1994,mshx50cv-xkdut2r8,,,,,,,,,,,,,,
8/6/2026,accent_dialect,6a15d6a799a27da826906cdb,openvoice,21,1,output_vs_timbreRef,bottom5,hindi7__867,english200__667,reference_sentence1_hindi7__867_s1.wav,openvoice_bottom5_output_sentence2_timbre-hindi7__867__source-english200__667__openvoice_s2.wav,no,NA,1135,mshx31ov-4z3uubkh,,,,,,,,,,,,,,
8/6/2026,accent_dialect,697cac7d3bedace54477eb48,seed_vc,34,1,output_vs_timbreRef,top5,gujarati5__1016,english200__667,reference_sentence1_gujarati5__1016_s1.wav,seed_vc_top5_output_sentence2_timbre-gujarati5__1016__source-english200__667__seed_vc_s2.wav,yes,NA,1002,mshx1xj2-rwz9u8wm,,,,,,,,,,,,,,
8/6/2026,accent_dialect,5f828a47a08cb43c715fe3a2,seed_vc,10,1,output_vs_timbreRef,top5,gujarati5__1016,english200__667,reference_sentence1_gujarati5__1016_s1.wav,seed_vc_top5_output_sentence2_timbre-gujarati5__1016__source-english200__667__seed_vc_s2.wav,yes,NA,627,mshx1o2k-hsj8d5iw,,,,,,,,,,,,,,
8/6/2026,accent_dialect,5f1db570f7e0002b7eb1c1dd,openvoice,4,1,output_vs_timbreRef,top5,hindi13__1633,english200__667,openvoice_top5_output_sentence1_timbre-hindi13__1633__source-english200__667__openvoice_s1.wav,reference_sentence2_hindi13__1633_s2.wav,no,NA,1122,mshx6h41-0gfugvcr,,,,,,,,,,,,,,
8/6/2026,accent_dialect,6a0b794a91737ea5a64687f5,seed_vc,11,1,output_vs_timbreRef,bottom5,gujarati4__610,english200__667,seed_vc_bottom5_output_sentence1_timbre-gujarati4__610__source-english200__667__seed_vc_s1.wav,reference_sentence2_gujarati4__610_s2.wav,no,NA,820,mshx22pf-os1a4lzd,,,,,,,,,,,,,,
8/6/2026,accent_dialect,6547eba1d8a02576605bcfb2,seed_vc,24,4,output_vs_sourceRef,top5,hindi19__2206,english584__2197,seed_vc_top5_output_sentence1_timbre-hindi19__2206__source-english584__2197__seed_vc_s1.wav,source_sentence2_english584__2197_s2.wav,yes,NA,587,mshx1oqt-v9obb1yn,,,,,,,,,,,,,,
8/6/2026,accent_dialect,69e56c8f8677d3d655d61941,openvoice,24,6,sourceRef_vs_sourceRef_cross,NA,NA,english584__2197__vs__english200__667,source_sentence1_english584__2197_s1.wav,source_sentence2_english200__667_s2.wav,yes,same,920,mshx21dr-ejpalixz,,,,,,,,,,,,,,
8/6/2026,accent_dialect,67ade0c7138bc5e2f5d72575,openvoice,20,5,sourceRef_vs_sourceRef,bottom5,gujarati7__1504,english200__667,source_sentence1_english200__667_s1.wav,source_sentence2_english200__667_s2.wav,yes,same,664,mshx2heb-jqjfwsn7,,,,,,,,,,,,,,
8/6/2026,accent_dialect,69e5649666d18ba4b364db04,seed_vc,25,1,output_vs_timbreRef,bottom5,hindi21__2236,english584__2197,reference_sentence1_hindi21__2236_s1.wav,seed_vc_bottom5_output_sentence2_timbre-hindi21__2236__source-english584__2197__seed_vc_s2.wav,no,NA,2634,mshx1d1v-e1n34r5j,,,,,,,,,,,,,,
8/6/2026,accent_dialect,69fce9e45d612732dd1ae4e2,seed_vc,13,1,output_vs_timbreRef,top5,gujarati16__2558,english200__667,seed_vc_top5_output_sentence1_timbre-gujarati16__2558__source-english200__667__seed_vc_s1.wav,reference_sentence2_gujarati16__2558_s2.wav,yes,NA,1804,mshx24wm-9vmufgds,,,,,,,,,,,,,,
8/6/2026,accent_dialect,5397a6bbfdf99b1ccc3f1219,openvoice,13,2,timbreRef_vs_timbreRef,bottom5,hindi12__1440,english200__667,reference_sentence1_hindi12__1440_s1.wav,reference_sentence2_hindi12__1440_s2.wav,yes,same,616,mshx231r-mh0agscg,,,,,,,,,,,,,,
8/6/2026,accent_dialect,6a03c72c0c92638f0a23f54a,seed_vc,12,4,output_vs_sourceRef,bottom5,hindi13__1633,english200__667,source_sentence1_english200__667_s1.wav,seed_vc_bottom5_output_sentence2_timbre-hindi13__1633__source-english200__667__seed_vc_s2.wav,no,NA,4260,mshx4f9p-zf5dpeqz,,,,,,,,,,,,,,
8/6/2026,accent_dialect,6a0a200efdf95c93dce00159,openvoice,12,2,timbreRef_vs_timbreRef,top5,hindi19__2206,english584__2197,reference_sentence1_hindi19__2206_s1.wav,reference_sentence2_hindi19__2206_s2.wav,yes,same,1917,mshx3p6l-pwhomepm,,,,,,,,,,,,,,
8/6/2026,accent_dialect,63614af3f714542282bd139b,openvoice,27,1,output_vs_timbreRef,top5,gujarati17__2824,english200__667,openvoice_top5_output_sentence1_timbre-gujarati17__2824__source-english200__667__openvoice_s1.wav,reference_sentence2_gujarati17__2824_s2.wav,no,NA,1437,mshx1g5d-rwgo0ae5,,,,,,,,,,,,,,
8/6/2026,accent_dialect,5d0c10124b68150015fd5bca,seed_vc,21,3,timbreRef_vs_sourceRef,top5,hindi19__2206,english584__2197,reference_sentence1_hindi19__2206_s1.wav,source_sentence2_english584__2197_s2.wav,no,different,2709,mshx20qr-j6nfdb19,,,,,,,,,,,,,,
8/6/2026,accent_dialect,69e8d8794cd2df8c1346c1e3,seed_vc,18,4,output_vs_sourceRef,bottom5,hindi13__1633,english200__667,seed_vc_bottom5_output_sentence1_timbre-hindi13__1633__source-english200__667__seed_vc_s1.wav,source_sentence2_english200__667_s2.wav,yes,NA,547,mshx2geg-pougg10p,,,,,,,,,,,,,,
8/6/2026,accent_dialect,69f2b5f676aaf78f77d69d16,openvoice,21,2,timbreRef_vs_timbreRef,top5,gujarati11__2301,english584__2197,reference_sentence1_gujarati11__2301_s1.wav,reference_sentence2_gujarati11__2301_s2.wav,yes,same,906,mshx1jap-b318jfsn,,,,,,,,,,,,,,
8/6/2026,accent_dialect,5c690f6f81d8da000100c78b,openvoice,28,4,output_vs_sourceRef,bottom5,hindi12__1440,english200__667,source_sentence1_english200__667_s1.wav,openvoice_bottom5_output_sentence2_timbre-hindi12__1440__source-english200__667__openvoice_s2.wav,yes,NA,973,mshx233w-isdpc61p,,,,,,,,,,,,,,
8/6/2026,accent_dialect,697cd118af4b9f1235c8a580,seed_vc,16,2,timbreRef_vs_timbreRef,top5,gujarati16__2558,english200__667,reference_sentence1_gujarati16__2558_s1.wav,reference_sentence2_gujarati16__2558_s2.wav,yes,same,821,mshx3msc-rihxiywh,,,,,,,,,,,,,,
8/6/2026,accent_dialect,58064d91f25c440001678a10,openvoice,23,1,output_vs_timbreRef,top5,hindi19__2206,english584__2197,reference_sentence1_hindi19__2206_s1.wav,openvoice_top5_output_sentence2_timbre-hindi19__2206__source-english584__2197__openvoice_s2.wav,yes,NA,2215,mshx1z74-ej5p9mjs,,,,,,,,,,,,,,
8/6/2026,accent_dialect,6a2601fe8e6d71a830c96a3d,openvoice,7,2,timbreRef_vs_timbreRef,top5,hindi19__2206,english584__2197,reference_sentence1_hindi19__2206_s1.wav,reference_sentence2_hindi19__2206_s2.wav,yes,same,1110,mshx4v2v-bp4h9c5l,,,,,,,,,,,,,,
8/6/2026,accent_dialect,6776bf1a71392619a43359d3,seed_vc,26,4,output_vs_sourceRef,bottom5,gujarati4__610,english200__667,source_sentence1_english200__667_s1.wav,seed_vc_bottom5_output_sentence2_timbre-gujarati4__610__source-english200__667__seed_vc_s2.wav,yes,NA,704,mshx2duk-nduw1k93,,,,,,,,,,,,,,
8/6/2026,accent_dialect,6a15a8f478abb7b087750295,openvoice,20,3,timbreRef_vs_sourceRef,bottom5,gujarati8__1678,english200__667,reference_sentence1_gujarati8__1678_s1.wav,source_sentence2_english200__667_s2.wav,yes,different,1310,mshx2ras-7m8pgyki,,,,,,,,,,,,,,
8/6/2026,accent_dialect,6a08b966c2858ddb629d187b,openvoice,7,1,output_vs_timbreRef,bottom5,gujarati7__1504,english200__667,openvoice_bottom5_output_sentence1_timbre-gujarati7__1504__source-english200__667__openvoice_s1.wav,reference_sentence2_gujarati7__1504_s2.wav,no,NA,478,mshx2jpf-rp3am65p,,,,,,,,,,,,,,
8/6/2026,accent_dialect,5d6466d84e9aae0001598a5a,seed_vc,21,2,timbreRef_vs_timbreRef,bottom5,hindi13__1633,english200__667,reference_sentence1_hindi13__1633_s1.wav,reference_sentence2_hindi13__1633_s2.wav,yes,same,633,mshx2no8-mdjmyj05,,,,,,,,,,,,,,
8/6/2026,accent_dialect,69d59bb26cbbb9ca14a5eb04,seed_vc,10,1,output_vs_timbreRef,top5,hindi10__1202,english200__667,seed_vc_top5_output_sentence1_timbre-hindi10__1202__source-english200__667__seed_vc_s1.wav,reference_sentence2_hindi10__1202_s2.wav,yes,NA,931,mshx469a-p5k8oz6g,,,,,,,,,,,,,,
8/6/2026,accent_dialect,5f1db570f7e0002b7eb1c1dd,openvoice,5,1,output_vs_timbreRef,bottom5,gujarati9__2041,english584__2197,openvoice_bottom5_output_sentence1_timbre-gujarati9__2041__source-english584__2197__openvoice_s1.wav,reference_sentence2_gujarati9__2041_s2.wav,no,NA,1514,mshx6h41-0gfugvcr,,,,,,,,,,,,,,
8/6/2026,accent_dialect,5d0eecdd348afe00015865aa,openvoice,21,4,output_vs_sourceRef,top5,gujarati13__2409,english200__667,source_sentence1_english200__667_s1.wav,openvoice_top5_output_sentence2_timbre-gujarati13__2409__source-english200__667__openvoice_s2.wav,no,NA,1727,mshx2fxn-9ttvrw2q,,,,,,,,,,,,,,
8/6/2026,accent_dialect,69f12a486ad4ab0dbc1683df,openvoice,1,1,output_vs_timbreRef,top5,gujarati11__2301,english584__2197,openvoice_top5_output_sentence1_timbre-gujarati11__2301__source-english584__2197__openvoice_s1.wav,reference_sentence2_gujarati11__2301_s2.wav,no,NA,830,mshx79un-2ikdke8q,,,,,,,,,,,,,,
8/6/2026,accent_dialect,698a6f9a70f427ea2c5019e6,seed_vc,5,3,timbreRef_vs_sourceRef,bottom5,hindi13__1633,english200__667,reference_sentence1_hindi13__1633_s1.wav,source_sentence2_english200__667_s2.wav,no,different,1108,mshx4dns-9alm2dpz,,,,,,,,,,,,,,
8/6/2026,accent_dialect,662e89416a1d494ac9e84af3,seed_vc,31,4,output_vs_sourceRef,bottom5,hindi13__1633,english200__667,source_sentence1_english200__667_s1.wav,seed_vc_bottom5_output_sentence2_timbre-hindi13__1633__source-english200__667__seed_vc_s2.wav,yes,NA,1010,mshx1noc-eiuxz5bz,,,,,,,,,,,,,,
8/6/2026,accent_dialect,5c7f489defd9e20015751167,openvoice,35,3,timbreRef_vs_sourceRef,bottom5,gujarati9__2041,english584__2197,source_sentence1_english584__2197_s1.wav,reference_sentence2_gujarati9__2041_s2.wav,no,different,580,mshx1b8o-nzqg5c70,,,,,,,,,,,,,,
8/6/2026,accent_dialect,69e5649666d18ba4b364db04,seed_vc,26,2,timbreRef_vs_timbreRef,bottom5,hindi21__2236,english584__2197,reference_sentence1_hindi21__2236_s1.wav,reference_sentence2_hindi21__2236_s2.wav,yes,same,541,mshx1d1v-e1n34r5j,,,,,,,,,,,,,,
8/6/2026,accent_dialect,65e681c76bbe9d2e2a43faec,openvoice,17,2,timbreRef_vs_timbreRef,bottom5,gujarati8__1678,english200__667,reference_sentence1_gujarati8__1678_s1.wav,reference_sentence2_gujarati8__1678_s2.wav,yes,same,1914,mshx341q-rjtxf289,,,,,,,,,,,,,,
8/6/2026,accent_dialect,6a15d6a799a27da826906cdb,openvoice,22,2,timbreRef_vs_timbreRef,bottom5,gujarati7__1504,english200__667,reference_sentence1_gujarati7__1504_s1.wav,reference_sentence2_gujarati7__1504_s2.wav,yes,same,1083,mshx31ov-4z3uubkh,,,,,,,,,,,,,,
8/6/2026,accent_dialect,6a21aceedbb1056fb595bc03,openvoice,24,4,output_vs_sourceRef,top5,gujarati11__2301,english584__2197,source_sentence1_english584__2197_s1.wav,openvoice_top5_output_sentence2_timbre-gujarati11__2301__source-english584__2197__openvoice_s2.wav,yes,NA,532,mshx3m5a-8bmjlj5g,,,,,,,,,,,,,,
8/6/2026,accent_dialect,6998804cdfd462a8fab9b10f,openvoice,20,1,output_vs_timbreRef,bottom5,hindi7__867,english200__667,reference_sentence1_hindi7__867_s1.wav,openvoice_bottom5_output_sentence2_timbre-hindi7__867__source-english200__667__openvoice_s2.wav,no,NA,647,mshx38gr-2vxoggk5,,,,,,,,,,,,,,
8/6/2026,accent_dialect,5bdf8d7eee652a0001f0999c,seed_vc,21,3,timbreRef_vs_sourceRef,top5,hindi2__587,english584__2197,reference_sentence1_hindi2__587_s1.wav,source_sentence2_english584__2197_s2.wav,no,different,1922,mshx2exz-hb5k5jbj,,,,,,,,,,,,,,
8/6/2026,accent_dialect,5f828a47a08cb43c715fe3a2,seed_vc,11,1,output_vs_timbreRef,bottom5,gujarati4__610,english200__667,reference_sentence1_gujarati4__610_s1.wav,seed_vc_bottom5_output_sentence2_timbre-gujarati4__610__source-english200__667__seed_vc_s2.wav,yes,NA,813,mshx1o2k-hsj8d5iw,,,,,,,,,,,,,,
8/6/2026,accent_dialect,6a0a200efdf95c93dce00159,openvoice,13,4,output_vs_sourceRef,top5,hindi13__1633,english200__667,openvoice_top5_output_sentence1_timbre-hindi13__1633__source-english200__667__openvoice_s1.wav,source_sentence2_english200__667_s2.wav,no,NA,2075,mshx3p6l-pwhomepm,,,,,,,,,,,,,,
8/6/2026,accent_dialect,594a969df0ea1b0001558178,openvoice,7,4,output_vs_sourceRef,top5,gujarati11__2301,english584__2197,openvoice_top5_output_sentence1_timbre-gujarati11__2301__source-english584__2197__openvoice_s1.wav,source_sentence2_english584__2197_s2.wav,yes,NA,1861,mshx3062-tzc0d5me,,,,,,,,,,,,,,
8/6/2026,accent_dialect,699292d2b2321f8f920b55dd,openvoice,28,4,output_vs_sourceRef,top5,gujarati13__2409,english200__667,source_sentence1_english200__667_s1.wav,openvoice_top5_output_sentence2_timbre-gujarati13__2409__source-english200__667__openvoice_s2.wav,no,NA,975,mshx1u48-slhdj2vr,,,,,,,,,,,,,,
8/6/2026,accent_dialect,6a2601fe8e6d71a830c96a3d,openvoice,8,3,timbreRef_vs_sourceRef,top5,gujarati11__2301,english584__2197,reference_sentence1_gujarati11__2301_s1.wav,source_sentence2_english584__2197_s2.wav,no,different,623,mshx4v2v-bp4h9c5l,,,,,,,,,,,,,,
8/6/2026,accent_dialect,6a0e24dc9563561507623d39,seed_vc,32,3,timbreRef_vs_sourceRef,bottom5,hindi16__1966,english584__2197,reference_sentence1_hindi16__1966_s1.wav,source_sentence2_english584__2197_s2.wav,no,different,717,mshx1i80-yps2tnia,,,,,,,,,,,,,,
8/6/2026,accent_dialect,5f9a0b386a200211eea8e2ed,openvoice,44,3,timbreRef_vs_sourceRef,bottom5,hindi12__1440,english200__667,reference_sentence1_hindi12__1440_s1.wav,source_sentence2_english200__667_s2.wav,no,different,1980,mshx12l7-4q2zdl3d,,,,,,,,,,,,,,
8/6/2026,accent_dialect,66b123d3c5b7eea8d9120bde,openvoice,12,3,timbreRef_vs_sourceRef,top5,hindi19__2206,english584__2197,reference_sentence1_hindi19__2206_s1.wav,source_sentence2_english584__2197_s2.wav,no,different,1082,mshx2n8g-t70mhgcu,,,,,,,,,,,,,,
8/6/2026,accent_dialect,6a01252cc7f0d061aff61bf1,openvoice,12,2,timbreRef_vs_timbreRef,top5,hindi19__2206,english584__2197,reference_sentence1_hindi19__2206_s1.wav,reference_sentence2_hindi19__2206_s2.wav,yes,same,2086,mshx1626-8q6oeb6l,,,,,,,,,,,,,,
8/6/2026,accent_dialect,616b2966d0aee4f9879a656b,seed_vc,25,3,timbreRef_vs_sourceRef,bottom5,hindi16__1966,english584__2197,source_sentence1_english584__2197_s1.wav,reference_sentence2_hindi16__1966_s2.wav,no,different,717,mshx22ml-udiw7nts,,,,,,,,,,,,,,
8/6/2026,accent_dialect,676ecc2cdff817e43c22a375,seed_vc,24,1,output_vs_timbreRef,bottom5,hindi13__1633,english200__667,seed_vc_bottom5_output_sentence1_timbre-hindi13__1633__source-english200__667__seed_vc_s1.wav,reference_sentence2_hindi13__1633_s2.wav,no,NA,1345,mshx2lnc-1x73r3sk,,,,,,,,,,,,,,
8/6/2026,accent_dialect,66bfe5ecc23f1e2109f144d6,seed_vc,29,4,output_vs_sourceRef,bottom5,hindi21__2236,english584__2197,source_sentence1_english584__2197_s1.wav,seed_vc_bottom5_output_sentence2_timbre-hindi21__2236__source-english584__2197__seed_vc_s2.wav,yes,NA,2109,mshx1kb9-31qzhrfj,,,,,,,,,,,,,,
8/6/2026,accent_dialect,6776bf1a71392619a43359d3,seed_vc,27,2,timbreRef_vs_timbreRef,top5,hindi2__587,english584__2197,reference_sentence1_hindi2__587_s1.wav,reference_sentence2_hindi2__587_s2.wav,yes,same,712,mshx2duk-nduw1k93,,,,,,,,,,,,,,
8/6/2026,accent_dialect,5acb7b0ae1099600016acdd6,seed_vc,15,2,timbreRef_vs_timbreRef,top5,gujarati5__1016,english200__667,reference_sentence1_gujarati5__1016_s1.wav,reference_sentence2_gujarati5__1016_s2.wav,no,same,6798,mshx1yj8-t4xm8w61,,,,,,,,,,,,,,
8/6/2026,accent_dialect,5c7f489defd9e20015751167,openvoice,36,1,output_vs_timbreRef,top5,gujarati13__2409,english200__667,openvoice_top5_output_sentence1_timbre-gujarati13__2409__source-english200__667__openvoice_s1.wav,reference_sentence2_gujarati13__2409_s2.wav,no,NA,548,mshx1b8o-nzqg5c70,,,,,,,,,,,,,,
8/6/2026,accent_dialect,698a6f9a70f427ea2c5019e6,seed_vc,6,4,output_vs_sourceRef,bottom5,hindi21__2236,english584__2197,seed_vc_bottom5_output_sentence1_timbre-hindi21__2236__source-english584__2197__seed_vc_s1.wav,source_sentence2_english584__2197_s2.wav,yes,NA,2237,mshx4dns-9alm2dpz,,,,,,,,,,,,,,
8/6/2026,accent_dialect,6a15d6a799a27da826906cdb,openvoice,23,1,output_vs_timbreRef,bottom5,gujarati7__1504,english200__667,reference_sentence1_gujarati7__1504_s1.wav,openvoice_bottom5_output_sentence2_timbre-gujarati7__1504__source-english200__667__openvoice_s2.wav,no,NA,2153,mshx31ov-4z3uubkh,,,,,,,,,,,,,,
8/6/2026,accent_dialect,697cac7d3bedace54477eb48,seed_vc,36,3,timbreRef_vs_sourceRef,bottom5,hindi21__2236,english584__2197,source_sentence1_english584__2197_s1.wav,reference_sentence2_hindi21__2236_s2.wav,no,different,2155,mshx1xj2-rwz9u8wm,,,,,,,,,,,,,,
8/6/2026,accent_dialect,69e56c8f8677d3d655d61941,openvoice,26,1,output_vs_timbreRef,top5,gujarati13__2409,english200__667,reference_sentence1_gujarati13__2409_s1.wav,openvoice_top5_output_sentence2_timbre-gujarati13__2409__source-english200__667__openvoice_s2.wav,no,NA,686,mshx21dr-ejpalixz,,,,,,,,,,,,,,
8/6/2026,accent_dialect,69e7e7545bf81637207605dd,openvoice,8,5,sourceRef_vs_sourceRef,bottom5,gujarati7__1504,english200__667,source_sentence1_english200__667_s1.wav,source_sentence2_english200__667_s2.wav,yes,same,646,mshx6e5d-h45v7smg,,,,,,,,,,,,,,
8/6/2026,accent_dialect,6a21aceedbb1056fb595bc03,openvoice,25,3,timbreRef_vs_sourceRef,top5,hindi13__1633,english200__667,source_sentence1_english200__667_s1.wav,reference_sentence2_hindi13__1633_s2.wav,no,different,476,mshx3m5a-8bmjlj5g,,,,,,,,,,,,,,
8/6/2026,accent_dialect,55aa9c8dfdf99b634b427b9a,openvoice,29,4,output_vs_sourceRef,bottom5,hindi7__867,english200__667,source_sentence1_english200__667_s1.wav,openvoice_bottom5_output_sentence2_timbre-hindi7__867__source-english200__667__openvoice_s2.wav,yes,NA,579,mshx21h5-or0h8zxy,,,,,,,,,,,,,,
8/6/2026,accent_dialect,66ecded667f721bca7e5609d,openvoice,33,3,timbreRef_vs_sourceRef,bottom5,gujarati7__1504,english200__667,source_sentence1_english200__667_s1.wav,reference_sentence2_gujarati7__1504_s2.wav,no,different,1033,mshx1cdz-fe8mzg47,,,,,,,,,,,,,,
8/6/2026,accent_dialect,65e681c76bbe9d2e2a43faec,openvoice,18,3,timbreRef_vs_sourceRef,bottom5,gujarati9__2041,english584__2197,source_sentence1_english584__2197_s1.wav,reference_sentence2_gujarati9__2041_s2.wav,no,different,2755,mshx341q-rjtxf289,,,,,,,,,,,,,,
8/6/2026,accent_dialect,697cd118af4b9f1235c8a580,seed_vc,17,2,timbreRef_vs_timbreRef,bottom5,gujarati4__610,english200__667,reference_sentence1_gujarati4__610_s1.wav,reference_sentence2_gujarati4__610_s2.wav,yes,same,1066,mshx3msc-rihxiywh,,,,,,,,,,,,,,
8/6/2026,accent_dialect,69e5649666d18ba4b364db04,seed_vc,27,2,timbreRef_vs_timbreRef,bottom5,hindi16__1966,english584__2197,reference_sentence1_hindi16__1966_s1.wav,reference_sentence2_hindi16__1966_s2.wav,yes,same,953,mshx1d1v-e1n34r5j,,,,,,,,,,,,,,
8/6/2026,accent_dialect,6a08b966c2858ddb629d187b,openvoice,9,1,output_vs_timbreRef,top5,gujarati11__2301,english584__2197,openvoice_top5_output_sentence1_timbre-gujarati11__2301__source-english584__2197__openvoice_s1.wav,reference_sentence2_gujarati11__2301_s2.wav,no,NA,577,mshx2jpf-rp3am65p,,,,,,,,,,,,,,
8/6/2026,accent_dialect,69fcae003b080bd0cacb7412,seed_vc,27,1,output_vs_timbreRef,bottom5,gujarati4__610,english200__667,seed_vc_bottom5_output_sentence1_timbre-gujarati4__610__source-english200__667__seed_vc_s1.wav,reference_sentence2_gujarati4__610_s2.wav,no,NA,1112,mshx1u62-fqxouafe,,,,,,,,,,,,,,
8/6/2026,accent_dialect,5c690f6f81d8da000100c78b,openvoice,30,1,output_vs_timbreRef,bottom5,gujarati7__1504,english200__667,reference_sentence1_gujarati7__1504_s1.wav,openvoice_bottom5_output_sentence2_timbre-gujarati7__1504__source-english200__667__openvoice_s2.wav,no,NA,2388,mshx233w-isdpc61p,,,,,,,,,,,,,,
8/6/2026,accent_dialect,63614af3f714542282bd139b,openvoice,29,2,timbreRef_vs_timbreRef,top5,hindi19__2206,english584__2197,reference_sentence1_hindi19__2206_s1.wav,reference_sentence2_hindi19__2206_s2.wav,no,same,915,mshx1g5d-rwgo0ae5,,,,,,,,,,,,,,
8/6/2026,accent_dialect,5d6466d84e9aae0001598a5a,seed_vc,23,3,timbreRef_vs_sourceRef,bottom5,hindi26__2354,english584__2197,reference_sentence1_hindi26__2354_s1.wav,source_sentence2_english584__2197_s2.wav,no,different,501,mshx2no8-mdjmyj05,,,,,,,,,,,,,,
8/6/2026,accent_dialect,66b123d3c5b7eea8d9120bde,openvoice,13,2,timbreRef_vs_timbreRef,bottom5,gujarati9__2041,english584__2197,reference_sentence1_gujarati9__2041_s1.wav,reference_sentence2_gujarati9__2041_s2.wav,yes,same,1351,mshx2n8g-t70mhgcu,,,,,,,,,,,,,,
8/6/2026,accent_dialect,69f12a486ad4ab0dbc1683df,openvoice,3,4,output_vs_sourceRef,top5,gujarati17__2824,english200__667,source_sentence1_english200__667_s1.wav,openvoice_top5_output_sentence2_timbre-gujarati17__2824__source-english200__667__openvoice_s2.wav,yes,NA,1154,mshx79un-2ikdke8q,,,,,,,,,,,,,,
8/6/2026,accent_dialect,5f23b7f1c920f1000baef3b1,openvoice,33,3,timbreRef_vs_sourceRef,bottom5,gujarati9__2041,english584__2197,source_sentence1_english584__2197_s1.wav,reference_sentence2_gujarati9__2041_s2.wav,no,different,756,mshx1j9z-o5ud5lwi,,,,,,,,,,,,,,
8/6/2026,accent_dialect,58064d91f25c440001678a10,openvoice,25,5,sourceRef_vs_sourceRef,bottom5,gujarati9__2041,english584__2197,source_sentence1_english584__2197_s1.wav,source_sentence2_english584__2197_s2.wav,yes,same,809,mshx1z74-ej5p9mjs,,,,,,,,,,,,,,
8/6/2026,accent_dialect,6a1367055e82b8a9a60fcfa7,seed_vc,38,1,output_vs_timbreRef,bottom5,hindi13__1633,english200__667,reference_sentence1_hindi13__1633_s1.wav,seed_vc_bottom5_output_sentence2_timbre-hindi13__1633__source-english200__667__seed_vc_s2.wav,no,NA,531,mshx1v8y-latl0nlp,,,,,,,,,,,,,,
8/6/2026,accent_dialect,69fef2baef4c76d1fd6b0db8,openvoice,10,5,sourceRef_vs_sourceRef,bottom5,gujarati9__2041,english584__2197,source_sentence1_english584__2197_s1.wav,source_sentence2_english584__2197_s2.wav,yes,same,1099,mshx1bgv-htxpkxbn,,,,,,,,,,,,,,
8/6/2026,accent_dialect,6a14824f1c967f6a6916dee7,openvoice,16,3,timbreRef_vs_sourceRef,top5,hindi13__1633,english200__667,source_sentence1_english200__667_s1.wav,reference_sentence2_hindi13__1633_s2.wav,no,different,1469,mshx2ok1-wcy4jqsh,,,,,,,,,,,,,,
8/6/2026,accent_dialect,6a2601fe8e6d71a830c96a3d,openvoice,9,1,output_vs_timbreRef,bottom5,hindi7__867,english200__667,reference_sentence1_hindi7__867_s1.wav,openvoice_bottom5_output_sentence2_timbre-hindi7__867__source-english200__667__openvoice_s2.wav,yes,NA,4493,mshx4v2v-bp4h9c5l,,,,,,,,,,,,,,
8/6/2026,accent_dialect,6a01252cc7f0d061aff61bf1,openvoice,13,2,timbreRef_vs_timbreRef,bottom5,gujarati7__1504,english200__667,reference_sentence1_gujarati7__1504_s1.wav,reference_sentence2_gujarati7__1504_s2.wav,no,same,1196,mshx1626-8q6oeb6l,,,,,,,,,,,,,,
8/6/2026,accent_dialect,6a15d6a799a27da826906cdb,openvoice,24,6,sourceRef_vs_sourceRef_cross,NA,NA,english200__667__vs__english584__2197,source_sentence1_english200__667_s1.wav,source_sentence2_english584__2197_s2.wav,yes,same,1050,mshx31ov-4z3uubkh,,,,,,,,,,,,,,
8/6/2026,accent_dialect,6a21aceedbb1056fb595bc03,openvoice,26,4,output_vs_sourceRef,bottom5,gujarati9__2041,english584__2197,source_sentence1_english584__2197_s1.wav,openvoice_bottom5_output_sentence2_timbre-gujarati9__2041__source-english584__2197__openvoice_s2.wav,yes,NA,587,mshx3m5a-8bmjlj5g,,,,,,,,,,,,,,
8/6/2026,accent_dialect,662e89416a1d494ac9e84af3,seed_vc,33,3,timbreRef_vs_sourceRef,top5,gujarati16__2558,english200__667,source_sentence1_english200__667_s1.wav,reference_sentence2_gujarati16__2558_s2.wav,no,different,1109,mshx1noc-eiuxz5bz,,,,,,,,,,,,,,
8/6/2026,accent_dialect,6a14b675ce0a732e504a4221,seed_vc,22,1,output_vs_timbreRef,top5,gujarati16__2558,english200__667,seed_vc_top5_output_sentence1_timbre-gujarati16__2558__source-english200__667__seed_vc_s1.wav,reference_sentence2_gujarati16__2558_s2.wav,yes,NA,875,mshx1gbb-td592rew,,,,,,,,,,,,,,
8/6/2026,accent_dialect,616b2966d0aee4f9879a656b,seed_vc,26,1,output_vs_timbreRef,top5,hindi19__2206,english584__2197,seed_vc_top5_output_sentence1_timbre-hindi19__2206__source-english584__2197__seed_vc_s1.wav,reference_sentence2_hindi19__2206_s2.wav,no,NA,3116,mshx22ml-udiw7nts,,,,,,,,,,,,,,
8/6/2026,accent_dialect,676ecc2cdff817e43c22a375,seed_vc,25,4,output_vs_sourceRef,bottom5,gujarati4__610,english200__667,source_sentence1_english200__667_s1.wav,seed_vc_bottom5_output_sentence2_timbre-gujarati4__610__source-english200__667__seed_vc_s2.wav,no,NA,1151,mshx2lnc-1x73r3sk,,,,,,,,,,,,,,
8/6/2026,accent_dialect,69d8eab7b04ea057a65bdb4d,seed_vc,24,3,timbreRef_vs_sourceRef,bottom5,hindi26__2354,english584__2197,source_sentence1_english584__2197_s1.wav,reference_sentence2_hindi26__2354_s2.wav,no,different,482,mshx26fg-o3ecmoil,,,,,,,,,,,,,,
8/6/2026,accent_dialect,69fcae003b080bd0cacb7412,seed_vc,28,2,timbreRef_vs_timbreRef,top5,hindi19__2206,english584__2197,reference_sentence1_hindi19__2206_s1.wav,reference_sentence2_hindi19__2206_s2.wav,yes,same,1006,mshx1u62-fqxouafe,,,,,,,,,,,,,,
8/6/2026,accent_dialect,66ecded667f721bca7e5609d,openvoice,32,4,output_vs_sourceRef,bottom5,gujarati8__1678,english200__667,source_sentence1_english200__667_s1.wav,openvoice_bottom5_output_sentence2_timbre-gujarati8__1678__source-english200__667__openvoice_s2.wav,yes,NA,1204,mshx1cdz-fe8mzg47,,,,,,,,,,,,,,
8/6/2026,accent_dialect,5f1db570f7e0002b7eb1c1dd,openvoice,7,2,timbreRef_vs_timbreRef,bottom5,gujarati8__1678,english200__667,reference_sentence1_gujarati8__1678_s1.wav,reference_sentence2_gujarati8__1678_s2.wav,yes,same,906,mshx6h41-0gfugvcr,,,,,,,,,,,,,,
8/6/2026,accent_dialect,67713f8437575dd855393a8f,seed_vc,23,2,timbreRef_vs_timbreRef,top5,hindi10__1202,english200__667,reference_sentence1_hindi10__1202_s1.wav,reference_sentence2_hindi10__1202_s2.wav,yes,same,869,mshx2db3-vly3jg9t,,,,,,,,,,,,,,
8/6/2026,accent_dialect,69e8d8794cd2df8c1346c1e3,seed_vc,21,2,timbreRef_vs_timbreRef,top5,hindi2__587,english584__2197,reference_sentence1_hindi2__587_s1.wav,reference_sentence2_hindi2__587_s2.wav,yes,same,1016,mshx2geg-pougg10p,,,,,,,,,,,,,,
8/6/2026,accent_dialect,6090578fb2299eacaec32b7a,openvoice,18,1,output_vs_timbreRef,top5,hindi13__1633,english200__667,openvoice_top5_output_sentence1_timbre-hindi13__1633__source-english200__667__openvoice_s1.wav,reference_sentence2_hindi13__1633_s2.wav,no,NA,1765,mshx3z6l-nazevfju,,,,,,,,,,,,,,
8/6/2026,accent_dialect,6a0a200efdf95c93dce00159,openvoice,15,2,timbreRef_vs_timbreRef,bottom5,gujarati8__1678,english200__667,reference_sentence1_gujarati8__1678_s1.wav,reference_sentence2_gujarati8__1678_s2.wav,yes,same,1094,mshx3p6l-pwhomepm,,,,,,,,,,,,,,
8/6/2026,accent_dialect,69f25a06e6dfc9f5ecaf7b31,seed_vc,23,3,timbreRef_vs_sourceRef,bottom5,hindi21__2236,english584__2197,source_sentence1_english584__2197_s1.wav,reference_sentence2_hindi21__2236_s2.wav,no,different,705,mshx1auo-2tp9t4l9,,,,,,,,,,,,,,
8/6/2026,accent_dialect,5d6466d84e9aae0001598a5a,seed_vc,24,2,timbreRef_vs_timbreRef,top5,hindi10__1202,english200__667,reference_sentence1_hindi10__1202_s1.wav,reference_sentence2_hindi10__1202_s2.wav,yes,same,884,mshx2no8-mdjmyj05,,,,,,,,,,,,,,
8/6/2026,accent_dialect,6a03c72c0c92638f0a23f54a,seed_vc,15,4,output_vs_sourceRef,bottom5,hindi16__1966,english584__2197,seed_vc_bottom5_output_sentence1_timbre-hindi16__1966__source-english584__2197__seed_vc_s1.wav,source_sentence2_english584__2197_s2.wav,yes,NA,1044,mshx4f9p-zf5dpeqz,,,,,,,,,,,,,,
8/6/2026,accent_dialect,69e56c8f8677d3d655d61941,openvoice,28,4,output_vs_sourceRef,top5,hindi13__1633,english200__667,source_sentence1_english200__667_s1.wav,openvoice_top5_output_sentence2_timbre-hindi13__1633__source-english200__667__openvoice_s2.wav,yes,NA,777,mshx21dr-ejpalixz,,,,,,,,,,,,,,
8/6/2026,accent_dialect,5dceca2541afe801a32e27ac,openvoice,17,4,output_vs_sourceRef,top5,gujarati11__2301,english584__2197,source_sentence1_english584__2197_s1.wav,openvoice_top5_output_sentence2_timbre-gujarati11__2301__source-english584__2197__openvoice_s2.wav,no,NA,1916,mshx1qcv-3rudfu98,,,,,,,,,,,,,,
8/6/2026,accent_dialect,5bcc60b95c2b810001dc68e2,seed_vc,26,1,output_vs_timbreRef,top5,hindi10__1202,english200__667,seed_vc_top5_output_sentence1_timbre-hindi10__1202__source-english200__667__seed_vc_s1.wav,reference_sentence2_hindi10__1202_s2.wav,yes,NA,1915,mshx1tkg-nm50v5h1,,,,,,,,,,,,,,
8/6/2026,accent_dialect,69d8eab7b04ea057a65bdb4d,seed_vc,25,3,timbreRef_vs_sourceRef,bottom5,hindi21__2236,english584__2197,reference_sentence1_hindi21__2236_s1.wav,source_sentence2_english584__2197_s2.wav,no,different,646,mshx26fg-o3ecmoil,,,,,,,,,,,,,,
8/6/2026,accent_dialect,66ccdd9f6b12c6ea6fa01f42,seed_vc,7,1,output_vs_timbreRef,top5,gujarati16__2558,english200__667,reference_sentence1_gujarati16__2558_s1.wav,seed_vc_top5_output_sentence2_timbre-gujarati16__2558__source-english200__667__seed_vc_s2.wav,yes,NA,1326,mshx22lj-u2967oxb,,,,,,,,,,,,,,
8/6/2026,accent_dialect,69e7e7545bf81637207605dd,openvoice,10,1,output_vs_timbreRef,bottom5,hindi7__867,english200__667,openvoice_bottom5_output_sentence1_timbre-hindi7__867__source-english200__667__openvoice_s1.wav,reference_sentence2_hindi7__867_s2.wav,no,NA,645,mshx6e5d-h45v7smg,,,,,,,,,,,,,,
8/6/2026,accent_dialect,614dd304ed948bbfe8c22215,seed_vc,16,1,output_vs_timbreRef,bottom5,hindi21__2236,english584__2197,seed_vc_bottom5_output_sentence1_timbre-hindi21__2236__source-english584__2197__seed_vc_s1.wav,reference_sentence2_hindi21__2236_s2.wav,no,NA,937,mshx50cv-xkdut2r8,,,,,,,,,,,,,,
8/6/2026,accent_dialect,69d59bb26cbbb9ca14a5eb04,seed_vc,12,2,timbreRef_vs_timbreRef,bottom5,hindi26__2354,english584__2197,reference_sentence1_hindi26__2354_s1.wav,reference_sentence2_hindi26__2354_s2.wav,yes,same,935,mshx469a-p5k8oz6g,,,,,,,,,,,,,,
8/6/2026,accent_dialect,6a0b794a91737ea5a64687f5,seed_vc,15,3,timbreRef_vs_sourceRef,top5,gujarati5__1016,english200__667,reference_sentence1_gujarati5__1016_s1.wav,source_sentence2_english200__667_s2.wav,no,different,969,mshx22pf-os1a4lzd,,,,,,,,,,,,,,
8/6/2026,accent_dialect,56aa90d5638440000c8b506f,seed_vc,6,3,timbreRef_vs_sourceRef,top5,hindi2__587,english584__2197,source_sentence1_english584__2197_s1.wav,reference_sentence2_hindi2__587_s2.wav,no,different,1879,mshx2qtr-tbs8zybb,,,,,,,,,,,,,,
8/6/2026,accent_dialect,67713f8437575dd855393a8f,seed_vc,24,4,output_vs_sourceRef,bottom5,hindi26__2354,english584__2197,source_sentence1_english584__2197_s1.wav,seed_vc_bottom5_output_sentence2_timbre-hindi26__2354__source-english584__2197__seed_vc_s2.wav,no,NA,1534,mshx2db3-vly3jg9t,,,,,,,,,,,,,,
8/6/2026,accent_dialect,69fd502ade7763b4307a98af,seed_vc,1,6,sourceRef_vs_sourceRef_cross,NA,NA,english200__667__vs__english584__2197,source_sentence1_english200__667_s1.wav,source_sentence2_english584__2197_s2.wav,no,same,1396,mshx66cb-lxo41smp,,,,,,,,,,,,,,
8/6/2026,accent_dialect,69f25a06e6dfc9f5ecaf7b31,seed_vc,25,5,sourceRef_vs_sourceRef,bottom5,hindi16__1966,english584__2197,source_sentence1_english584__2197_s1.wav,source_sentence2_english584__2197_s2.wav,yes,same,710,mshx1auo-2tp9t4l9,,,,,,,,,,,,,,
8/6/2026,accent_dialect,697cd118af4b9f1235c8a580,seed_vc,19,6,sourceRef_vs_sourceRef_cross,NA,NA,english584__2197__vs__english200__667,source_sentence1_english584__2197_s1.wav,source_sentence2_english200__667_s2.wav,yes,same,864,mshx3msc-rihxiywh,,,,,,,,,,,,,,
8/6/2026,accent_dialect,6a15a8f478abb7b087750295,openvoice,23,3,timbreRef_vs_sourceRef,top5,gujarati11__2301,english584__2197,reference_sentence1_gujarati11__2301_s1.wav,source_sentence2_english584__2197_s2.wav,no,different,774,mshx2ras-7m8pgyki,,,,,,,,,,,,,,
8/6/2026,accent_dialect,69e8d8794cd2df8c1346c1e3,seed_vc,22,3,timbreRef_vs_sourceRef,top5,hindi19__2206,english584__2197,reference_sentence1_hindi19__2206_s1.wav,source_sentence2_english584__2197_s2.wav,yes,different,405,mshx2geg-pougg10p,,,,,,,,,,,,,,
8/6/2026,accent_dialect,69f12a486ad4ab0dbc1683df,openvoice,5,3,timbreRef_vs_sourceRef,top5,gujarati13__2409,english200__667,source_sentence1_english200__667_s1.wav,reference_sentence2_gujarati13__2409_s2.wav,no,different,911,mshx79un-2ikdke8q,,,,,,,,,,,,,,
8/6/2026,accent_dialect,66bfe5ecc23f1e2109f144d6,seed_vc,31,3,timbreRef_vs_sourceRef,bottom5,hindi26__2354,english584__2197,source_sentence1_english584__2197_s1.wav,reference_sentence2_hindi26__2354_s2.wav,no,different,411,mshx1kb9-31qzhrfj,,,,,,,,,,,,,,
8/6/2026,accent_dialect,676ecc2cdff817e43c22a375,seed_vc,26,3,timbreRef_vs_sourceRef,top5,gujarati5__1016,english200__667,reference_sentence1_gujarati5__1016_s1.wav,source_sentence2_english200__667_s2.wav,no,different,1090,mshx2lnc-1x73r3sk,,,,,,,,,,,,,,
8/6/2026,accent_dialect,698b70d95529cc75f2634783,openvoice,18,4,output_vs_sourceRef,bottom5,gujarati9__2041,english584__2197,source_sentence1_english584__2197_s1.wav,openvoice_bottom5_output_sentence2_timbre-gujarati9__2041__source-english584__2197__openvoice_s2.wav,yes,NA,1082,mshx1fqp-5zh159ax,,,,,,,,,,,,,,
8/6/2026,accent_dialect,6a1367055e82b8a9a60fcfa7,seed_vc,40,3,timbreRef_vs_sourceRef,bottom5,hindi21__2236,english584__2197,reference_sentence1_hindi21__2236_s1.wav,source_sentence2_english584__2197_s2.wav,no,different,492,mshx1v8y-latl0nlp,,,,,,,,,,,,,,
8/6/2026,accent_dialect,69e56c8f8677d3d655d61941,openvoice,29,1,output_vs_timbreRef,top5,hindi19__2206,english584__2197,openvoice_top5_output_sentence1_timbre-hindi19__2206__source-english584__2197__openvoice_s1.wav,reference_sentence2_hindi19__2206_s2.wav,no,NA,1093,mshx21dr-ejpalixz,,,,,,,,,,,,,,
8/6/2026,accent_dialect,58064d91f25c440001678a10,openvoice,27,4,output_vs_sourceRef,bottom5,hindi12__1440,english200__667,source_sentence1_english200__667_s1.wav,openvoice_bottom5_output_sentence2_timbre-hindi12__1440__source-english200__667__openvoice_s2.wav,yes,NA,1196,mshx1z74-ej5p9mjs,,,,,,,,,,,,,,
8/6/2026,accent_dialect,5bdf8d7eee652a0001f0999c,seed_vc,24,2,timbreRef_vs_timbreRef,bottom5,hindi16__1966,english584__2197,reference_sentence1_hindi16__1966_s1.wav,reference_sentence2_hindi16__1966_s2.wav,yes,same,788,mshx2exz-hb5k5jbj,,,,,,,,,,,,,,
8/6/2026,accent_dialect,6a0e24dc9563561507623d39,seed_vc,35,2,timbreRef_vs_timbreRef,top5,gujarati5__1016,english200__667,reference_sentence1_gujarati5__1016_s1.wav,reference_sentence2_gujarati5__1016_s2.wav,yes,same,1271,mshx1i80-yps2tnia,,,,,,,,,,,,,,
8/6/2026,accent_dialect,5c7f489defd9e20015751167,openvoice,39,2,timbreRef_vs_timbreRef,top5,hindi13__1633,english200__667,reference_sentence1_hindi13__1633_s1.wav,reference_sentence2_hindi13__1633_s2.wav,yes,same,710,mshx1b8o-nzqg5c70,,,,,,,,,,,,,,
8/6/2026,accent_dialect,6090578fb2299eacaec32b7a,openvoice,19,3,timbreRef_vs_sourceRef,top5,gujarati11__2301,english584__2197,reference_sentence1_gujarati11__2301_s1.wav,source_sentence2_english584__2197_s2.wav,no,different,642,mshx3z6l-nazevfju,,,,,,,,,,,,,,
8/6/2026,accent_dialect,699292d2b2321f8f920b55dd,openvoice,31,3,timbreRef_vs_sourceRef,bottom5,hindi7__867,english200__667,reference_sentence1_hindi7__867_s1.wav,source_sentence2_english200__667_s2.wav,no,different,817,mshx1u48-slhdj2vr,,,,,,,,,,,,,,
8/6/2026,accent_dialect,5f17553ce0feb10c3dd2b16a,openvoice,16,4,output_vs_sourceRef,top5,gujarati13__2409,english200__667,openvoice_top5_output_sentence1_timbre-gujarati13__2409__source-english200__667__openvoice_s1.wav,source_sentence2_english200__667_s2.wav,yes,NA,2157,mshx2kqd-tgkfnjto,,,,,,,,,,,,,,
8/6/2026,accent_dialect,5dceca2541afe801a32e27ac,openvoice,18,2,timbreRef_vs_timbreRef,bottom5,gujarati9__2041,english584__2197,reference_sentence1_gujarati9__2041_s1.wav,reference_sentence2_gujarati9__2041_s2.wav,yes,same,1189,mshx1qcv-3rudfu98,,,,,,,,,,,,,,
8/6/2026,accent_dialect,5d0eecdd348afe00015865aa,openvoice,25,1,output_vs_timbreRef,bottom5,gujarati8__1678,english200__667,openvoice_bottom5_output_sentence1_timbre-gujarati8__1678__source-english200__667__openvoice_s1.wav,reference_sentence2_gujarati8__1678_s2.wav,yes,NA,992,mshx2fxn-9ttvrw2q,,,,,,,,,,,,,,
8/6/2026,accent_dialect,66b123d3c5b7eea8d9120bde,openvoice,15,2,timbreRef_vs_timbreRef,bottom5,gujarati7__1504,english200__667,reference_sentence1_gujarati7__1504_s1.wav,reference_sentence2_gujarati7__1504_s2.wav,yes,same,1272,mshx2n8g-t70mhgcu,,,,,,,,,,,,,,
8/6/2026,accent_dialect,69fef2baef4c76d1fd6b0db8,openvoice,11,4,output_vs_sourceRef,bottom5,gujarati8__1678,english200__667,source_sentence1_english200__667_s1.wav,openvoice_bottom5_output_sentence2_timbre-gujarati8__1678__source-english200__667__openvoice_s2.wav,no,NA,773,mshx1bgv-htxpkxbn,,,,,,,,,,,,,,
8/6/2026,accent_dialect,67ade0c7138bc5e2f5d72575,openvoice,23,3,timbreRef_vs_sourceRef,top5,gujarati11__2301,english584__2197,source_sentence1_english584__2197_s1.wav,reference_sentence2_gujarati11__2301_s2.wav,no,different,684,mshx2heb-jqjfwsn7,,,,,,,,,,,,,,
8/6/2026,accent_dialect,6a0e579710108dbe9059ee97,openvoice,20,6,sourceRef_vs_sourceRef_cross,NA,NA,english200__667__vs__english584__2197,source_sentence1_english200__667_s1.wav,source_sentence2_english584__2197_s2.wav,yes,same,1218,mshx28gv-dmc7dcfa,,,,,,,,,,,,,,
8/6/2026,accent_dialect,5815767b0643a600016f0e72,seed_vc,13,4,output_vs_sourceRef,bottom5,gujarati4__610,english200__667,source_sentence1_english200__667_s1.wav,seed_vc_bottom5_output_sentence2_timbre-gujarati4__610__source-english200__667__seed_vc_s2.wav,yes,NA,5924,mshx355u-4kooh4lp,,,,,,,,,,,,,,
8/6/2026,accent_dialect,6a0b794a91737ea5a64687f5,seed_vc,16,3,timbreRef_vs_sourceRef,bottom5,gujarati4__610,english200__667,reference_sentence1_gujarati4__610_s1.wav,source_sentence2_english200__667_s2.wav,no,different,889,mshx22pf-os1a4lzd,,,,,,,,,,,,,,
8/6/2026,accent_dialect,60d9e7e76cf2ab6d21eb5f99,openvoice,14,1,output_vs_timbreRef,top5,hindi13__1633,english200__667,reference_sentence1_hindi13__1633_s1.wav,openvoice_top5_output_sentence2_timbre-hindi13__1633__source-english200__667__openvoice_s2.wav,no,NA,1197,mshx46ny-qf3wstm7,,,,,,,,,,,,,,
8/6/2026,accent_dialect,69e7e7545bf81637207605dd,openvoice,11,4,output_vs_sourceRef,top5,gujarati11__2301,english584__2197,openvoice_top5_output_sentence1_timbre-gujarati11__2301__source-english584__2197__openvoice_s1.wav,source_sentence2_english584__2197_s2.wav,yes,NA,730,mshx6e5d-h45v7smg,,,,,,,,,,,,,,
8/6/2026,accent_dialect,58064d91f25c440001678a10,openvoice,28,1,output_vs_timbreRef,bottom5,gujarati7__1504,english200__667,openvoice_bottom5_output_sentence1_timbre-gujarati7__1504__source-english200__667__openvoice_s1.wav,reference_sentence2_gujarati7__1504_s2.wav,no,NA,992,mshx1z74-ej5p9mjs,,,,,,,,,,,,,,
8/6/2026,accent_dialect,56aa90d5638440000c8b506f,seed_vc,7,5,sourceRef_vs_sourceRef,bottom5,hindi16__1966,english584__2197,source_sentence1_english584__2197_s1.wav,source_sentence2_english584__2197_s2.wav,no,same,2136,mshx2qtr-tbs8zybb,,,,,,,,,,,,,,
8/6/2026,accent_dialect,69eea7555d195a4d27877668,seed_vc,2,3,timbreRef_vs_sourceRef,bottom5,hindi26__2354,english584__2197,source_sentence1_english584__2197_s1.wav,reference_sentence2_hindi26__2354_s2.wav,no,different,1007,mshx389f-ak77uyeh,,,,,,,,,,,,,,
8/6/2026,accent_dialect,66ecded667f721bca7e5609d,openvoice,36,1,output_vs_timbreRef,top5,hindi13__1633,english200__667,openvoice_top5_output_sentence1_timbre-hindi13__1633__source-english200__667__openvoice_s1.wav,reference_sentence2_hindi13__1633_s2.wav,no,NA,1220,mshx1cdz-fe8mzg47,,,,,,,,,,,,,,
8/6/2026,accent_dialect,6547eba1d8a02576605bcfb2,seed_vc,29,4,output_vs_sourceRef,bottom5,hindi16__1966,english584__2197,seed_vc_bottom5_output_sentence1_timbre-hindi16__1966__source-english584__2197__seed_vc_s1.wav,source_sentence2_english584__2197_s2.wav,yes,NA,464,mshx1oqt-v9obb1yn,,,,,,,,,,,,,,
8/6/2026,accent_dialect,67dd4210d92f4c3aac8d944c,openvoice,23,5,sourceRef_vs_sourceRef,bottom5,gujarati9__2041,english584__2197,source_sentence1_english584__2197_s1.wav,source_sentence2_english584__2197_s2.wav,yes,same,765,mshx11x7-5rslmkb7,,,,,,,,,,,,,,
8/6/2026,accent_dialect,69f25a06e6dfc9f5ecaf7b31,seed_vc,26,4,output_vs_sourceRef,bottom5,hindi26__2354,english584__2197,seed_vc_bottom5_output_sentence1_timbre-hindi26__2354__source-english584__2197__seed_vc_s1.wav,source_sentence2_english584__2197_s2.wav,yes,NA,480,mshx1auo-2tp9t4l9,,,,,,,,,,,,,,
8/6/2026,accent_dialect,69fce9e45d612732dd1ae4e2,seed_vc,18,1,output_vs_timbreRef,bottom5,hindi13__1633,english200__667,seed_vc_bottom5_output_sentence1_timbre-hindi13__1633__source-english200__667__seed_vc_s1.wav,reference_sentence2_hindi13__1633_s2.wav,no,NA,969,mshx24wm-9vmufgds,,,,,,,,,,,,,,
8/6/2026,accent_dialect,5c690f6f81d8da000100c78b,openvoice,32,1,output_vs_timbreRef,bottom5,gujarati9__2041,english584__2197,openvoice_bottom5_output_sentence1_timbre-gujarati9__2041__source-english584__2197__openvoice_s1.wav,reference_sentence2_gujarati9__2041_s2.wav,no,NA,1578,mshx233w-isdpc61p,,,,,,,,,,,,,,
8/6/2026,accent_dialect,6998804cdfd462a8fab9b10f,openvoice,23,3,timbreRef_vs_sourceRef,top5,hindi13__1633,english200__667,reference_sentence1_hindi13__1633_s1.wav,source_sentence2_english200__667_s2.wav,no,different,892,mshx38gr-2vxoggk5,,,,,,,,,,,,,,
8/6/2026,accent_dialect,69f8501bd7faed68d0b7674d,seed_vc,34,2,timbreRef_vs_timbreRef,top5,gujarati5__1016,english200__667,reference_sentence1_gujarati5__1016_s1.wav,reference_sentence2_gujarati5__1016_s2.wav,yes,same,558,mshx1y1e-i99t9og9,,,,,,,,,,,,,,
8/6/2026,accent_dialect,6a2601fe8e6d71a830c96a3d,openvoice,11,2,timbreRef_vs_timbreRef,top5,hindi13__1633,english200__667,reference_sentence1_hindi13__1633_s1.wav,reference_sentence2_hindi13__1633_s2.wav,yes,same,996,mshx4v2v-bp4h9c5l,,,,,,,,,,,,,,
8/6/2026,accent_dialect,69f12a486ad4ab0dbc1683df,openvoice,6,3,timbreRef_vs_sourceRef,bottom5,hindi12__1440,english200__667,reference_sentence1_hindi12__1440_s1.wav,source_sentence2_english200__667_s2.wav,no,different,860,mshx79un-2ikdke8q,,,,,,,,,,,,,,
8/6/2026,accent_dialect,6a0e24dc9563561507623d39,seed_vc,36,4,output_vs_sourceRef,bottom5,hindi26__2354,english584__2197,seed_vc_bottom5_output_sentence1_timbre-hindi26__2354__source-english584__2197__seed_vc_s1.wav,source_sentence2_english584__2197_s2.wav,yes,NA,1023,mshx1i80-yps2tnia,,,,,,,,,,,,,,
8/6/2026,accent_dialect,5f828a47a08cb43c715fe3a2,seed_vc,14,6,sourceRef_vs_sourceRef_cross,NA,NA,english584__2197__vs__english200__667,source_sentence1_english584__2197_s1.wav,source_sentence2_english200__667_s2.wav,yes,same,1390,mshx1o2k-hsj8d5iw,,,,,,,,,,,,,,
8/6/2026,accent_dialect,5f17553ce0feb10c3dd2b16a,openvoice,17,3,timbreRef_vs_sourceRef,top5,hindi19__2206,english584__2197,source_sentence1_english584__2197_s1.wav,reference_sentence2_hindi19__2206_s2.wav,no,different,1207,mshx2kqd-tgkfnjto,,,,,,,,,,,,,,
8/6/2026,accent_dialect,698a6f9a70f427ea2c5019e6,seed_vc,10,3,timbreRef_vs_sourceRef,bottom5,hindi16__1966,english584__2197,reference_sentence1_hindi16__1966_s1.wav,source_sentence2_english584__2197_s2.wav,no,different,1250,mshx4dns-9alm2dpz,,,,,,,,,,,,,,
8/6/2026,accent_dialect,57d0a0bee3221e00015fe385,openvoice,1,1,output_vs_timbreRef,top5,hindi19__2206,english584__2197,reference_sentence1_hindi19__2206_s1.wav,openvoice_top5_output_sentence2_timbre-hindi19__2206__source-english584__2197__openvoice_s2.wav,no,NA,818,mshx2x72-qzgbiby2,,,,,,,,,,,,,,
8/6/2026,accent_dialect,69fef2baef4c76d1fd6b0db8,openvoice,12,4,output_vs_sourceRef,bottom5,gujarati9__2041,english584__2197,openvoice_bottom5_output_sentence1_timbre-gujarati9__2041__source-english584__2197__openvoice_s1.wav,source_sentence2_english584__2197_s2.wav,no,NA,1815,mshx1bgv-htxpkxbn,,,,,,,,,,,,,,
8/6/2026,accent_dialect,69e8d8794cd2df8c1346c1e3,seed_vc,24,3,timbreRef_vs_sourceRef,top5,hindi2__587,english584__2197,reference_sentence1_hindi2__587_s1.wav,source_sentence2_english584__2197_s2.wav,yes,different,533,mshx2geg-pougg10p,,,,,,,,,,,,,,
8/6/2026,accent_dialect,5f1db570f7e0002b7eb1c1dd,openvoice,9,2,timbreRef_vs_timbreRef,bottom5,gujarati7__1504,english200__667,reference_sentence1_gujarati7__1504_s1.wav,reference_sentence2_gujarati7__1504_s2.wav,no,same,2649,mshx6h41-0gfugvcr,,,,,,,,,,,,,,
8/6/2026,accent_dialect,57d0a0bee3221e00015fe385,openvoice,2,6,sourceRef_vs_sourceRef_cross,NA,NA,english200__667__vs__english584__2197,source_sentence1_english200__667_s1.wav,source_sentence2_english584__2197_s2.wav,no,same,440,mshx2x72-qzgbiby2,,,,,,,,,,,,,,
8/6/2026,accent_dialect,676ecc2cdff817e43c22a375,seed_vc,27,1,output_vs_timbreRef,top5,gujarati5__1016,english200__667,reference_sentence1_gujarati5__1016_s1.wav,seed_vc_top5_output_sentence2_timbre-gujarati5__1016__source-english200__667__seed_vc_s2.wav,yes,NA,1033,mshx2lnc-1x73r3sk,,,,,,,,,,,,,,
8/6/2026,accent_dialect,55aa9c8dfdf99b634b427b9a,openvoice,32,1,output_vs_timbreRef,bottom5,gujarati8__1678,english200__667,openvoice_bottom5_output_sentence1_timbre-gujarati8__1678__source-english200__667__openvoice_s1.wav,reference_sentence2_gujarati8__1678_s2.wav,yes,NA,1397,mshx21h5-or0h8zxy,,,,,,,,,,,,,,
8/6/2026,accent_dialect,6a15a8f478abb7b087750295,openvoice,25,2,timbreRef_vs_timbreRef,top5,hindi13__1633,english200__667,reference_sentence1_hindi13__1633_s1.wav,reference_sentence2_hindi13__1633_s2.wav,yes,same,436,mshx2ras-7m8pgyki,,,,,,,,,,,,,,
8/6/2026,accent_dialect,6a15d6a799a27da826906cdb,openvoice,27,4,output_vs_sourceRef,bottom5,hindi7__867,english200__667,source_sentence1_english200__667_s1.wav,openvoice_bottom5_output_sentence2_timbre-hindi7__867__source-english200__667__openvoice_s2.wav,yes,NA,864,mshx31ov-4z3uubkh,,,,,,,,,,,,,,
8/6/2026,accent_dialect,67713f8437575dd855393a8f,seed_vc,26,2,timbreRef_vs_timbreRef,bottom5,hindi16__1966,english584__2197,reference_sentence1_hindi16__1966_s1.wav,reference_sentence2_hindi16__1966_s2.wav,yes,same,800,mshx2db3-vly3jg9t,,,,,,,,,,,,,,
8/6/2026,accent_dialect,662e89416a1d494ac9e84af3,seed_vc,36,4,output_vs_sourceRef,top5,hindi19__2206,english584__2197,source_sentence1_english584__2197_s1.wav,seed_vc_top5_output_sentence2_timbre-hindi19__2206__source-english584__2197__seed_vc_s2.wav,yes,NA,3058,mshx1noc-eiuxz5bz,,,,,,,,,,,,,,
8/6/2026,accent_dialect,69f2b5f676aaf78f77d69d16,openvoice,27,3,timbreRef_vs_sourceRef,bottom5,gujarati9__2041,english584__2197,reference_sentence1_gujarati9__2041_s1.wav,source_sentence2_english584__2197_s2.wav,no,different,1157,mshx1jap-b318jfsn,,,,,,,,,,,,,,
8/6/2026,accent_dialect,616b2966d0aee4f9879a656b,seed_vc,29,2,timbreRef_vs_timbreRef,top5,gujarati5__1016,english200__667,reference_sentence1_gujarati5__1016_s1.wav,reference_sentence2_gujarati5__1016_s2.wav,yes,same,752,mshx22ml-udiw7nts,,,,,,,,,,,,,,
8/6/2026,accent_dialect,66bfe5ecc23f1e2109f144d6,seed_vc,33,4,output_vs_sourceRef,top5,hindi19__2206,english584__2197,seed_vc_top5_output_sentence1_timbre-hindi19__2206__source-english584__2197__seed_vc_s1.wav,source_sentence2_english584__2197_s2.wav,yes,NA,629,mshx1kb9-31qzhrfj,,,,,,,,,,,,,,
8/6/2026,accent_dialect,5c690f6f81d8da000100c78b,openvoice,33,1,output_vs_timbreRef,top5,gujarati17__2824,english200__667,reference_sentence1_gujarati17__2824_s1.wav,openvoice_top5_output_sentence2_timbre-gujarati17__2824__source-english200__667__openvoice_s2.wav,no,NA,692,mshx233w-isdpc61p,,,,,,,,,,,,,,
8/6/2026,accent_dialect,69eea7555d195a4d27877668,seed_vc,3,3,timbreRef_vs_sourceRef,bottom5,gujarati4__610,english200__667,reference_sentence1_gujarati4__610_s1.wav,source_sentence2_english200__667_s2.wav,no,different,1417,mshx389f-ak77uyeh,,,,,,,,,,,,,,
8/6/2026,accent_dialect,6a0e579710108dbe9059ee97,openvoice,21,2,timbreRef_vs_timbreRef,bottom5,gujarati8__1678,english200__667,reference_sentence1_gujarati8__1678_s1.wav,reference_sentence2_gujarati8__1678_s2.wav,yes,same,1541,mshx28gv-dmc7dcfa,,,,,,,,,,,,,,
8/6/2026,accent_dialect,614dd304ed948bbfe8c22215,seed_vc,18,2,timbreRef_vs_timbreRef,bottom5,hindi26__2354,english584__2197,reference_sentence1_hindi26__2354_s1.wav,reference_sentence2_hindi26__2354_s2.wav,yes,same,975,mshx50cv-xkdut2r8,,,,,,,,,,,,,,
8/6/2026,accent_dialect,6966546ad013598bf92dadea,openvoice,2,3,timbreRef_vs_sourceRef,top5,hindi19__2206,english584__2197,reference_sentence1_hindi19__2206_s1.wav,source_sentence2_english584__2197_s2.wav,no,different,1460,mshx6v3j-ppk3veh0,,,,,,,,,,,,,,
8/6/2026,accent_dialect,69e8d8794cd2df8c1346c1e3,seed_vc,23,2,timbreRef_vs_timbreRef,top5,hindi10__1202,english200__667,reference_sentence1_hindi10__1202_s1.wav,reference_sentence2_hindi10__1202_s2.wav,yes,same,577,mshx2geg-pougg10p,,,,,,,,,,,,,,
8/6/2026,accent_dialect,6998804cdfd462a8fab9b10f,openvoice,24,2,timbreRef_vs_timbreRef,bottom5,gujarati7__1504,english200__667,reference_sentence1_gujarati7__1504_s1.wav,reference_sentence2_gujarati7__1504_s2.wav,yes,same,697,mshx38gr-2vxoggk5,,,,,,,,,,,,,,
8/6/2026,accent_dialect,6a1367055e82b8a9a60fcfa7,seed_vc,42,5,sourceRef_vs_sourceRef,bottom5,gujarati4__610,english200__667,source_sentence1_english200__667_s1.wav,source_sentence2_english200__667_s2.wav,yes,same,914,mshx1v8y-latl0nlp,,,,,,,,,,,,,,
8/6/2026,accent_dialect,5f828a47a08cb43c715fe3a2,seed_vc,15,2,timbreRef_vs_timbreRef,top5,gujarati5__1016,english200__667,reference_sentence1_gujarati5__1016_s1.wav,reference_sentence2_gujarati5__1016_s2.wav,yes,same,745,mshx1o2k-hsj8d5iw,,,,,,,,,,,,,,
8/6/2026,accent_dialect,69f2b5f676aaf78f77d69d16,openvoice,26,4,output_vs_sourceRef,top5,gujarati11__2301,english584__2197,openvoice_top5_output_sentence1_timbre-gujarati11__2301__source-english584__2197__openvoice_s1.wav,source_sentence2_english584__2197_s2.wav,yes,NA,1025,mshx1jap-b318jfsn,,,,,,,,,,,,,,
8/6/2026,accent_dialect,69e56c8f8677d3d655d61941,openvoice,31,2,timbreRef_vs_timbreRef,bottom5,gujarati9__2041,english584__2197,reference_sentence1_gujarati9__2041_s1.wav,reference_sentence2_gujarati9__2041_s2.wav,yes,same,859,mshx21dr-ejpalixz,,,,,,,,,,,,,,
8/6/2026,accent_dialect,6a21aceedbb1056fb595bc03,openvoice,30,3,timbreRef_vs_sourceRef,bottom5,hindi12__1440,english200__667,reference_sentence1_hindi12__1440_s1.wav,source_sentence2_english200__667_s2.wav,no,different,491,mshx3m5a-8bmjlj5g,,,,,,,,,,,,,,
8/6/2026,accent_dialect,5d0eecdd348afe00015865aa,openvoice,27,1,output_vs_timbreRef,bottom5,hindi12__1440,english200__667,openvoice_bottom5_output_sentence1_timbre-hindi12__1440__source-english200__667__openvoice_s1.wav,reference_sentence2_hindi12__1440_s2.wav,no,NA,829,mshx2fxn-9ttvrw2q,,,,,,,,,,,,,,
8/6/2026,accent_dialect,697cd118af4b9f1235c8a580,seed_vc,21,2,timbreRef_vs_timbreRef,bottom5,hindi26__2354,english584__2197,reference_sentence1_hindi26__2354_s1.wav,reference_sentence2_hindi26__2354_s2.wav,yes,same,1031,mshx3msc-rihxiywh,,,,,,,,,,,,,,
8/6/2026,accent_dialect,616b2966d0aee4f9879a656b,seed_vc,30,1,output_vs_timbreRef,top5,gujarati5__1016,english200__667,seed_vc_top5_output_sentence1_timbre-gujarati5__1016__source-english200__667__seed_vc_s1.wav,reference_sentence2_gujarati5__1016_s2.wav,no,NA,766,mshx22ml-udiw7nts,,,,,,,,,,,,,,
8/6/2026,accent_dialect,5c7f489defd9e20015751167,openvoice,41,2,timbreRef_vs_timbreRef,top5,gujarati17__2824,english200__667,reference_sentence1_gujarati17__2824_s1.wav,reference_sentence2_gujarati17__2824_s2.wav,yes,same,694,mshx1b8o-nzqg5c70,,,,,,,,,,,,,,
8/6/2026,accent_dialect,69f8501bd7faed68d0b7674d,seed_vc,35,4,output_vs_sourceRef,top5,hindi19__2206,english584__2197,source_sentence1_english584__2197_s1.wav,seed_vc_top5_output_sentence2_timbre-hindi19__2206__source-english584__2197__seed_vc_s2.wav,no,NA,980,mshx1y1e-i99t9og9,,,,,,,,,,,,,,
8/6/2026,accent_dialect,69d59bb26cbbb9ca14a5eb04,seed_vc,15,1,output_vs_timbreRef,top5,gujarati5__1016,english200__667,seed_vc_top5_output_sentence1_timbre-gujarati5__1016__source-english200__667__seed_vc_s1.wav,reference_sentence2_gujarati5__1016_s2.wav,no,NA,2343,mshx469a-p5k8oz6g,,,,,,,,,,,,,,
8/6/2026,accent_dialect,6a15a8f478abb7b087750295,openvoice,26,6,sourceRef_vs_sourceRef_cross,NA,NA,english584__2197__vs__english200__667,source_sentence1_english584__2197_s1.wav,source_sentence2_english200__667_s2.wav,yes,same,586,mshx2ras-7m8pgyki,,,,,,,,,,,,,,
8/6/2026,accent_dialect,662e89416a1d494ac9e84af3,seed_vc,37,4,output_vs_sourceRef,bottom5,gujarati4__610,english200__667,source_sentence1_english200__667_s1.wav,seed_vc_bottom5_output_sentence2_timbre-gujarati4__610__source-english200__667__seed_vc_s2.wav,no,NA,758,mshx1noc-eiuxz5bz,,,,,,,,,,,,,,
8/6/2026,accent_dialect,6a14b675ce0a732e504a4221,seed_vc,26,2,timbreRef_vs_timbreRef,top5,hindi19__2206,english584__2197,reference_sentence1_hindi19__2206_s1.wav,reference_sentence2_hindi19__2206_s2.wav,yes,same,596,mshx1gbb-td592rew,,,,,,,,,,,,,,
8/6/2026,accent_dialect,676ecc2cdff817e43c22a375,seed_vc,28,2,timbreRef_vs_timbreRef,top5,gujarati5__1016,english200__667,reference_sentence1_gujarati5__1016_s1.wav,reference_sentence2_gujarati5__1016_s2.wav,yes,same,1270,mshx2lnc-1x73r3sk,,,,,,,,,,,,,,
8/6/2026,accent_dialect,55aa9c8dfdf99b634b427b9a,openvoice,33,1,output_vs_timbreRef,top5,gujarati17__2824,english200__667,openvoice_top5_output_sentence1_timbre-gujarati17__2824__source-english200__667__openvoice_s1.wav,reference_sentence2_gujarati17__2824_s2.wav,no,NA,1875,mshx21h5-or0h8zxy,,,,,,,,,,,,,,
8/6/2026,accent_dialect,6678f7524c361fc66ef34d99,seed_vc,2,6,sourceRef_vs_sourceRef_cross,NA,NA,english584__2197__vs__english200__667,source_sentence1_english584__2197_s1.wav,source_sentence2_english200__667_s2.wav,no,same,1369,mshx5r4e-h9yu970k,,,,,,,,,,,,,,
8/6/2026,accent_dialect,69f25a06e6dfc9f5ecaf7b31,seed_vc,28,2,timbreRef_vs_timbreRef,bottom5,hindi26__2354,english584__2197,reference_sentence1_hindi26__2354_s1.wav,reference_sentence2_hindi26__2354_s2.wav,yes,same,517,mshx1auo-2tp9t4l9,,,,,,,,,,,,,,
8/6/2026,accent_dialect,5bdf8d7eee652a0001f0999c,seed_vc,26,1,output_vs_timbreRef,top5,hindi2__587,english584__2197,seed_vc_top5_output_sentence1_timbre-hindi2__587__source-english584__2197__seed_vc_s1.wav,reference_sentence2_hindi2__587_s2.wav,yes,NA,830,mshx2exz-hb5k5jbj,,,,,,,,,,,,,,
8/6/2026,accent_dialect,6a15d6a799a27da826906cdb,openvoice,28,2,timbreRef_vs_timbreRef,top5,hindi19__2206,english584__2197,reference_sentence1_hindi19__2206_s1.wav,reference_sentence2_hindi19__2206_s2.wav,yes,same,2338,mshx31ov-4z3uubkh,,,,,,,,,,,,,,
8/6/2026,accent_dialect,6a0b794a91737ea5a64687f5,seed_vc,18,4,output_vs_sourceRef,top5,hindi19__2206,english584__2197,seed_vc_top5_output_sentence1_timbre-hindi19__2206__source-english584__2197__seed_vc_s1.wav,source_sentence2_english584__2197_s2.wav,yes,NA,1373,mshx22pf-os1a4lzd,,,,,,,,,,,,,,
8/6/2026,accent_dialect,6a1367055e82b8a9a60fcfa7,seed_vc,43,1,output_vs_timbreRef,top5,gujarati16__2558,english200__667,reference_sentence1_gujarati16__2558_s1.wav,seed_vc_top5_output_sentence2_timbre-gujarati16__2558__source-english200__667__seed_vc_s2.wav,yes,NA,484,mshx1v8y-latl0nlp,,,,,,,,,,,,,,
8/6/2026,accent_dialect,60d9e7e76cf2ab6d21eb5f99,openvoice,16,1,output_vs_timbreRef,top5,gujarati11__2301,english584__2197,openvoice_top5_output_sentence1_timbre-gujarati11__2301__source-english584__2197__openvoice_s1.wav,reference_sentence2_gujarati11__2301_s2.wav,no,NA,1640,mshx46ny-qf3wstm7,,,,,,,,,,,,,,
8/6/2026,accent_dialect,69eea7555d195a4d27877668,seed_vc,4,2,timbreRef_vs_timbreRef,top5,gujarati5__1016,english200__667,reference_sentence1_gujarati5__1016_s1.wav,reference_sentence2_gujarati5__1016_s2.wav,yes,same,1382,mshx389f-ak77uyeh,,,,,,,,,,,,,,
8/6/2026,accent_dialect,69f2b5f676aaf78f77d69d16,openvoice,28,3,timbreRef_vs_sourceRef,top5,hindi13__1633,english200__667,reference_sentence1_hindi13__1633_s1.wav,source_sentence2_english200__667_s2.wav,no,different,808,mshx1jap-b318jfsn,,,,,,,,,,,,,,
8/6/2026,accent_dialect,5f828a47a08cb43c715fe3a2,seed_vc,16,3,timbreRef_vs_sourceRef,bottom5,hindi13__1633,english200__667,source_sentence1_english200__667_s1.wav,reference_sentence2_hindi13__1633_s2.wav,no,different,548,mshx1o2k-hsj8d5iw,,,,,,,,,,,,,,
8/6/2026,accent_dialect,66ccdd9f6b12c6ea6fa01f42,seed_vc,10,2,timbreRef_vs_timbreRef,top5,hindi19__2206,english584__2197,reference_sentence1_hindi19__2206_s1.wav,reference_sentence2_hindi19__2206_s2.wav,yes,same,2731,mshx22lj-u2967oxb,,,,,,,,,,,,,,
8/6/2026,accent_dialect,6a14b675ce0a732e504a4221,seed_vc,27,4,output_vs_sourceRef,top5,hindi2__587,english584__2197,source_sentence1_english584__2197_s1.wav,seed_vc_top5_output_sentence2_timbre-hindi2__587__source-english584__2197__seed_vc_s2.wav,yes,NA,659,mshx1gbb-td592rew,,,,,,,,,,,,,,
8/6/2026,accent_dialect,66ecded667f721bca7e5609d,openvoice,38,3,timbreRef_vs_sourceRef,top5,hindi19__2206,english584__2197,source_sentence1_english584__2197_s1.wav,reference_sentence2_hindi19__2206_s2.wav,no,different,669,mshx1cdz-fe8mzg47,,,,,,,,,,,,,,
8/6/2026,accent_dialect,6a15a8f478abb7b087750295,openvoice,27,4,output_vs_sourceRef,bottom5,hindi7__867,english200__667,openvoice_bottom5_output_sentence1_timbre-hindi7__867__source-english200__667__openvoice_s1.wav,source_sentence2_english200__667_s2.wav,yes,NA,505,mshx2ras-7m8pgyki,,,,,,,,,,,,,,
8/6/2026,accent_dialect,69e8d8794cd2df8c1346c1e3,seed_vc,25,5,sourceRef_vs_sourceRef,bottom5,gujarati4__610,english200__667,source_sentence1_english200__667_s1.wav,source_sentence2_english200__667_s2.wav,yes,same,509,mshx2geg-pougg10p,,,,,,,,,,,,,,
8/6/2026,accent_dialect,662e89416a1d494ac9e84af3,seed_vc,38,4,output_vs_sourceRef,bottom5,hindi26__2354,english584__2197,source_sentence1_english584__2197_s1.wav,seed_vc_bottom5_output_sentence2_timbre-hindi26__2354__source-english584__2197__seed_vc_s2.wav,no,NA,831,mshx1noc-eiuxz5bz,,,,,,,,,,,,,,
8/6/2026,accent_dialect,69e56c8f8677d3d655d61941,openvoice,32,2,timbreRef_vs_timbreRef,top5,gujarati11__2301,english584__2197,reference_sentence1_gujarati11__2301_s1.wav,reference_sentence2_gujarati11__2301_s2.wav,yes,same,724,mshx21dr-ejpalixz,,,,,,,,,,,,,,
8/6/2026,accent_dialect,6a08b966c2858ddb629d187b,openvoice,14,1,output_vs_timbreRef,top5,gujarati17__2824,english200__667,reference_sentence1_gujarati17__2824_s1.wav,openvoice_top5_output_sentence2_timbre-gujarati17__2824__source-english200__667__openvoice_s2.wav,no,NA,489,mshx2jpf-rp3am65p,,,,,,,,,,,,,,
8/6/2026,accent_dialect,5f23b7f1c920f1000baef3b1,openvoice,38,4,output_vs_sourceRef,top5,hindi19__2206,english584__2197,source_sentence1_english584__2197_s1.wav,openvoice_top5_output_sentence2_timbre-hindi19__2206__source-english584__2197__openvoice_s2.wav,no,NA,1614,mshx1j9z-o5ud5lwi,,,,,,,,,,,,,,
8/6/2026,accent_dialect,56aa90d5638440000c8b506f,seed_vc,9,1,output_vs_timbreRef,bottom5,gujarati4__610,english200__667,seed_vc_bottom5_output_sentence1_timbre-gujarati4__610__source-english200__667__seed_vc_s1.wav,reference_sentence2_gujarati4__610_s2.wav,yes,NA,2431,mshx2qtr-tbs8zybb,,,,,,,,,,,,,,
8/6/2026,accent_dialect,69e7e7545bf81637207605dd,openvoice,14,3,timbreRef_vs_sourceRef,top5,hindi13__1633,english200__667,reference_sentence1_hindi13__1633_s1.wav,source_sentence2_english200__667_s2.wav,no,different,871,mshx6e5d-h45v7smg,,,,,,,,,,,,,,
8/6/2026,accent_dialect,66bfe5ecc23f1e2109f144d6,seed_vc,35,1,output_vs_timbreRef,top5,hindi2__587,english584__2197,reference_sentence1_hindi2__587_s1.wav,seed_vc_top5_output_sentence2_timbre-hindi2__587__source-english584__2197__seed_vc_s2.wav,yes,NA,680,mshx1kb9-31qzhrfj,,,,,,,,,,,,,,
8/6/2026,accent_dialect,69fcae003b080bd0cacb7412,seed_vc,32,2,timbreRef_vs_timbreRef,top5,gujarati5__1016,english200__667,reference_sentence1_gujarati5__1016_s1.wav,reference_sentence2_gujarati5__1016_s2.wav,yes,same,983,mshx1u62-fqxouafe,,,,,,,,,,,,,,
8/6/2026,accent_dialect,69e8d8794cd2df8c1346c1e3,seed_vc,26,1,output_vs_timbreRef,top5,gujarati16__2558,english200__667,seed_vc_top5_output_sentence1_timbre-gujarati16__2558__source-english200__667__seed_vc_s1.wav,reference_sentence2_gujarati16__2558_s2.wav,no,NA,1561,mshx2geg-pougg10p,,,,,,,,,,,,,,
8/6/2026,accent_dialect,55aa9c8dfdf99b634b427b9a,openvoice,34,4,output_vs_sourceRef,top5,gujarati13__2409,english200__667,openvoice_top5_output_sentence1_timbre-gujarati13__2409__source-english200__667__openvoice_s1.wav,source_sentence2_english200__667_s2.wav,yes,NA,1207,mshx21h5-or0h8zxy,,,,,,,,,,,,,,
8/6/2026,accent_dialect,69f25a06e6dfc9f5ecaf7b31,seed_vc,29,1,output_vs_timbreRef,top5,gujarati5__1016,english200__667,seed_vc_top5_output_sentence1_timbre-gujarati5__1016__source-english200__667__seed_vc_s1.wav,reference_sentence2_gujarati5__1016_s2.wav,no,NA,748,mshx1auo-2tp9t4l9,,,,,,,,,,,,,,
8/6/2026,accent_dialect,69d59bb26cbbb9ca14a5eb04,seed_vc,16,4,output_vs_sourceRef,bottom5,gujarati4__610,english200__667,seed_vc_bottom5_output_sentence1_timbre-gujarati4__610__source-english200__667__seed_vc_s1.wav,source_sentence2_english200__667_s2.wav,no,NA,914,mshx469a-p5k8oz6g,,,,,,,,,,,,,,
8/6/2026,accent_dialect,698b70d95529cc75f2634783,openvoice,21,6,sourceRef_vs_sourceRef_cross,NA,NA,english200__667__vs__english584__2197,source_sentence1_english200__667_s1.wav,source_sentence2_english584__2197_s2.wav,yes,same,1029,mshx1fqp-5zh159ax,,,,,,,,,,,,,,
8/6/2026,accent_dialect,65e681c76bbe9d2e2a43faec,openvoice,23,2,timbreRef_vs_timbreRef,bottom5,gujarati9__2041,english584__2197,reference_sentence1_gujarati9__2041_s1.wav,reference_sentence2_gujarati9__2041_s2.wav,yes,same,1901,mshx341q-rjtxf289,,,,,,,,,,,,,,
8/6/2026,accent_dialect,6a15d6a799a27da826906cdb,openvoice,29,1,output_vs_timbreRef,bottom5,gujarati9__2041,english584__2197,openvoice_bottom5_output_sentence1_timbre-gujarati9__2041__source-english584__2197__openvoice_s1.wav,reference_sentence2_gujarati9__2041_s2.wav,no,NA,907,mshx31ov-4z3uubkh,,,,,,,,,,,,,,
8/6/2026,accent_dialect,6678f7524c361fc66ef34d99,seed_vc,3,3,timbreRef_vs_sourceRef,top5,hindi10__1202,english200__667,source_sentence1_english200__667_s1.wav,reference_sentence2_hindi10__1202_s2.wav,no,different,1383,mshx5r4e-h9yu970k,,,,,,,,,,,,,,
8/6/2026,accent_dialect,6a1367055e82b8a9a60fcfa7,seed_vc,44,4,output_vs_sourceRef,bottom5,hindi21__2236,english584__2197,source_sentence1_english584__2197_s1.wav,seed_vc_bottom5_output_sentence2_timbre-hindi21__2236__source-english584__2197__seed_vc_s2.wav,no,NA,1305,mshx1v8y-latl0nlp,,,,,,,,,,,,,,
8/6/2026,accent_dialect,5397a6bbfdf99b1ccc3f1219,openvoice,19,3,timbreRef_vs_sourceRef,bottom5,hindi12__1440,english200__667,reference_sentence1_hindi12__1440_s1.wav,source_sentence2_english200__667_s2.wav,no,different,817,mshx231r-mh0agscg,,,,,,,,,,,,,,
8/6/2026,accent_dialect,6a01252cc7f0d061aff61bf1,openvoice,17,4,output_vs_sourceRef,top5,hindi19__2206,english584__2197,openvoice_top5_output_sentence1_timbre-hindi19__2206__source-english584__2197__openvoice_s1.wav,source_sentence2_english584__2197_s2.wav,no,NA,1089,mshx1626-8q6oeb6l,,,,,,,,,,,,,,
8/6/2026,accent_dialect,63f78d9a7a3d118594efff74,openvoice,14,2,timbreRef_vs_timbreRef,bottom5,hindi12__1440,english200__667,reference_sentence1_hindi12__1440_s1.wav,reference_sentence2_hindi12__1440_s2.wav,yes,same,999,mshx3e62-7808i0kh,,,,,,,,,,,,,,
8/6/2026,accent_dialect,5f17553ce0feb10c3dd2b16a,openvoice,19,6,sourceRef_vs_sourceRef_cross,NA,NA,english200__667__vs__english584__2197,source_sentence1_english200__667_s1.wav,source_sentence2_english584__2197_s2.wav,yes,same,5765,mshx2kqd-tgkfnjto,,,,,,,,,,,,,,
8/6/2026,accent_dialect,6090578fb2299eacaec32b7a,openvoice,21,2,timbreRef_vs_timbreRef,top5,hindi13__1633,english200__667,reference_sentence1_hindi13__1633_s1.wav,reference_sentence2_hindi13__1633_s2.wav,yes,same,1609,mshx3z6l-nazevfju,,,,,,,,,,,,,,
8/6/2026,accent_dialect,6722ceb13a02b06603b7b285,openvoice,14,3,timbreRef_vs_sourceRef,top5,gujarati13__2409,english200__667,reference_sentence1_gujarati13__2409_s1.wav,source_sentence2_english200__667_s2.wav,no,different,7398,mshx3lce-xrbvbazi,,,,,,,,,,,,,,
8/6/2026,accent_dialect,663170bb631c1b3b21b7828b,openvoice,22,4,output_vs_sourceRef,bottom5,gujarati8__1678,english200__667,source_sentence1_english200__667_s1.wav,openvoice_bottom5_output_sentence2_timbre-gujarati8__1678__source-english200__667__openvoice_s2.wav,yes,NA,1168,mshx34w0-idx6h6f2,,,,,,,,,,,,,,
8/6/2026,accent_dialect,6966546ad013598bf92dadea,openvoice,4,1,output_vs_timbreRef,bottom5,gujarati9__2041,english584__2197,reference_sentence1_gujarati9__2041_s1.wav,openvoice_bottom5_output_sentence2_timbre-gujarati9__2041__source-english584__2197__openvoice_s2.wav,no,NA,880,mshx6v3j-ppk3veh0,,,,,,,,,,,,,,
8/6/2026,accent_dialect,5bcc60b95c2b810001dc68e2,seed_vc,30,2,timbreRef_vs_timbreRef,top5,hindi10__1202,english200__667,reference_sentence1_hindi10__1202_s1.wav,reference_sentence2_hindi10__1202_s2.wav,yes,same,937,mshx1tkg-nm50v5h1,,,,,,,,,,,,,,
8/6/2026,accent_dialect,6a21aceedbb1056fb595bc03,openvoice,31,1,output_vs_timbreRef,bottom5,hindi7__867,english200__667,reference_sentence1_hindi7__867_s1.wav,openvoice_bottom5_output_sentence2_timbre-hindi7__867__source-english200__667__openvoice_s2.wav,no,NA,1118,mshx3m5a-8bmjlj5g,,,,,,,,,,,,,,
8/6/2026,accent_dialect,5dceca2541afe801a32e27ac,openvoice,21,2,timbreRef_vs_timbreRef,bottom5,hindi7__867,english200__667,reference_sentence1_hindi7__867_s1.wav,reference_sentence2_hindi7__867_s2.wav,yes,same,1192,mshx1qcv-3rudfu98,,,,,,,,,,,,,,
8/6/2026,accent_dialect,67713f8437575dd855393a8f,seed_vc,28,2,timbreRef_vs_timbreRef,bottom5,hindi21__2236,english584__2197,reference_sentence1_hindi21__2236_s1.wav,reference_sentence2_hindi21__2236_s2.wav,yes,same,1258,mshx2db3-vly3jg9t,,,,,,,,,,,,,,
8/6/2026,accent_dialect,69fd502ade7763b4307a98af,seed_vc,5,2,timbreRef_vs_timbreRef,bottom5,hindi16__1966,english584__2197,reference_sentence1_hindi16__1966_s1.wav,reference_sentence2_hindi16__1966_s2.wav,yes,same,2357,mshx66cb-lxo41smp,,,,,,,,,,,,,,
8/6/2026,accent_dialect,69d59bb26cbbb9ca14a5eb04,seed_vc,17,4,output_vs_sourceRef,bottom5,hindi26__2354,english584__2197,source_sentence1_english584__2197_s1.wav,seed_vc_bottom5_output_sentence2_timbre-hindi26__2354__source-english584__2197__seed_vc_s2.wav,yes,NA,698,mshx469a-p5k8oz6g,,,,,,,,,,,,,,
8/6/2026,accent_dialect,69e7e7545bf81637207605dd,openvoice,15,2,timbreRef_vs_timbreRef,bottom5,gujarati9__2041,english584__2197,reference_sentence1_gujarati9__2041_s1.wav,reference_sentence2_gujarati9__2041_s2.wav,yes,same,803,mshx6e5d-h45v7smg,,,,,,,,,,,,,,
8/6/2026,accent_dialect,69f8501bd7faed68d0b7674d,seed_vc,38,3,timbreRef_vs_sourceRef,bottom5,hindi21__2236,english584__2197,source_sentence1_english584__2197_s1.wav,reference_sentence2_hindi21__2236_s2.wav,no,different,622,mshx1y1e-i99t9og9,,,,,,,,,,,,,,
8/6/2026,accent_dialect,69dd3ed63fbfe7bbbf3aac15,seed_vc,33,2,timbreRef_vs_timbreRef,top5,hindi19__2206,english584__2197,reference_sentence1_hindi19__2206_s1.wav,reference_sentence2_hindi19__2206_s2.wav,yes,same,1189,mshx2awr-phq5g4iy,,,,,,,,,,,,,,
8/6/2026,accent_dialect,5f1db570f7e0002b7eb1c1dd,openvoice,11,2,timbreRef_vs_timbreRef,bottom5,gujarati9__2041,english584__2197,reference_sentence1_gujarati9__2041_s1.wav,reference_sentence2_gujarati9__2041_s2.wav,yes,same,834,mshx6h41-0gfugvcr,,,,,,,,,,,,,,
8/6/2026,accent_dialect,6a14b675ce0a732e504a4221,seed_vc,28,1,output_vs_timbreRef,bottom5,hindi21__2236,english584__2197,seed_vc_bottom5_output_sentence1_timbre-hindi21__2236__source-english584__2197__seed_vc_s1.wav,reference_sentence2_hindi21__2236_s2.wav,no,NA,872,mshx1gbb-td592rew,,,,,,,,,,,,,,
8/6/2026,accent_dialect,6a0e579710108dbe9059ee97,openvoice,23,1,output_vs_timbreRef,top5,gujarati13__2409,english200__667,openvoice_top5_output_sentence1_timbre-gujarati13__2409__source-english200__667__openvoice_s1.wav,reference_sentence2_gujarati13__2409_s2.wav,no,NA,981,mshx28gv-dmc7dcfa,,,,,,,,,,,,,,
8/6/2026,accent_dialect,55aa9c8dfdf99b634b427b9a,openvoice,35,5,sourceRef_vs_sourceRef,bottom5,gujarati7__1504,english200__667,source_sentence1_english200__667_s1.wav,source_sentence2_english200__667_s2.wav,yes,same,801,mshx21h5-or0h8zxy,,,,,,,,,,,,,,
8/6/2026,accent_dialect,69fcae003b080bd0cacb7412,seed_vc,33,1,output_vs_timbreRef,top5,hindi2__587,english584__2197,reference_sentence1_hindi2__587_s1.wav,seed_vc_top5_output_sentence2_timbre-hindi2__587__source-english584__2197__seed_vc_s2.wav,yes,NA,1029,mshx1u62-fqxouafe,,,,,,,,,,,,,,
8/6/2026,accent_dialect,69f2b5f676aaf78f77d69d16,openvoice,30,1,output_vs_timbreRef,top5,hindi19__2206,english584__2197,openvoice_top5_output_sentence1_timbre-hindi19__2206__source-english584__2197__openvoice_s1.wav,reference_sentence2_hindi19__2206_s2.wav,no,NA,932,mshx1jap-b318jfsn,,,,,,,,,,,,,,
8/6/2026,accent_dialect,6653ae434d386b6218f51efb,seed_vc,9,1,output_vs_timbreRef,bottom5,hindi13__1633,english200__667,seed_vc_bottom5_output_sentence1_timbre-hindi13__1633__source-english200__667__seed_vc_s1.wav,reference_sentence2_hindi13__1633_s2.wav,no,NA,1126,mshx62a8-mc5qv6aw,,,,,,,,,,,,,,
8/6/2026,accent_dialect,65e681c76bbe9d2e2a43faec,openvoice,24,2,timbreRef_vs_timbreRef,top5,hindi19__2206,english584__2197,reference_sentence1_hindi19__2206_s1.wav,reference_sentence2_hindi19__2206_s2.wav,yes,same,1582,mshx341q-rjtxf289,,,,,,,,,,,,,,
8/6/2026,accent_dialect,60d9e7e76cf2ab6d21eb5f99,openvoice,17,6,sourceRef_vs_sourceRef_cross,NA,NA,english584__2197__vs__english200__667,source_sentence1_english584__2197_s1.wav,source_sentence2_english200__667_s2.wav,yes,same,7600,mshx46ny-qf3wstm7,,,,,,,,,,,,,,
8/6/2026,accent_dialect,5d6466d84e9aae0001598a5a,seed_vc,30,4,output_vs_sourceRef,top5,hindi10__1202,english200__667,seed_vc_top5_output_sentence1_timbre-hindi10__1202__source-english200__667__seed_vc_s1.wav,source_sentence2_english200__667_s2.wav,yes,NA,489,mshx2no8-mdjmyj05,,,,,,,,,,,,,,
8/6/2026,accent_dialect,6090578fb2299eacaec32b7a,openvoice,22,2,timbreRef_vs_timbreRef,top5,gujarati13__2409,english200__667,reference_sentence1_gujarati13__2409_s1.wav,reference_sentence2_gujarati13__2409_s2.wav,yes,same,859,mshx3z6l-nazevfju,,,,,,,,,,,,,,
8/6/2026,accent_dialect,58064d91f25c440001678a10,openvoice,31,3,timbreRef_vs_sourceRef,bottom5,hindi12__1440,english200__667,source_sentence1_english200__667_s1.wav,reference_sentence2_hindi12__1440_s2.wav,no,different,985,mshx1z74-ej5p9mjs,,,,,,,,,,,,,,
8/6/2026,accent_dialect,6a21aceedbb1056fb595bc03,openvoice,32,2,timbreRef_vs_timbreRef,top5,gujarati17__2824,english200__667,reference_sentence1_gujarati17__2824_s1.wav,reference_sentence2_gujarati17__2824_s2.wav,yes,same,617,mshx3m5a-8bmjlj5g,,,,,,,,,,,,,,
8/6/2026,accent_dialect,6a15a8f478abb7b087750295,openvoice,29,2,timbreRef_vs_timbreRef,bottom5,hindi12__1440,english200__667,reference_sentence1_hindi12__1440_s1.wav,reference_sentence2_hindi12__1440_s2.wav,yes,same,604,mshx2ras-7m8pgyki,,,,,,,,,,,,,,
8/6/2026,accent_dialect,66ccdd9f6b12c6ea6fa01f42,seed_vc,11,4,output_vs_sourceRef,bottom5,hindi26__2354,english584__2197,seed_vc_bottom5_output_sentence1_timbre-hindi26__2354__source-english584__2197__seed_vc_s1.wav,source_sentence2_english584__2197_s2.wav,yes,NA,710,mshx22lj-u2967oxb,,,,,,,,,,,,,,
8/6/2026,accent_dialect,6966546ad013598bf92dadea,openvoice,5,1,output_vs_timbreRef,top5,gujarati17__2824,english200__667,openvoice_top5_output_sentence1_timbre-gujarati17__2824__source-english200__667__openvoice_s1.wav,reference_sentence2_gujarati17__2824_s2.wav,no,NA,861,mshx6v3j-ppk3veh0,,,,,,,,,,,,,,
8/6/2026,accent_dialect,6a2601fe8e6d71a830c96a3d,openvoice,12,4,output_vs_sourceRef,top5,hindi13__1633,english200__667,openvoice_top5_output_sentence1_timbre-hindi13__1633__source-english200__667__openvoice_s1.wav,source_sentence2_english200__667_s2.wav,no,NA,25258,mshx4v2v-bp4h9c5l,,,,,,,,,,,,,,
8/6/2026,accent_dialect,66ecded667f721bca7e5609d,openvoice,40,1,output_vs_timbreRef,top5,gujarati13__2409,english200__667,openvoice_top5_output_sentence1_timbre-gujarati13__2409__source-english200__667__openvoice_s1.wav,reference_sentence2_gujarati13__2409_s2.wav,no,NA,1111,mshx1cdz-fe8mzg47,,,,,,,,,,,,,,
8/6/2026,accent_dialect,69e7e7545bf81637207605dd,openvoice,16,6,sourceRef_vs_sourceRef_cross,NA,NA,english584__2197__vs__english200__667,source_sentence1_english584__2197_s1.wav,source_sentence2_english200__667_s2.wav,yes,same,557,mshx6e5d-h45v7smg,,,,,,,,,,,,,,
8/6/2026,accent_dialect,5f23b7f1c920f1000baef3b1,openvoice,40,4,output_vs_sourceRef,bottom5,hindi7__867,english200__667,openvoice_bottom5_output_sentence1_timbre-hindi7__867__source-english200__667__openvoice_s1.wav,source_sentence2_english200__667_s2.wav,yes,NA,797,mshx1j9z-o5ud5lwi,,,,,,,,,,,,,,
8/6/2026,accent_dialect,55aa9c8dfdf99b634b427b9a,openvoice,36,1,output_vs_timbreRef,bottom5,gujarati9__2041,english584__2197,reference_sentence1_gujarati9__2041_s1.wav,openvoice_bottom5_output_sentence2_timbre-gujarati9__2041__source-english584__2197__openvoice_s2.wav,no,NA,1629,mshx21h5-or0h8zxy,,,,,,,,,,,,,,
8/6/2026,accent_dialect,697cd118af4b9f1235c8a580,seed_vc,24,4,output_vs_sourceRef,bottom5,hindi26__2354,english584__2197,source_sentence1_english584__2197_s1.wav,seed_vc_bottom5_output_sentence2_timbre-hindi26__2354__source-english584__2197__seed_vc_s2.wav,yes,NA,1084,mshx3msc-rihxiywh,,,,,,,,,,,,,,
8/6/2026,accent_dialect,69e8d8794cd2df8c1346c1e3,seed_vc,28,3,timbreRef_vs_sourceRef,bottom5,hindi13__1633,english200__667,source_sentence1_english200__667_s1.wav,reference_sentence2_hindi13__1633_s2.wav,no,different,540,mshx2geg-pougg10p,,,,,,,,,,,,,,
8/6/2026,accent_dialect,69eea7555d195a4d27877668,seed_vc,6,4,output_vs_sourceRef,bottom5,hindi16__1966,english584__2197,source_sentence1_english584__2197_s1.wav,seed_vc_bottom5_output_sentence2_timbre-hindi16__1966__source-english584__2197__seed_vc_s2.wav,no,NA,999,mshx389f-ak77uyeh,,,,,,,,,,,,,,
8/6/2026,accent_dialect,5f1db570f7e0002b7eb1c1dd,openvoice,12,1,output_vs_timbreRef,bottom5,gujarati8__1678,english200__667,openvoice_bottom5_output_sentence1_timbre-gujarati8__1678__source-english200__667__openvoice_s1.wav,reference_sentence2_gujarati8__1678_s2.wav,yes,NA,1083,mshx6h41-0gfugvcr,,,,,,,,,,,,,,
8/6/2026,accent_dialect,6a14b675ce0a732e504a4221,seed_vc,29,3,timbreRef_vs_sourceRef,bottom5,hindi21__2236,english584__2197,source_sentence1_english584__2197_s1.wav,reference_sentence2_hindi21__2236_s2.wav,no,different,989,mshx1gbb-td592rew,,,,,,,,,,,,,,
8/6/2026,accent_dialect,697cac7d3bedace54477eb48,seed_vc,44,5,sourceRef_vs_sourceRef,bottom5,hindi16__1966,english584__2197,source_sentence1_english584__2197_s1.wav,source_sentence2_english584__2197_s2.wav,yes,same,605,mshx1xj2-rwz9u8wm,,,,,,,,,,,,,,
8/6/2026,accent_dialect,6722ceb13a02b06603b7b285,openvoice,15,3,timbreRef_vs_sourceRef,bottom5,hindi7__867,english200__667,source_sentence1_english200__667_s1.wav,reference_sentence2_hindi7__867_s2.wav,no,different,3486,mshx3lce-xrbvbazi,,,,,,,,,,,,,,
8/6/2026,accent_dialect,6a0b794a91737ea5a64687f5,seed_vc,21,2,timbreRef_vs_timbreRef,top5,hindi10__1202,english200__667,reference_sentence1_hindi10__1202_s1.wav,reference_sentence2_hindi10__1202_s2.wav,yes,same,894,mshx22pf-os1a4lzd,,,,,,,,,,,,,,
8/6/2026,accent_dialect,6090578fb2299eacaec32b7a,openvoice,23,4,output_vs_sourceRef,top5,hindi13__1633,english200__667,source_sentence1_english200__667_s1.wav,openvoice_top5_output_sentence2_timbre-hindi13__1633__source-english200__667__openvoice_s2.wav,no,NA,3061,mshx3z6l-nazevfju,,,,,,,,,,,,,,
8/6/2026,accent_dialect,65e681c76bbe9d2e2a43faec,openvoice,25,4,output_vs_sourceRef,top5,hindi19__2206,english584__2197,source_sentence1_english584__2197_s1.wav,openvoice_top5_output_sentence2_timbre-hindi19__2206__source-english584__2197__openvoice_s2.wav,yes,NA,1246,mshx341q-rjtxf289,,,,,,,,,,,,,,
8/6/2026,accent_dialect,608f2bae0ee0a74455533e4c,openvoice,1,4,output_vs_sourceRef,top5,gujarati17__2824,english200__667,source_sentence1_english200__667_s1.wav,openvoice_top5_output_sentence2_timbre-gujarati17__2824__source-english200__667__openvoice_s2.wav,yes,NA,1349,mshx6xma-jow0h9nm,,,,,,,,,,,,,,
8/6/2026,accent_dialect,614dd304ed948bbfe8c22215,seed_vc,21,4,output_vs_sourceRef,bottom5,hindi21__2236,english584__2197,seed_vc_bottom5_output_sentence1_timbre-hindi21__2236__source-english584__2197__seed_vc_s1.wav,source_sentence2_english584__2197_s2.wav,yes,NA,969,mshx50cv-xkdut2r8,,,,,,,,,,,,,,
8/6/2026,accent_dialect,69eea7555d195a4d27877668,seed_vc,5,1,output_vs_timbreRef,top5,gujarati5__1016,english200__667,reference_sentence1_gujarati5__1016_s1.wav,seed_vc_top5_output_sentence2_timbre-gujarati5__1016__source-english200__667__seed_vc_s2.wav,yes,NA,2206,mshx389f-ak77uyeh,,,,,,,,,,,,,,
8/6/2026,accent_dialect,6a01252cc7f0d061aff61bf1,openvoice,19,5,sourceRef_vs_sourceRef,bottom5,gujarati7__1504,english200__667,source_sentence1_english200__667_s1.wav,source_sentence2_english200__667_s2.wav,yes,same,1009,mshx1626-8q6oeb6l,,,,,,,,,,,,,,
8/6/2026,accent_dialect,63614af3f714542282bd139b,openvoice,35,1,output_vs_timbreRef,bottom5,gujarati8__1678,english200__667,openvoice_bottom5_output_sentence1_timbre-gujarati8__1678__source-english200__667__openvoice_s1.wav,reference_sentence2_gujarati8__1678_s2.wav,yes,NA,1698,mshx1g5d-rwgo0ae5,,,,,,,,,,,,,,
8/6/2026,accent_dialect,6a08d24b7f6eccd08cd8ca75,seed_vc,3,4,output_vs_sourceRef,top5,hindi10__1202,english200__667,seed_vc_top5_output_sentence1_timbre-hindi10__1202__source-english200__667__seed_vc_s1.wav,source_sentence2_english200__667_s2.wav,yes,NA,1050,mshx7crv-ahd81gjp,,,,,,,,,,,,,,
8/6/2026,accent_dialect,6a08b966c2858ddb629d187b,openvoice,17,4,output_vs_sourceRef,bottom5,gujarati9__2041,english584__2197,openvoice_bottom5_output_sentence1_timbre-gujarati9__2041__source-english584__2197__openvoice_s1.wav,source_sentence2_english584__2197_s2.wav,yes,NA,841,mshx2jpf-rp3am65p,,,,,,,,,,,,,,
8/6/2026,accent_dialect,5f17553ce0feb10c3dd2b16a,openvoice,20,4,output_vs_sourceRef,bottom5,hindi7__867,english200__667,openvoice_bottom5_output_sentence1_timbre-hindi7__867__source-english200__667__openvoice_s1.wav,source_sentence2_english200__667_s2.wav,no,NA,5209,mshx2kqd-tgkfnjto,,,,,,,,,,,,,,
8/6/2026,accent_dialect,69e8d8794cd2df8c1346c1e3,seed_vc,29,2,timbreRef_vs_timbreRef,top5,gujarati16__2558,english200__667,reference_sentence1_gujarati16__2558_s1.wav,reference_sentence2_gujarati16__2558_s2.wav,no,same,1146,mshx2geg-pougg10p,,,,,,,,,,,,,,
8/6/2026,accent_dialect,594a969df0ea1b0001558178,openvoice,13,4,output_vs_sourceRef,bottom5,gujarati7__1504,english200__667,source_sentence1_english200__667_s1.wav,openvoice_bottom5_output_sentence2_timbre-gujarati7__1504__source-english200__667__openvoice_s2.wav,yes,NA,684,mshx3062-tzc0d5me,,,,,,,,,,,,,,
8/6/2026,accent_dialect,69e7e7545bf81637207605dd,openvoice,17,2,timbreRef_vs_timbreRef,bottom5,hindi12__1440,english200__667,reference_sentence1_hindi12__1440_s1.wav,reference_sentence2_hindi12__1440_s2.wav,yes,same,696,mshx6e5d-h45v7smg,,,,,,,,,,,,,,
8/6/2026,accent_dialect,5c690f6f81d8da000100c78b,openvoice,38,1,output_vs_timbreRef,top5,hindi19__2206,english584__2197,reference_sentence1_hindi19__2206_s1.wav,openvoice_top5_output_sentence2_timbre-hindi19__2206__source-english584__2197__openvoice_s2.wav,yes,NA,789,mshx233w-isdpc61p,,,,,,,,,,,,,,
8/6/2026,accent_dialect,6a14824f1c967f6a6916dee7,openvoice,22,3,timbreRef_vs_sourceRef,bottom5,hindi7__867,english200__667,reference_sentence1_hindi7__867_s1.wav,source_sentence2_english200__667_s2.wav,no,different,1000,mshx2ok1-wcy4jqsh,,,,,,,,,,,,,,
8/6/2026,accent_dialect,6a15d6a799a27da826906cdb,openvoice,31,4,output_vs_sourceRef,top5,gujarati17__2824,english200__667,source_sentence1_english200__667_s1.wav,openvoice_top5_output_sentence2_timbre-gujarati17__2824__source-english200__667__openvoice_s2.wav,yes,NA,908,mshx31ov-4z3uubkh,,,,,,,,,,,,,,
8/6/2026,accent_dialect,6547eba1d8a02576605bcfb2,seed_vc,35,2,timbreRef_vs_timbreRef,top5,gujarati5__1016,english200__667,reference_sentence1_gujarati5__1016_s1.wav,reference_sentence2_gujarati5__1016_s2.wav,yes,same,1533,mshx1oqt-v9obb1yn,,,,,,,,,,,,,,
8/6/2026,accent_dialect,69e5649666d18ba4b364db04,seed_vc,35,2,timbreRef_vs_timbreRef,bottom5,hindi13__1633,english200__667,reference_sentence1_hindi13__1633_s1.wav,reference_sentence2_hindi13__1633_s2.wav,yes,same,1096,mshx1d1v-e1n34r5j,,,,,,,,,,,,,,
8/6/2026,accent_dialect,66bfe5ecc23f1e2109f144d6,seed_vc,38,5,sourceRef_vs_sourceRef,bottom5,gujarati4__610,english200__667,source_sentence1_english200__667_s1.wav,source_sentence2_english200__667_s2.wav,yes,same,337,mshx1kb9-31qzhrfj,,,,,,,,,,,,,,
8/6/2026,accent_dialect,69dd3ed63fbfe7bbbf3aac15,seed_vc,35,3,timbreRef_vs_sourceRef,bottom5,hindi16__1966,english584__2197,source_sentence1_english584__2197_s1.wav,reference_sentence2_hindi16__1966_s2.wav,no,different,1056,mshx2awr-phq5g4iy,,,,,,,,,,,,,,
8/6/2026,accent_dialect,69fcae003b080bd0cacb7412,seed_vc,35,4,output_vs_sourceRef,top5,hindi2__587,english584__2197,seed_vc_top5_output_sentence1_timbre-hindi2__587__source-english584__2197__seed_vc_s1.wav,source_sentence2_english584__2197_s2.wav,yes,NA,1329,mshx1u62-fqxouafe,,,,,,,,,,,,,,
8/6/2026,accent_dialect,69e56c8f8677d3d655d61941,openvoice,35,2,timbreRef_vs_timbreRef,bottom5,gujarati8__1678,english200__667,reference_sentence1_gujarati8__1678_s1.wav,reference_sentence2_gujarati8__1678_s2.wav,yes,same,952,mshx21dr-ejpalixz,,,,,,,,,,,,,,
8/6/2026,accent_dialect,6a2601fe8e6d71a830c96a3d,openvoice,13,3,timbreRef_vs_sourceRef,top5,gujarati17__2824,english200__667,reference_sentence1_gujarati17__2824_s1.wav,source_sentence2_english200__667_s2.wav,no,different,920,mshx4v2v-bp4h9c5l,,,,,,,,,,,,,,
8/6/2026,accent_dialect,67dd4210d92f4c3aac8d944c,openvoice,27,1,output_vs_timbreRef,bottom5,hindi12__1440,english200__667,openvoice_bottom5_output_sentence1_timbre-hindi12__1440__source-english200__667__openvoice_s1.wav,reference_sentence2_hindi12__1440_s2.wav,yes,NA,1039,mshx11x7-5rslmkb7,,,,,,,,,,,,,,
8/6/2026,accent_dialect,664538d42f1f1e3371e3e3db,openvoice,1,3,timbreRef_vs_sourceRef,bottom5,gujarati7__1504,english200__667,source_sentence1_english200__667_s1.wav,reference_sentence2_gujarati7__1504_s2.wav,no,different,1141,mshx6vkg-3stj714d,,,,,,,,,,,,,,
8/6/2026,accent_dialect,58064d91f25c440001678a10,openvoice,33,4,output_vs_sourceRef,top5,hindi19__2206,english584__2197,openvoice_top5_output_sentence1_timbre-hindi19__2206__source-english584__2197__openvoice_s1.wav,source_sentence2_english584__2197_s2.wav,yes,NA,1525,mshx1z74-ej5p9mjs,,,,,,,,,,,,,,
8/6/2026,accent_dialect,66ecded667f721bca7e5609d,openvoice,41,3,timbreRef_vs_sourceRef,top5,gujarati13__2409,english200__667,source_sentence1_english200__667_s1.wav,reference_sentence2_gujarati13__2409_s2.wav,no,different,1053,mshx1cdz-fe8mzg47,,,,,,,,,,,,,,
8/6/2026,accent_dialect,5d1653de3935ca001b87ff71,openvoice,1,1,output_vs_timbreRef,top5,hindi13__1633,english200__667,reference_sentence1_hindi13__1633_s1.wav,openvoice_top5_output_sentence2_timbre-hindi13__1633__source-english200__667__openvoice_s2.wav,no,NA,1488,mshx83ev-k9ogo00o,,,,,,,,,,,,,,
8/6/2026,accent_dialect,6a1367055e82b8a9a60fcfa7,seed_vc,demographics,,,,,,,,,,,mshx1v8y-latl0nlp,25–34,White American,Southeastern U.S.,English,,Female,No,,No,,ChatGPT Voice Assistant; Apple Siri,A few times per week,4,
8/6/2026,accent_dialect,6722ceb13a02b06603b7b285,openvoice,16,3,timbreRef_vs_sourceRef,top5,gujarati11__2301,english584__2197,reference_sentence1_gujarati11__2301_s1.wav,source_sentence2_english584__2197_s2.wav,no,different,1411,mshx3lce-xrbvbazi,,,,,,,,,,,,,,
8/6/2026,accent_dialect,6a0b794a91737ea5a64687f5,seed_vc,22,4,output_vs_sourceRef,bottom5,hindi13__1633,english200__667,source_sentence1_english200__667_s1.wav,seed_vc_bottom5_output_sentence2_timbre-hindi13__1633__source-english200__667__seed_vc_s2.wav,yes,NA,1525,mshx22pf-os1a4lzd,,,,,,,,,,,,,,
8/6/2026,accent_dialect,65e681c76bbe9d2e2a43faec,openvoice,26,3,timbreRef_vs_sourceRef,top5,hindi19__2206,english584__2197,reference_sentence1_hindi19__2206_s1.wav,source_sentence2_english584__2197_s2.wav,yes,different,2156,mshx341q-rjtxf289,,,,,,,,,,,,,,
8/6/2026,accent_dialect,6a0a200efdf95c93dce00159,openvoice,22,5,sourceRef_vs_sourceRef,bottom5,gujarati7__1504,english200__667,source_sentence1_english200__667_s1.wav,source_sentence2_english200__667_s2.wav,yes,same,828,mshx3p6l-pwhomepm,,,,,,,,,,,,,,
8/6/2026,accent_dialect,6a03c72c0c92638f0a23f54a,seed_vc,22,1,output_vs_timbreRef,top5,hindi2__587,english584__2197,seed_vc_top5_output_sentence1_timbre-hindi2__587__source-english584__2197__seed_vc_s1.wav,reference_sentence2_hindi2__587_s2.wav,no,NA,751,mshx4f9p-zf5dpeqz,,,,,,,,,,,,,,
8/6/2026,accent_dialect,6a08b966c2858ddb629d187b,openvoice,18,3,timbreRef_vs_sourceRef,bottom5,hindi7__867,english200__667,source_sentence1_english200__667_s1.wav,reference_sentence2_hindi7__867_s2.wav,no,different,533,mshx2jpf-rp3am65p,,,,,,,,,,,,,,
8/6/2026,accent_dialect,5f828a47a08cb43c715fe3a2,seed_vc,20,2,timbreRef_vs_timbreRef,bottom5,hindi26__2354,english584__2197,reference_sentence1_hindi26__2354_s1.wav,reference_sentence2_hindi26__2354_s2.wav,yes,same,659,mshx1o2k-hsj8d5iw,,,,,,,,,,,,,,
8/6/2026,accent_dialect,6966546ad013598bf92dadea,openvoice,7,1,output_vs_timbreRef,bottom5,hindi7__867,english200__667,openvoice_bottom5_output_sentence1_timbre-hindi7__867__source-english200__667__openvoice_s1.wav,reference_sentence2_hindi7__867_s2.wav,no,NA,839,mshx6v3j-ppk3veh0,,,,,,,,,,,,,,
8/6/2026,accent_dialect,63f78d9a7a3d118594efff74,openvoice,18,1,output_vs_timbreRef,bottom5,gujarati8__1678,english200__667,reference_sentence1_gujarati8__1678_s1.wav,openvoice_bottom5_output_sentence2_timbre-gujarati8__1678__source-english200__667__openvoice_s2.wav,yes,NA,2136,mshx3e62-7808i0kh,,,,,,,,,,,,,,
8/6/2026,accent_dialect,6678f7524c361fc66ef34d99,seed_vc,6,3,timbreRef_vs_sourceRef,top5,gujarati16__2558,english200__667,reference_sentence1_gujarati16__2558_s1.wav,source_sentence2_english200__667_s2.wav,no,different,938,mshx5r4e-h9yu970k,,,,,,,,,,,,,,
8/6/2026,accent_dialect,698b70d95529cc75f2634783,openvoice,24,1,output_vs_timbreRef,top5,hindi19__2206,english584__2197,reference_sentence1_hindi19__2206_s1.wav,openvoice_top5_output_sentence2_timbre-hindi19__2206__source-english584__2197__openvoice_s2.wav,yes,NA,926,mshx1fqp-5zh159ax,,,,,,,,,,,,,,
8/6/2026,accent_dialect,5acb7b0ae1099600016acdd6,seed_vc,16,5,sourceRef_vs_sourceRef,bottom5,gujarati4__610,english200__667,source_sentence1_english200__667_s1.wav,source_sentence2_english200__667_s2.wav,yes,same,1158,mshx1yj8-t4xm8w61,,,,,,,,,,,,,,
8/6/2026,accent_dialect,6a01252cc7f0d061aff61bf1,openvoice,20,6,sourceRef_vs_sourceRef_cross,NA,NA,english584__2197__vs__english200__667,source_sentence1_english584__2197_s1.wav,source_sentence2_english200__667_s2.wav,no,same,4040,mshx1626-8q6oeb6l,,,,,,,,,,,,,,
8/6/2026,accent_dialect,69dd3ed63fbfe7bbbf3aac15,seed_vc,36,1,output_vs_timbreRef,bottom5,hindi16__1966,english584__2197,reference_sentence1_hindi16__1966_s1.wav,seed_vc_bottom5_output_sentence2_timbre-hindi16__1966__source-english584__2197__seed_vc_s2.wav,yes,NA,793,mshx2awr-phq5g4iy,,,,,,,,,,,,,,
8/6/2026,accent_dialect,699292d2b2321f8f920b55dd,openvoice,39,4,output_vs_sourceRef,top5,hindi19__2206,english584__2197,source_sentence1_english584__2197_s1.wav,openvoice_top5_output_sentence2_timbre-hindi19__2206__source-english584__2197__openvoice_s2.wav,no,NA,1575,mshx1u48-slhdj2vr,,,,,,,,,,,,,,
8/6/2026,accent_dialect,6a0e24dc9563561507623d39,seed_vc,41,1,output_vs_timbreRef,bottom5,gujarati4__610,english200__667,seed_vc_bottom5_output_sentence1_timbre-gujarati4__610__source-english200__667__seed_vc_s1.wav,reference_sentence2_gujarati4__610_s2.wav,no,NA,1000,mshx1i80-yps2tnia,,,,,,,,,,,,,,
8/6/2026,accent_dialect,5f23b7f1c920f1000baef3b1,openvoice,41,3,timbreRef_vs_sourceRef,top5,gujarati13__2409,english200__667,source_sentence1_english200__667_s1.wav,reference_sentence2_gujarati13__2409_s2.wav,no,different,816,mshx1j9z-o5ud5lwi,,,,,,,,,,,,,,
8/6/2026,accent_dialect,594a969df0ea1b0001558178,openvoice,14,2,timbreRef_vs_timbreRef,top5,gujarati17__2824,english200__667,reference_sentence1_gujarati17__2824_s1.wav,reference_sentence2_gujarati17__2824_s2.wav,yes,same,451,mshx3062-tzc0d5me,,,,,,,,,,,,,,
8/6/2026,accent_dialect,58064d91f25c440001678a10,openvoice,34,3,timbreRef_vs_sourceRef,bottom5,gujarati7__1504,english200__667,source_sentence1_english200__667_s1.wav,reference_sentence2_gujarati7__1504_s2.wav,no,different,817,mshx1z74-ej5p9mjs,,,,,,,,,,,,,,
8/6/2026,accent_dialect,614dd304ed948bbfe8c22215,seed_vc,23,4,output_vs_sourceRef,bottom5,hindi16__1966,english584__2197,seed_vc_bottom5_output_sentence1_timbre-hindi16__1966__source-english584__2197__seed_vc_s1.wav,source_sentence2_english584__2197_s2.wav,yes,NA,1144,mshx50cv-xkdut2r8,,,,,,,,,,,,,,
8/6/2026,accent_dialect,671f12c5d2543b67c0f12e57,openvoice,7,1,output_vs_timbreRef,bottom5,gujarati9__2041,english584__2197,reference_sentence1_gujarati9__2041_s1.wav,openvoice_bottom5_output_sentence2_timbre-gujarati9__2041__source-english584__2197__openvoice_s2.wav,no,NA,742,mshx8koq-rq3ad2pa,,,,,,,,,,,,,,
8/6/2026,accent_dialect,6a14824f1c967f6a6916dee7,openvoice,23,2,timbreRef_vs_timbreRef,top5,gujarati17__2824,english200__667,reference_sentence1_gujarati17__2824_s1.wav,reference_sentence2_gujarati17__2824_s2.wav,yes,same,2407,mshx2ok1-wcy4jqsh,,,,,,,,,,,,,,
8/6/2026,accent_dialect,69d8eab7b04ea057a65bdb4d,seed_vc,32,4,output_vs_sourceRef,bottom5,gujarati4__610,english200__667,source_sentence1_english200__667_s1.wav,seed_vc_bottom5_output_sentence2_timbre-gujarati4__610__source-english200__667__seed_vc_s2.wav,yes,NA,3280,mshx26fg-o3ecmoil,,,,,,,,,,,,,,
8/6/2026,accent_dialect,614dd304ed948bbfe8c22215,seed_vc,22,3,timbreRef_vs_sourceRef,bottom5,hindi26__2354,english584__2197,reference_sentence1_hindi26__2354_s1.wav,source_sentence2_english584__2197_s2.wav,no,different,571,mshx50cv-xkdut2r8,,,,,,,,,,,,,,
8/6/2026,accent_dialect,6547eba1d8a02576605bcfb2,seed_vc,36,2,timbreRef_vs_timbreRef,bottom5,hindi16__1966,english584__2197,reference_sentence1_hindi16__1966_s1.wav,reference_sentence2_hindi16__1966_s2.wav,yes,same,670,mshx1oqt-v9obb1yn,,,,,,,,,,,,,,
8/6/2026,accent_dialect,69f8501bd7faed68d0b7674d,seed_vc,41,4,output_vs_sourceRef,top5,gujarati5__1016,english200__667,seed_vc_top5_output_sentence1_timbre-gujarati5__1016__source-english200__667__seed_vc_s1.wav,source_sentence2_english200__667_s2.wav,yes,NA,876,mshx1y1e-i99t9og9,,,,,,,,,,,,,,
8/6/2026,accent_dialect,67713f8437575dd855393a8f,seed_vc,31,2,timbreRef_vs_timbreRef,top5,hindi2__587,english584__2197,reference_sentence1_hindi2__587_s1.wav,reference_sentence2_hindi2__587_s2.wav,no,same,1594,mshx2db3-vly3jg9t,,,,,,,,,,,,,,
8/6/2026,accent_dialect,69f25a06e6dfc9f5ecaf7b31,seed_vc,32,2,timbreRef_vs_timbreRef,bottom5,gujarati4__610,english200__667,reference_sentence1_gujarati4__610_s1.wav,reference_sentence2_gujarati4__610_s2.wav,yes,same,853,mshx1auo-2tp9t4l9,,,,,,,,,,,,,,
8/6/2026,accent_dialect,63d023f75eaafe675b6fa5fd,seed_vc,1,2,timbreRef_vs_timbreRef,bottom5,gujarati4__610,english200__667,reference_sentence1_gujarati4__610_s1.wav,reference_sentence2_gujarati4__610_s2.wav,yes,same,1352,mshx7x8l-33cmg89d,,,,,,,,,,,,,,
8/6/2026,accent_dialect,69e7e7545bf81637207605dd,openvoice,19,1,output_vs_timbreRef,top5,gujarati17__2824,english200__667,reference_sentence1_gujarati17__2824_s1.wav,openvoice_top5_output_sentence2_timbre-gujarati17__2824__source-english200__667__openvoice_s2.wav,no,NA,1619,mshx6e5d-h45v7smg,,,,,,,,,,,,,,
8/6/2026,accent_dialect,69d59bb26cbbb9ca14a5eb04,seed_vc,19,1,output_vs_timbreRef,bottom5,hindi21__2236,english584__2197,reference_sentence1_hindi21__2236_s1.wav,seed_vc_bottom5_output_sentence2_timbre-hindi21__2236__source-english584__2197__seed_vc_s2.wav,no,NA,771,mshx469a-p5k8oz6g,,,,,,,,,,,,,,
8/6/2026,accent_dialect,5f1db570f7e0002b7eb1c1dd,openvoice,15,3,timbreRef_vs_sourceRef,bottom5,gujarati8__1678,english200__667,source_sentence1_english200__667_s1.wav,reference_sentence2_gujarati8__1678_s2.wav,no,different,1016,mshx6h41-0gfugvcr,,,,,,,,,,,,,,
8/6/2026,accent_dialect,5f17553ce0feb10c3dd2b16a,openvoice,22,3,timbreRef_vs_sourceRef,top5,gujarati17__2824,english200__667,reference_sentence1_gujarati17__2824_s1.wav,source_sentence2_english200__667_s2.wav,no,different,1165,mshx2kqd-tgkfnjto,,,,,,,,,,,,,,
8/6/2026,accent_dialect,608f2bae0ee0a74455533e4c,openvoice,3,6,sourceRef_vs_sourceRef_cross,NA,NA,english584__2197__vs__english200__667,source_sentence1_english584__2197_s1.wav,source_sentence2_english200__667_s2.wav,yes,same,1379,mshx6xma-jow0h9nm,,,,,,,,,,,,,,
8/6/2026,accent_dialect,6678f7524c361fc66ef34d99,seed_vc,7,3,timbreRef_vs_sourceRef,top5,hindi2__587,english584__2197,source_sentence1_english584__2197_s1.wav,reference_sentence2_hindi2__587_s2.wav,no,different,891,mshx5r4e-h9yu970k,,,,,,,,,,,,,,
8/6/2026,accent_dialect,67ade0c7138bc5e2f5d72575,openvoice,30,2,timbreRef_vs_timbreRef,top5,gujarati17__2824,english200__667,reference_sentence1_gujarati17__2824_s1.wav,reference_sentence2_gujarati17__2824_s2.wav,yes,same,975,mshx2heb-jqjfwsn7,,,,,,,,,,,,,,
8/6/2026,accent_dialect,66ccdd9f6b12c6ea6fa01f42,seed_vc,15,2,timbreRef_vs_timbreRef,bottom5,hindi16__1966,english584__2197,reference_sentence1_hindi16__1966_s1.wav,reference_sentence2_hindi16__1966_s2.wav,yes,same,614,mshx22lj-u2967oxb,,,,,,,,,,,,,,
8/6/2026,accent_dialect,66b123d3c5b7eea8d9120bde,openvoice,18,1,output_vs_timbreRef,bottom5,gujarati8__1678,english200__667,openvoice_bottom5_output_sentence1_timbre-gujarati8__1678__source-english200__667__openvoice_s1.wav,reference_sentence2_gujarati8__1678_s2.wav,yes,NA,1889,mshx2n8g-t70mhgcu,,,,,,,,,,,,,,
8/6/2026,accent_dialect,6a03c72c0c92638f0a23f54a,seed_vc,23,4,output_vs_sourceRef,top5,hindi19__2206,english584__2197,source_sentence1_english584__2197_s1.wav,seed_vc_top5_output_sentence2_timbre-hindi19__2206__source-english584__2197__seed_vc_s2.wav,yes,NA,1394,mshx4f9p-zf5dpeqz,,,,,,,,,,,,,,
8/6/2026,accent_dialect,69e8d8794cd2df8c1346c1e3,seed_vc,31,1,output_vs_timbreRef,top5,hindi10__1202,english200__667,reference_sentence1_hindi10__1202_s1.wav,seed_vc_top5_output_sentence2_timbre-hindi10__1202__source-english200__667__seed_vc_s2.wav,yes,NA,659,mshx2geg-pougg10p,,,,,,,,,,,,,,
8/6/2026,accent_dialect,69e5649666d18ba4b364db04,seed_vc,37,3,timbreRef_vs_sourceRef,top5,hindi10__1202,english200__667,source_sentence1_english200__667_s1.wav,reference_sentence2_hindi10__1202_s2.wav,no,different,1073,mshx1d1v-e1n34r5j,,,,,,,,,,,,,,
8/6/2026,accent_dialect,6a21aceedbb1056fb595bc03,openvoice,36,2,timbreRef_vs_timbreRef,top5,gujarati13__2409,english200__667,reference_sentence1_gujarati13__2409_s1.wav,reference_sentence2_gujarati13__2409_s2.wav,yes,same,1131,mshx3m5a-8bmjlj5g,,,,,,,,,,,,,,
8/6/2026,accent_dialect,5d0eecdd348afe00015865aa,openvoice,33,1,output_vs_timbreRef,top5,hindi13__1633,english200__667,reference_sentence1_hindi13__1633_s1.wav,openvoice_top5_output_sentence2_timbre-hindi13__1633__source-english200__667__openvoice_s2.wav,no,NA,844,mshx2fxn-9ttvrw2q,,,,,,,,,,,,,,
8/6/2026,accent_dialect,58064d91f25c440001678a10,openvoice,35,1,output_vs_timbreRef,top5,hindi13__1633,english200__667,reference_sentence1_hindi13__1633_s1.wav,openvoice_top5_output_sentence2_timbre-hindi13__1633__source-english200__667__openvoice_s2.wav,no,NA,1002,mshx1z74-ej5p9mjs,,,,,,,,,,,,,,
8/6/2026,accent_dialect,69e56c8f8677d3d655d61941,openvoice,37,4,output_vs_sourceRef,bottom5,gujarati9__2041,english584__2197,source_sentence1_english584__2197_s1.wav,openvoice_bottom5_output_sentence2_timbre-gujarati9__2041__source-english584__2197__openvoice_s2.wav,no,NA,5245,mshx21dr-ejpalixz,,,,,,,,,,,,,,
8/6/2026,accent_dialect,55aa9c8dfdf99b634b427b9a,openvoice,39,4,output_vs_sourceRef,top5,gujarati11__2301,english584__2197,openvoice_top5_output_sentence1_timbre-gujarati11__2301__source-english584__2197__openvoice_s1.wav,source_sentence2_english584__2197_s2.wav,yes,NA,823,mshx21h5-or0h8zxy,,,,,,,,,,,,,,
8/6/2026,accent_dialect,6998804cdfd462a8fab9b10f,openvoice,30,3,timbreRef_vs_sourceRef,bottom5,hindi12__1440,english200__667,reference_sentence1_hindi12__1440_s1.wav,source_sentence2_english200__667_s2.wav,no,different,915,mshx38gr-2vxoggk5,,,,,,,,,,,,,,
8/6/2026,accent_dialect,6090578fb2299eacaec32b7a,openvoice,25,6,sourceRef_vs_sourceRef_cross,NA,NA,english200__667__vs__english584__2197,source_sentence1_english200__667_s1.wav,source_sentence2_english584__2197_s2.wav,no,same,4064,mshx3z6l-nazevfju,,,,,,,,,,,,,,
8/6/2026,accent_dialect,6a0e579710108dbe9059ee97,openvoice,28,1,output_vs_timbreRef,top5,hindi13__1633,english200__667,reference_sentence1_hindi13__1633_s1.wav,openvoice_top5_output_sentence2_timbre-hindi13__1633__source-english200__667__openvoice_s2.wav,no,NA,729,mshx28gv-dmc7dcfa,,,,,,,,,,,,,,
8/6/2026,accent_dialect,56aa90d5638440000c8b506f,seed_vc,12,4,output_vs_sourceRef,top5,gujarati16__2558,english200__667,seed_vc_top5_output_sentence1_timbre-gujarati16__2558__source-english200__667__seed_vc_s1.wav,source_sentence2_english200__667_s2.wav,no,NA,2339,mshx2qtr-tbs8zybb,,,,,,,,,,,,,,
8/6/2026,accent_dialect,69f8501bd7faed68d0b7674d,seed_vc,42,2,timbreRef_vs_timbreRef,bottom5,hindi21__2236,english584__2197,reference_sentence1_hindi21__2236_s1.wav,reference_sentence2_hindi21__2236_s2.wav,yes,same,765,mshx1y1e-i99t9og9,,,,,,,,,,,,,,
8/6/2026,accent_dialect,594a969df0ea1b0001558178,openvoice,16,4,output_vs_sourceRef,bottom5,hindi7__867,english200__667,openvoice_bottom5_output_sentence1_timbre-hindi7__867__source-english200__667__openvoice_s1.wav,source_sentence2_english200__667_s2.wav,yes,NA,724,mshx3062-tzc0d5me,,,,,,,,,,,,,,
8/6/2026,accent_dialect,6776bf1a71392619a43359d3,seed_vc,32,2,timbreRef_vs_timbreRef,top5,gujarati16__2558,english200__667,reference_sentence1_gujarati16__2558_s1.wav,reference_sentence2_gujarati16__2558_s2.wav,yes,same,784,mshx2duk-nduw1k93,,,,,,,,,,,,,,
8/6/2026,accent_dialect,69eea7555d195a4d27877668,seed_vc,9,2,timbreRef_vs_timbreRef,top5,hindi19__2206,english584__2197,reference_sentence1_hindi19__2206_s1.wav,reference_sentence2_hindi19__2206_s2.wav,yes,same,1445,mshx389f-ak77uyeh,,,,,,,,,,,,,,
8/6/2026,accent_dialect,69fd502ade7763b4307a98af,seed_vc,7,2,timbreRef_vs_timbreRef,top5,hindi10__1202,english200__667,reference_sentence1_hindi10__1202_s1.wav,reference_sentence2_hindi10__1202_s2.wav,yes,same,1338,mshx66cb-lxo41smp,,,,,,,,,,,,,,
8/6/2026,accent_dialect,69e7e7545bf81637207605dd,openvoice,20,1,output_vs_timbreRef,bottom5,gujarati8__1678,english200__667,openvoice_bottom5_output_sentence1_timbre-gujarati8__1678__source-english200__667__openvoice_s1.wav,reference_sentence2_gujarati8__1678_s2.wav,yes,NA,594,mshx6e5d-h45v7smg,,,,,,,,,,,,,,
8/6/2026,accent_dialect,69fcae003b080bd0cacb7412,seed_vc,37,2,timbreRef_vs_timbreRef,bottom5,hindi13__1633,english200__667,reference_sentence1_hindi13__1633_s1.wav,reference_sentence2_hindi13__1633_s2.wav,yes,same,1890,mshx1u62-fqxouafe,,,,,,,,,,,,,,
8/6/2026,accent_dialect,5d1653de3935ca001b87ff71,openvoice,3,1,output_vs_timbreRef,top5,hindi19__2206,english584__2197,reference_sentence1_hindi19__2206_s1.wav,openvoice_top5_output_sentence2_timbre-hindi19__2206__source-english584__2197__openvoice_s2.wav,yes,NA,1268,mshx83ev-k9ogo00o,,,,,,,,,,,,,,
8/6/2026,accent_dialect,67713f8437575dd855393a8f,seed_vc,33,2,timbreRef_vs_timbreRef,top5,gujarati5__1016,english200__667,reference_sentence1_gujarati5__1016_s1.wav,reference_sentence2_gujarati5__1016_s2.wav,yes,same,637,mshx2db3-vly3jg9t,,,,,,,,,,,,,,
8/6/2026,accent_dialect,69d8eab7b04ea057a65bdb4d,seed_vc,34,5,sourceRef_vs_sourceRef,bottom5,gujarati4__610,english200__667,source_sentence1_english200__667_s1.wav,source_sentence2_english200__667_s2.wav,yes,same,626,mshx26fg-o3ecmoil,,,,,,,,,,,,,,
8/6/2026,accent_dialect,664538d42f1f1e3371e3e3db,openvoice,3,1,output_vs_timbreRef,bottom5,gujarati9__2041,english584__2197,openvoice_bottom5_output_sentence1_timbre-gujarati9__2041__source-english584__2197__openvoice_s1.wav,reference_sentence2_gujarati9__2041_s2.wav,no,NA,1538,mshx6vkg-3stj714d,,,,,,,,,,,,,,
8/6/2026,accent_dialect,5d0c10124b68150015fd5bca,seed_vc,31,4,output_vs_sourceRef,bottom5,hindi21__2236,english584__2197,seed_vc_bottom5_output_sentence1_timbre-hindi21__2236__source-english584__2197__seed_vc_s1.wav,source_sentence2_english584__2197_s2.wav,no,NA,1234,mshx20qr-j6nfdb19,,,,,,,,,,,,,,
8/6/2026,accent_dialect,698a6f9a70f427ea2c5019e6,seed_vc,15,3,timbreRef_vs_sourceRef,top5,hindi10__1202,english200__667,source_sentence1_english200__667_s1.wav,reference_sentence2_hindi10__1202_s2.wav,yes,different,1114,mshx4dns-9alm2dpz,,,,,,,,,,,,,,
8/6/2026,accent_dialect,5c7f489defd9e20015751167,openvoice,demographics,,,,,,,,,,,mshx1b8o-nzqg5c70,35–44,White American,Northwestern U.S.,English,,Male,No,,No,,Apple Siri,A few times per week,4,
8/6/2026,accent_dialect,69f8501bd7faed68d0b7674d,seed_vc,43,1,output_vs_timbreRef,bottom5,hindi16__1966,english584__2197,reference_sentence1_hindi16__1966_s1.wav,seed_vc_bottom5_output_sentence2_timbre-hindi16__1966__source-english584__2197__seed_vc_s2.wav,yes,NA,770,mshx1y1e-i99t9og9,,,,,,,,,,,,,,
8/6/2026,accent_dialect,5dceca2541afe801a32e27ac,openvoice,26,3,timbreRef_vs_sourceRef,bottom5,gujarati9__2041,english584__2197,source_sentence1_english584__2197_s1.wav,reference_sentence2_gujarati9__2041_s2.wav,no,different,1172,mshx1qcv-3rudfu98,,,,,,,,,,,,,,
8/6/2026,accent_dialect,698b70d95529cc75f2634783,openvoice,27,1,output_vs_timbreRef,bottom5,gujarati9__2041,english584__2197,reference_sentence1_gujarati9__2041_s1.wav,openvoice_bottom5_output_sentence2_timbre-gujarati9__2041__source-english584__2197__openvoice_s2.wav,no,NA,722,mshx1fqp-5zh159ax,,,,,,,,,,,,,,
8/6/2026,accent_dialect,69d59bb26cbbb9ca14a5eb04,seed_vc,21,1,output_vs_timbreRef,bottom5,gujarati4__610,english200__667,reference_sentence1_gujarati4__610_s1.wav,seed_vc_bottom5_output_sentence2_timbre-gujarati4__610__source-english200__667__seed_vc_s2.wav,no,NA,1907,mshx469a-p5k8oz6g,,,,,,,,,,,,,,
8/6/2026,accent_dialect,6a14824f1c967f6a6916dee7,openvoice,24,5,sourceRef_vs_sourceRef,bottom5,gujarati9__2041,english584__2197,source_sentence1_english584__2197_s1.wav,source_sentence2_english584__2197_s2.wav,yes,same,3616,mshx2ok1-wcy4jqsh,,,,,,,,,,,,,,
8/6/2026,accent_dialect,663170bb631c1b3b21b7828b,openvoice,27,5,sourceRef_vs_sourceRef,bottom5,gujarati9__2041,english584__2197,source_sentence1_english584__2197_s1.wav,source_sentence2_english584__2197_s2.wav,yes,same,1307,mshx34w0-idx6h6f2,,,,,,,,,,,,,,
8/6/2026,accent_dialect,58064d91f25c440001678a10,openvoice,36,4,output_vs_sourceRef,bottom5,gujarati9__2041,english584__2197,source_sentence1_english584__2197_s1.wav,openvoice_bottom5_output_sentence2_timbre-gujarati9__2041__source-english584__2197__openvoice_s2.wav,yes,NA,1395,mshx1z74-ej5p9mjs,,,,,,,,,,,,,,
8/6/2026,accent_dialect,6547eba1d8a02576605bcfb2,seed_vc,38,2,timbreRef_vs_timbreRef,bottom5,hindi21__2236,english584__2197,reference_sentence1_hindi21__2236_s1.wav,reference_sentence2_hindi21__2236_s2.wav,yes,same,689,mshx1oqt-v9obb1yn,,,,,,,,,,,,,,
8/6/2026,accent_dialect,614dd304ed948bbfe8c22215,seed_vc,25,1,output_vs_timbreRef,top5,hindi19__2206,english584__2197,seed_vc_top5_output_sentence1_timbre-hindi19__2206__source-english584__2197__seed_vc_s1.wav,reference_sentence2_hindi19__2206_s2.wav,yes,NA,1594,mshx50cv-xkdut2r8,,,,,,,,,,,,,,
8/6/2026,accent_dialect,6720c26f12695d0297414d2d,openvoice,1,2,timbreRef_vs_timbreRef,bottom5,gujarati7__1504,english200__667,reference_sentence1_gujarati7__1504_s1.wav,reference_sentence2_gujarati7__1504_s2.wav,yes,same,2435,mshx8gfb-6hep8dbg,,,,,,,,,,,,,,
8/6/2026,accent_dialect,63d023f75eaafe675b6fa5fd,seed_vc,3,1,output_vs_timbreRef,bottom5,hindi26__2354,english584__2197,reference_sentence1_hindi26__2354_s1.wav,seed_vc_bottom5_output_sentence2_timbre-hindi26__2354__source-english584__2197__seed_vc_s2.wav,yes,NA,1248,mshx7x8l-33cmg89d,,,,,,,,,,,,,,
8/6/2026,accent_dialect,65e681c76bbe9d2e2a43faec,openvoice,29,2,timbreRef_vs_timbreRef,bottom5,hindi12__1440,english200__667,reference_sentence1_hindi12__1440_s1.wav,reference_sentence2_hindi12__1440_s2.wav,yes,same,1189,mshx341q-rjtxf289,,,,,,,,,,,,,,
8/6/2026,accent_dialect,6966546ad013598bf92dadea,openvoice,10,4,output_vs_sourceRef,top5,hindi13__1633,english200__667,openvoice_top5_output_sentence1_timbre-hindi13__1633__source-english200__667__openvoice_s1.wav,source_sentence2_english200__667_s2.wav,yes,NA,801,mshx6v3j-ppk3veh0,,,,,,,,,,,,,,
8/6/2026,accent_dialect,69d8eab7b04ea057a65bdb4d,seed_vc,35,3,timbreRef_vs_sourceRef,bottom5,gujarati4__610,english200__667,reference_sentence1_gujarati4__610_s1.wav,source_sentence2_english200__667_s2.wav,no,different,575,mshx26fg-o3ecmoil,,,,,,,,,,,,,,
8/6/2026,accent_dialect,6722ceb13a02b06603b7b285,openvoice,18,3,timbreRef_vs_sourceRef,bottom5,gujarati8__1678,english200__667,reference_sentence1_gujarati8__1678_s1.wav,source_sentence2_english200__667_s2.wav,no,different,1232,mshx3lce-xrbvbazi,,,,,,,,,,,,,,
8/6/2026,accent_dialect,66b123d3c5b7eea8d9120bde,openvoice,20,4,output_vs_sourceRef,top5,gujarati13__2409,english200__667,source_sentence1_english200__667_s1.wav,openvoice_top5_output_sentence2_timbre-gujarati13__2409__source-english200__667__openvoice_s2.wav,yes,NA,1129,mshx2n8g-t70mhgcu,,,,,,,,,,,,,,
8/6/2026,accent_dialect,57d0a0bee3221e00015fe385,openvoice,11,5,sourceRef_vs_sourceRef,bottom5,gujarati9__2041,english584__2197,source_sentence1_english584__2197_s1.wav,source_sentence2_english584__2197_s2.wav,yes,same,421,mshx2x72-qzgbiby2,,,,,,,,,,,,,,
8/6/2026,accent_dialect,6a15a8f478abb7b087750295,openvoice,34,3,timbreRef_vs_sourceRef,bottom5,gujarati9__2041,english584__2197,reference_sentence1_gujarati9__2041_s1.wav,source_sentence2_english584__2197_s2.wav,no,different,383,mshx2ras-7m8pgyki,,,,,,,,,,,,,,
8/6/2026,accent_dialect,6653ae434d386b6218f51efb,seed_vc,11,4,output_vs_sourceRef,bottom5,hindi13__1633,english200__667,source_sentence1_english200__667_s1.wav,seed_vc_bottom5_output_sentence2_timbre-hindi13__1633__source-english200__667__seed_vc_s2.wav,yes,NA,1899,mshx62a8-mc5qv6aw,,,,,,,,,,,,,,
8/6/2026,accent_dialect,664538d42f1f1e3371e3e3db,openvoice,4,4,output_vs_sourceRef,bottom5,gujarati9__2041,english584__2197,source_sentence1_english584__2197_s1.wav,openvoice_bottom5_output_sentence2_timbre-gujarati9__2041__source-english584__2197__openvoice_s2.wav,yes,NA,1761,mshx6vkg-3stj714d,,,,,,,,,,,,,,
8/6/2026,accent_dialect,6a14b675ce0a732e504a4221,seed_vc,34,1,output_vs_timbreRef,top5,hindi2__587,english584__2197,reference_sentence1_hindi2__587_s1.wav,seed_vc_top5_output_sentence2_timbre-hindi2__587__source-english584__2197__seed_vc_s2.wav,yes,NA,541,mshx1gbb-td592rew,,,,,,,,,,,,,,
8/6/2026,accent_dialect,6a0b794a91737ea5a64687f5,seed_vc,26,1,output_vs_timbreRef,top5,hindi2__587,english584__2197,seed_vc_top5_output_sentence1_timbre-hindi2__587__source-english584__2197__seed_vc_s1.wav,reference_sentence2_hindi2__587_s2.wav,yes,NA,2142,mshx22pf-os1a4lzd,,,,,,,,,,,,,,
8/6/2026,accent_dialect,69d59bb26cbbb9ca14a5eb04,seed_vc,22,1,output_vs_timbreRef,bottom5,hindi13__1633,english200__667,reference_sentence1_hindi13__1633_s1.wav,seed_vc_bottom5_output_sentence2_timbre-hindi13__1633__source-english200__667__seed_vc_s2.wav,yes,NA,702,mshx469a-p5k8oz6g,,,,,,,,,,,,,,
8/6/2026,accent_dialect,5f17553ce0feb10c3dd2b16a,openvoice,24,2,timbreRef_vs_timbreRef,bottom5,gujarati8__1678,english200__667,reference_sentence1_gujarati8__1678_s1.wav,reference_sentence2_gujarati8__1678_s2.wav,yes,same,1959,mshx2kqd-tgkfnjto,,,,,,,,,,,,,,
8/6/2026,accent_dialect,671f12c5d2543b67c0f12e57,openvoice,9,2,timbreRef_vs_timbreRef,bottom5,gujarati7__1504,english200__667,reference_sentence1_gujarati7__1504_s1.wav,reference_sentence2_gujarati7__1504_s2.wav,yes,same,1179,mshx8koq-rq3ad2pa,,,,,,,,,,,,,,
8/6/2026,accent_dialect,60d9e7e76cf2ab6d21eb5f99,openvoice,21,3,timbreRef_vs_sourceRef,top5,hindi19__2206,english584__2197,source_sentence1_english584__2197_s1.wav,reference_sentence2_hindi19__2206_s2.wav,no,different,2335,mshx46ny-qf3wstm7,,,,,,,,,,,,,,
8/6/2026,accent_dialect,6a2601fe8e6d71a830c96a3d,openvoice,14,2,timbreRef_vs_timbreRef,bottom5,hindi12__1440,english200__667,reference_sentence1_hindi12__1440_s1.wav,reference_sentence2_hindi12__1440_s2.wav,yes,same,965,mshx4v2v-bp4h9c5l,,,,,,,,,,,,,,
8/6/2026,accent_dialect,6a14824f1c967f6a6916dee7,openvoice,25,4,output_vs_sourceRef,bottom5,hindi7__867,english200__667,openvoice_bottom5_output_sentence1_timbre-hindi7__867__source-english200__667__openvoice_s1.wav,source_sentence2_english200__667_s2.wav,no,NA,823,mshx2ok1-wcy4jqsh,,,,,,,,,,,,,,
8/6/2026,accent_dialect,6a08b966c2858ddb629d187b,openvoice,22,4,output_vs_sourceRef,bottom5,gujarati7__1504,english200__667,source_sentence1_english200__667_s1.wav,openvoice_bottom5_output_sentence2_timbre-gujarati7__1504__source-english200__667__openvoice_s2.wav,yes,NA,447,mshx2jpf-rp3am65p,,,,,,,,,,,,,,
8/6/2026,accent_dialect,6a21aceedbb1056fb595bc03,openvoice,38,1,output_vs_timbreRef,top5,hindi13__1633,english200__667,reference_sentence1_hindi13__1633_s1.wav,openvoice_top5_output_sentence2_timbre-hindi13__1633__source-english200__667__openvoice_s2.wav,no,NA,1065,mshx3m5a-8bmjlj5g,,,,,,,,,,,,,,
8/6/2026,accent_dialect,594a969df0ea1b0001558178,openvoice,18,4,output_vs_sourceRef,top5,hindi19__2206,english584__2197,source_sentence1_english584__2197_s1.wav,openvoice_top5_output_sentence2_timbre-hindi19__2206__source-english584__2197__openvoice_s2.wav,yes,NA,413,mshx3062-tzc0d5me,,,,,,,,,,,,,,
8/6/2026,accent_dialect,697cd118af4b9f1235c8a580,seed_vc,30,2,timbreRef_vs_timbreRef,bottom5,hindi16__1966,english584__2197,reference_sentence1_hindi16__1966_s1.wav,reference_sentence2_hindi16__1966_s2.wav,yes,same,838,mshx3msc-rihxiywh,,,,,,,,,,,,,,
8/6/2026,accent_dialect,69fcae003b080bd0cacb7412,seed_vc,39,3,timbreRef_vs_sourceRef,top5,gujarati5__1016,english200__667,reference_sentence1_gujarati5__1016_s1.wav,source_sentence2_english200__667_s2.wav,no,different,1555,mshx1u62-fqxouafe,,,,,,,,,,,,,,
8/6/2026,accent_dialect,69d8eab7b04ea057a65bdb4d,seed_vc,36,1,output_vs_timbreRef,top5,hindi19__2206,english584__2197,seed_vc_top5_output_sentence1_timbre-hindi19__2206__source-english584__2197__seed_vc_s1.wav,reference_sentence2_hindi19__2206_s2.wav,yes,NA,468,mshx26fg-o3ecmoil,,,,,,,,,,,,,,
8/6/2026,accent_dialect,6720c26f12695d0297414d2d,openvoice,2,2,timbreRef_vs_timbreRef,bottom5,gujarati8__1678,english200__667,reference_sentence1_gujarati8__1678_s1.wav,reference_sentence2_gujarati8__1678_s2.wav,yes,same,3403,mshx8gfb-6hep8dbg,,,,,,,,,,,,,,
8/6/2026,accent_dialect,67ade0c7138bc5e2f5d72575,openvoice,31,3,timbreRef_vs_sourceRef,bottom5,hindi7__867,english200__667,source_sentence1_english200__667_s1.wav,reference_sentence2_hindi7__867_s2.wav,no,different,1155,mshx2heb-jqjfwsn7,,,,,,,,,,,,,,
8/6/2026,accent_dialect,6776bf1a71392619a43359d3,seed_vc,34,1,output_vs_timbreRef,top5,hindi10__1202,english200__667,reference_sentence1_hindi10__1202_s1.wav,seed_vc_top5_output_sentence2_timbre-hindi10__1202__source-english200__667__seed_vc_s2.wav,yes,NA,1058,mshx2duk-nduw1k93,,,,,,,,,,,,,,
8/6/2026,accent_dialect,6a15d6a799a27da826906cdb,openvoice,36,3,timbreRef_vs_sourceRef,top5,gujarati13__2409,english200__667,reference_sentence1_gujarati13__2409_s1.wav,source_sentence2_english200__667_s2.wav,no,different,666,mshx31ov-4z3uubkh,,,,,,,,,,,,,,
8/6/2026,accent_dialect,616b2966d0aee4f9879a656b,seed_vc,38,1,output_vs_timbreRef,bottom5,gujarati4__610,english200__667,reference_sentence1_gujarati4__610_s1.wav,seed_vc_bottom5_output_sentence2_timbre-gujarati4__610__source-english200__667__seed_vc_s2.wav,no,NA,1928,mshx22ml-udiw7nts,,,,,,,,,,,,,,
8/6/2026,accent_dialect,6a08d24b7f6eccd08cd8ca75,seed_vc,5,5,sourceRef_vs_sourceRef,bottom5,hindi16__1966,english584__2197,source_sentence1_english584__2197_s1.wav,source_sentence2_english584__2197_s2.wav,yes,same,3312,mshx7crv-ahd81gjp,,,,,,,,,,,,,,
8/6/2026,accent_dialect,55aa9c8dfdf99b634b427b9a,openvoice,41,1,output_vs_timbreRef,bottom5,hindi12__1440,english200__667,openvoice_bottom5_output_sentence1_timbre-hindi12__1440__source-english200__667__openvoice_s1.wav,reference_sentence2_hindi12__1440_s2.wav,yes,NA,1893,mshx21h5-or0h8zxy,,,,,,,,,,,,,,
8/6/2026,accent_dialect,664538d42f1f1e3371e3e3db,openvoice,5,6,sourceRef_vs_sourceRef_cross,NA,NA,english200__667__vs__english584__2197,source_sentence1_english200__667_s1.wav,source_sentence2_english584__2197_s2.wav,yes,same,1307,mshx6vkg-3stj714d,,,,,,,,,,,,,,
8/6/2026,accent_dialect,5dceca2541afe801a32e27ac,openvoice,28,4,output_vs_sourceRef,bottom5,gujarati9__2041,english584__2197,openvoice_bottom5_output_sentence1_timbre-gujarati9__2041__source-english584__2197__openvoice_s1.wav,source_sentence2_english584__2197_s2.wav,no,NA,1258,mshx1qcv-3rudfu98,,,,,,,,,,,,,,
8/6/2026,accent_dialect,699292d2b2321f8f920b55dd,openvoice,43,2,timbreRef_vs_timbreRef,bottom5,gujarati9__2041,english584__2197,reference_sentence1_gujarati9__2041_s1.wav,reference_sentence2_gujarati9__2041_s2.wav,yes,same,869,mshx1u48-slhdj2vr,,,,,,,,,,,,,,
8/6/2026,accent_dialect,69f25a06e6dfc9f5ecaf7b31,seed_vc,35,3,timbreRef_vs_sourceRef,top5,hindi10__1202,english200__667,reference_sentence1_hindi10__1202_s1.wav,source_sentence2_english200__667_s2.wav,yes,different,942,mshx1auo-2tp9t4l9,,,,,,,,,,,,,,
8/6/2026,accent_dialect,69dd3ed63fbfe7bbbf3aac15,seed_vc,39,4,output_vs_sourceRef,bottom5,hindi13__1633,english200__667,seed_vc_bottom5_output_sentence1_timbre-hindi13__1633__source-english200__667__seed_vc_s1.wav,source_sentence2_english200__667_s2.wav,yes,NA,1010,mshx2awr-phq5g4iy,,,,,,,,,,,,,,
8/6/2026,accent_dialect,5f1db570f7e0002b7eb1c1dd,openvoice,18,4,output_vs_sourceRef,bottom5,gujarati8__1678,english200__667,openvoice_bottom5_output_sentence1_timbre-gujarati8__1678__source-english200__667__openvoice_s1.wav,source_sentence2_english200__667_s2.wav,yes,NA,2967,mshx6h41-0gfugvcr,,,,,,,,,,,,,,
8/6/2026,accent_dialect,5f17553ce0feb10c3dd2b16a,openvoice,25,1,output_vs_timbreRef,bottom5,gujarati8__1678,english200__667,openvoice_bottom5_output_sentence1_timbre-gujarati8__1678__source-english200__667__openvoice_s1.wav,reference_sentence2_gujarati8__1678_s2.wav,yes,NA,2014,mshx2kqd-tgkfnjto,,,,,,,,,,,,,,
8/6/2026,accent_dialect,5d0c10124b68150015fd5bca,seed_vc,33,1,output_vs_timbreRef,bottom5,gujarati4__610,english200__667,reference_sentence1_gujarati4__610_s1.wav,seed_vc_bottom5_output_sentence2_timbre-gujarati4__610__source-english200__667__seed_vc_s2.wav,yes,NA,712,mshx20qr-j6nfdb19,,,,,,,,,,,,,,
8/6/2026,accent_dialect,69fd502ade7763b4307a98af,seed_vc,9,1,output_vs_timbreRef,top5,hindi2__587,english584__2197,reference_sentence1_hindi2__587_s1.wav,seed_vc_top5_output_sentence2_timbre-hindi2__587__source-english584__2197__seed_vc_s2.wav,yes,NA,1369,mshx66cb-lxo41smp,,,,,,,,,,,,,,
8/6/2026,accent_dialect,6a14b675ce0a732e504a4221,seed_vc,35,1,output_vs_timbreRef,bottom5,hindi16__1966,english584__2197,reference_sentence1_hindi16__1966_s1.wav,seed_vc_bottom5_output_sentence2_timbre-hindi16__1966__source-english584__2197__seed_vc_s2.wav,yes,NA,1147,mshx1gbb-td592rew,,,,,,,,,,,,,,
8/6/2026,accent_dialect,6a0b794a91737ea5a64687f5,seed_vc,27,2,timbreRef_vs_timbreRef,bottom5,gujarati4__610,english200__667,reference_sentence1_gujarati4__610_s1.wav,reference_sentence2_gujarati4__610_s2.wav,yes,same,1006,mshx22pf-os1a4lzd,,,,,,,,,,,,,,
8/6/2026,accent_dialect,57d0a0bee3221e00015fe385,openvoice,13,4,output_vs_sourceRef,bottom5,hindi12__1440,english200__667,source_sentence1_english200__667_s1.wav,openvoice_bottom5_output_sentence2_timbre-hindi12__1440__source-english200__667__openvoice_s2.wav,no,NA,812,mshx2x72-qzgbiby2,,,,,,,,,,,,,,
8/6/2026,accent_dialect,5bdf8d7eee652a0001f0999c,seed_vc,27,3,timbreRef_vs_sourceRef,bottom5,gujarati4__610,english200__667,reference_sentence1_gujarati4__610_s1.wav,source_sentence2_english200__667_s2.wav,no,different,595,mshx2exz-hb5k5jbj,,,,,,,,,,,,,,
8/6/2026,accent_dialect,6678f7524c361fc66ef34d99,seed_vc,9,3,timbreRef_vs_sourceRef,top5,gujarati5__1016,english200__667,source_sentence1_english200__667_s1.wav,reference_sentence2_gujarati5__1016_s2.wav,no,different,1459,mshx5r4e-h9yu970k,,,,,,,,,,,,,,
8/6/2026,accent_dialect,69f12a486ad4ab0dbc1683df,openvoice,16,3,timbreRef_vs_sourceRef,bottom5,gujarati8__1678,english200__667,source_sentence1_english200__667_s1.wav,reference_sentence2_gujarati8__1678_s2.wav,yes,different,557,mshx79un-2ikdke8q,,,,,,,,,,,,,,
8/6/2026,accent_dialect,5d1653de3935ca001b87ff71,openvoice,5,2,timbreRef_vs_timbreRef,bottom5,hindi7__867,english200__667,reference_sentence1_hindi7__867_s1.wav,reference_sentence2_hindi7__867_s2.wav,yes,same,1562,mshx83ev-k9ogo00o,,,,,,,,,,,,,,
8/6/2026,accent_dialect,69fcae003b080bd0cacb7412,seed_vc,40,1,output_vs_timbreRef,bottom5,hindi21__2236,english584__2197,seed_vc_bottom5_output_sentence1_timbre-hindi21__2236__source-english584__2197__seed_vc_s1.wav,reference_sentence2_hindi21__2236_s2.wav,yes,NA,1092,mshx1u62-fqxouafe,,,,,,,,,,,,,,
8/6/2026,accent_dialect,6966546ad013598bf92dadea,openvoice,11,4,output_vs_sourceRef,bottom5,hindi12__1440,english200__667,source_sentence1_english200__667_s1.wav,openvoice_bottom5_output_sentence2_timbre-hindi12__1440__source-english200__667__openvoice_s2.wav,yes,NA,925,mshx6v3j-ppk3veh0,,,,,,,,,,,,,,
8/6/2026,accent_dialect,697cd118af4b9f1235c8a580,seed_vc,31,4,output_vs_sourceRef,top5,hindi10__1202,english200__667,seed_vc_top5_output_sentence1_timbre-hindi10__1202__source-english200__667__seed_vc_s1.wav,source_sentence2_english200__667_s2.wav,yes,NA,854,mshx3msc-rihxiywh,,,,,,,,,,,,,,
8/6/2026,accent_dialect,6a21aceedbb1056fb595bc03,openvoice,39,5,sourceRef_vs_sourceRef,bottom5,gujarati9__2041,english584__2197,source_sentence1_english584__2197_s1.wav,source_sentence2_english584__2197_s2.wav,yes,same,1030,mshx3m5a-8bmjlj5g,,,,,,,,,,,,,,
8/6/2026,accent_dialect,5c690f6f81d8da000100c78b,openvoice,43,1,output_vs_timbreRef,top5,gujarati11__2301,english584__2197,openvoice_top5_output_sentence1_timbre-gujarati11__2301__source-english584__2197__openvoice_s1.wav,reference_sentence2_gujarati11__2301_s2.wav,no,NA,610,mshx233w-isdpc61p,,,,,,,,,,,,,,
8/6/2026,accent_dialect,698b70d95529cc75f2634783,openvoice,29,1,output_vs_timbreRef,top5,gujarati17__2824,english200__667,openvoice_top5_output_sentence1_timbre-gujarati17__2824__source-english200__667__openvoice_s1.wav,reference_sentence2_gujarati17__2824_s2.wav,no,NA,1173,mshx1fqp-5zh159ax,,,,,,,,,,,,,,
8/6/2026,accent_dialect,69fce9e45d612732dd1ae4e2,seed_vc,26,4,output_vs_sourceRef,top5,hindi10__1202,english200__667,source_sentence1_english200__667_s1.wav,seed_vc_top5_output_sentence2_timbre-hindi10__1202__source-english200__667__seed_vc_s2.wav,yes,NA,6314,mshx24wm-9vmufgds,,,,,,,,,,,,,,
8/6/2026,accent_dialect,55aa9c8dfdf99b634b427b9a,openvoice,42,1,output_vs_timbreRef,top5,gujarati13__2409,english200__667,reference_sentence1_gujarati13__2409_s1.wav,openvoice_top5_output_sentence2_timbre-gujarati13__2409__source-english200__667__openvoice_s2.wav,no,NA,715,mshx21h5-or0h8zxy,,,,,,,,,,,,,,
8/6/2026,accent_dialect,6a01252cc7f0d061aff61bf1,openvoice,23,5,sourceRef_vs_sourceRef,bottom5,gujarati9__2041,english584__2197,source_sentence1_english584__2197_s1.wav,source_sentence2_english584__2197_s2.wav,no,same,5651,mshx1626-8q6oeb6l,,,,,,,,,,,,,,
8/6/2026,accent_dialect,69f25a06e6dfc9f5ecaf7b31,seed_vc,36,3,timbreRef_vs_sourceRef,bottom5,hindi16__1966,english584__2197,reference_sentence1_hindi16__1966_s1.wav,source_sentence2_english584__2197_s2.wav,no,different,623,mshx1auo-2tp9t4l9,,,,,,,,,,,,,,
8/6/2026,accent_dialect,6998804cdfd462a8fab9b10f,openvoice,32,3,timbreRef_vs_sourceRef,top5,gujarati17__2824,english200__667,reference_sentence1_gujarati17__2824_s1.wav,source_sentence2_english200__667_s2.wav,no,different,844,mshx38gr-2vxoggk5,,,,,,,,,,,,,,
8/6/2026,accent_dialect,6a08d24b7f6eccd08cd8ca75,seed_vc,6,1,output_vs_timbreRef,top5,hindi19__2206,english584__2197,reference_sentence1_hindi19__2206_s1.wav,seed_vc_top5_output_sentence2_timbre-hindi19__2206__source-english584__2197__seed_vc_s2.wav,yes,NA,1341,mshx7crv-ahd81gjp,,,,,,,,,,,,,,
8/6/2026,accent_dialect,56aa90d5638440000c8b506f,seed_vc,15,2,timbreRef_vs_timbreRef,top5,hindi10__1202,english200__667,reference_sentence1_hindi10__1202_s1.wav,reference_sentence2_hindi10__1202_s2.wav,yes,same,1379,mshx2qtr-tbs8zybb,,,,,,,,,,,,,,
8/6/2026,accent_dialect,6a14b675ce0a732e504a4221,seed_vc,36,2,timbreRef_vs_timbreRef,bottom5,hindi21__2236,english584__2197,reference_sentence1_hindi21__2236_s1.wav,reference_sentence2_hindi21__2236_s2.wav,yes,same,655,mshx1gbb-td592rew,,,,,,,,,,,,,,
8/6/2026,accent_dialect,614dd304ed948bbfe8c22215,seed_vc,26,3,timbreRef_vs_sourceRef,top5,hindi19__2206,english584__2197,source_sentence1_english584__2197_s1.wav,reference_sentence2_hindi19__2206_s2.wav,no,different,998,mshx50cv-xkdut2r8,,,,,,,,,,,,,,
8/6/2026,accent_dialect,6653ae434d386b6218f51efb,seed_vc,15,1,output_vs_timbreRef,top5,hindi2__587,english584__2197,reference_sentence1_hindi2__587_s1.wav,seed_vc_top5_output_sentence2_timbre-hindi2__587__source-english584__2197__seed_vc_s2.wav,yes,NA,1484,mshx62a8-mc5qv6aw,,,,,,,,,,,,,,
8/6/2026,accent_dialect,65e681c76bbe9d2e2a43faec,openvoice,31,4,output_vs_sourceRef,bottom5,gujarati7__1504,english200__667,openvoice_bottom5_output_sentence1_timbre-gujarati7__1504__source-english200__667__openvoice_s1.wav,source_sentence2_english200__667_s2.wav,yes,NA,1650,mshx341q-rjtxf289,,,,,,,,,,,,,,
8/6/2026,accent_dialect,6776bf1a71392619a43359d3,seed_vc,36,3,timbreRef_vs_sourceRef,top5,gujarati16__2558,english200__667,reference_sentence1_gujarati16__2558_s1.wav,source_sentence2_english200__667_s2.wav,yes,different,634,mshx2duk-nduw1k93,,,,,,,,,,,,,,
8/6/2026,accent_dialect,6a08b966c2858ddb629d187b,openvoice,24,3,timbreRef_vs_sourceRef,bottom5,gujarati9__2041,english584__2197,reference_sentence1_gujarati9__2041_s1.wav,source_sentence2_english584__2197_s2.wav,no,different,786,mshx2jpf-rp3am65p,,,,,,,,,,,,,,
8/6/2026,accent_dialect,69f12a486ad4ab0dbc1683df,openvoice,17,1,output_vs_timbreRef,bottom5,hindi12__1440,english200__667,reference_sentence1_hindi12__1440_s1.wav,openvoice_bottom5_output_sentence2_timbre-hindi12__1440__source-english200__667__openvoice_s2.wav,no,NA,780,mshx79un-2ikdke8q,,,,,,,,,,,,,,
8/6/2026,accent_dialect,69dd3ed63fbfe7bbbf3aac15,seed_vc,32,2,timbreRef_vs_timbreRef,top5,hindi2__587,english584__2197,reference_sentence1_hindi2__587_s1.wav,reference_sentence2_hindi2__587_s2.wav,yes,same,702,mshx2awr-phq5g4iy,,,,,,,,,,,,,,
8/6/2026,accent_dialect,614dd304ed948bbfe8c22215,seed_vc,28,4,output_vs_sourceRef,top5,gujarati5__1016,english200__667,seed_vc_top5_output_sentence1_timbre-gujarati5__1016__source-english200__667__seed_vc_s1.wav,source_sentence2_english200__667_s2.wav,yes,NA,1512,mshx50cv-xkdut2r8,,,,,,,,,,,,,,
8/6/2026,accent_dialect,5acb7b0ae1099600016acdd6,seed_vc,20,3,timbreRef_vs_sourceRef,bottom5,hindi21__2236,english584__2197,reference_sentence1_hindi21__2236_s1.wav,source_sentence2_english584__2197_s2.wav,no,different,1147,mshx1yj8-t4xm8w61,,,,,,,,,,,,,,
8/6/2026,accent_dialect,6a15a8f478abb7b087750295,openvoice,37,4,output_vs_sourceRef,top5,hindi19__2206,english584__2197,source_sentence1_english584__2197_s1.wav,openvoice_top5_output_sentence2_timbre-hindi19__2206__source-english584__2197__openvoice_s2.wav,no,NA,409,mshx2ras-7m8pgyki,,,,,,,,,,,,,,
8/6/2026,accent_dialect,663170bb631c1b3b21b7828b,openvoice,30,3,timbreRef_vs_sourceRef,bottom5,gujarati7__1504,english200__667,source_sentence1_english200__667_s1.wav,reference_sentence2_gujarati7__1504_s2.wav,no,different,883,mshx34w0-idx6h6f2,,,,,,,,,,,,,,
8/6/2026,accent_dialect,6a21aceedbb1056fb595bc03,openvoice,40,4,output_vs_sourceRef,bottom5,hindi12__1440,english200__667,source_sentence1_english200__667_s1.wav,openvoice_bottom5_output_sentence2_timbre-hindi12__1440__source-english200__667__openvoice_s2.wav,no,NA,1468,mshx3m5a-8bmjlj5g,,,,,,,,,,,,,,
8/6/2026,accent_dialect,6966546ad013598bf92dadea,openvoice,12,2,timbreRef_vs_timbreRef,bottom5,hindi12__1440,english200__667,reference_sentence1_hindi12__1440_s1.wav,reference_sentence2_hindi12__1440_s2.wav,yes,same,795,mshx6v3j-ppk3veh0,,,,,,,,,,,,,,
8/6/2026,accent_dialect,5d0eecdd348afe00015865aa,openvoice,38,3,timbreRef_vs_sourceRef,bottom5,hindi12__1440,english200__667,reference_sentence1_hindi12__1440_s1.wav,source_sentence2_english200__667_s2.wav,no,different,813,mshx2fxn-9ttvrw2q,,,,,,,,,,,,,,
8/6/2026,accent_dialect,69e56c8f8677d3d655d61941,openvoice,40,4,output_vs_sourceRef,bottom5,gujarati7__1504,english200__667,source_sentence1_english200__667_s1.wav,openvoice_bottom5_output_sentence2_timbre-gujarati7__1504__source-english200__667__openvoice_s2.wav,yes,NA,8407,mshx21dr-ejpalixz,,,,,,,,,,,,,,
8/6/2026,accent_dialect,69f25a06e6dfc9f5ecaf7b31,seed_vc,37,3,timbreRef_vs_sourceRef,bottom5,hindi26__2354,english584__2197,source_sentence1_english584__2197_s1.wav,reference_sentence2_hindi26__2354_s2.wav,no,different,795,mshx1auo-2tp9t4l9,,,,,,,,,,,,,,
8/6/2026,accent_dialect,6a14b675ce0a732e504a4221,seed_vc,37,4,output_vs_sourceRef,bottom5,gujarati4__610,english200__667,source_sentence1_english200__667_s1.wav,seed_vc_bottom5_output_sentence2_timbre-gujarati4__610__source-english200__667__seed_vc_s2.wav,yes,NA,1024,mshx1gbb-td592rew,,,,,,,,,,,,,,
8/6/2026,accent_dialect,69f2b5f676aaf78f77d69d16,openvoice,38,1,output_vs_timbreRef,top5,gujarati11__2301,english584__2197,reference_sentence1_gujarati11__2301_s1.wav,openvoice_top5_output_sentence2_timbre-gujarati11__2301__source-english584__2197__openvoice_s2.wav,no,NA,909,mshx1jap-b318jfsn,,,,,,,,,,,,,,
8/6/2026,accent_dialect,5dceca2541afe801a32e27ac,openvoice,30,1,output_vs_timbreRef,bottom5,hindi12__1440,english200__667,openvoice_bottom5_output_sentence1_timbre-hindi12__1440__source-english200__667__openvoice_s1.wav,reference_sentence2_hindi12__1440_s2.wav,no,NA,1066,mshx1qcv-3rudfu98,,,,,,,,,,,,,,
8/6/2026,accent_dialect,69dd3ed63fbfe7bbbf3aac15,seed_vc,41,2,timbreRef_vs_timbreRef,bottom5,hindi13__1633,english200__667,reference_sentence1_hindi13__1633_s1.wav,reference_sentence2_hindi13__1633_s2.wav,yes,same,992,mshx2awr-phq5g4iy,,,,,,,,,,,,,,
8/6/2026,accent_dialect,664538d42f1f1e3371e3e3db,openvoice,7,1,output_vs_timbreRef,bottom5,hindi7__867,english200__667,openvoice_bottom5_output_sentence1_timbre-hindi7__867__source-english200__667__openvoice_s1.wav,reference_sentence2_hindi7__867_s2.wav,no,NA,1231,mshx6vkg-3stj714d,,,,,,,,,,,,,,
8/6/2026,accent_dialect,69e5649666d18ba4b364db04,seed_vc,42,1,output_vs_timbreRef,top5,hindi2__587,english584__2197,seed_vc_top5_output_sentence1_timbre-hindi2__587__source-english584__2197__seed_vc_s1.wav,reference_sentence2_hindi2__587_s2.wav,yes,NA,852,mshx1d1v-e1n34r5j,,,,,,,,,,,,,,
8/6/2026,accent_dialect,58064d91f25c440001678a10,openvoice,40,2,timbreRef_vs_timbreRef,top5,gujarati13__2409,english200__667,reference_sentence1_gujarati13__2409_s1.wav,reference_sentence2_gujarati13__2409_s2.wav,yes,same,960,mshx1z74-ej5p9mjs,,,,,,,,,,,,,,
8/6/2026,accent_dialect,60d9e7e76cf2ab6d21eb5f99,openvoice,23,1,output_vs_timbreRef,bottom5,gujarati8__1678,english200__667,openvoice_bottom5_output_sentence1_timbre-gujarati8__1678__source-english200__667__openvoice_s1.wav,reference_sentence2_gujarati8__1678_s2.wav,yes,NA,1751,mshx46ny-qf3wstm7,,,,,,,,,,,,,,
8/6/2026,accent_dialect,5f1db570f7e0002b7eb1c1dd,openvoice,20,3,timbreRef_vs_sourceRef,top5,gujarati11__2301,english584__2197,reference_sentence1_gujarati11__2301_s1.wav,source_sentence2_english584__2197_s2.wav,no,different,1643,mshx6h41-0gfugvcr,,,,,,,,,,,,,,
8/6/2026,accent_dialect,66ccdd9f6b12c6ea6fa01f42,seed_vc,17,4,output_vs_sourceRef,top5,hindi19__2206,english584__2197,source_sentence1_english584__2197_s1.wav,seed_vc_top5_output_sentence2_timbre-hindi19__2206__source-english584__2197__seed_vc_s2.wav,yes,NA,672,mshx22lj-u2967oxb,,,,,,,,,,,,,,
8/6/2026,accent_dialect,6a14824f1c967f6a6916dee7,openvoice,28,2,timbreRef_vs_timbreRef,top5,hindi19__2206,english584__2197,reference_sentence1_hindi19__2206_s1.wav,reference_sentence2_hindi19__2206_s2.wav,yes,same,865,mshx2ok1-wcy4jqsh,,,,,,,,,,,,,,
8/6/2026,accent_dialect,69f12a486ad4ab0dbc1683df,openvoice,18,2,timbreRef_vs_timbreRef,top5,gujarati11__2301,english584__2197,reference_sentence1_gujarati11__2301_s1.wav,reference_sentence2_gujarati11__2301_s2.wav,yes,same,750,mshx79un-2ikdke8q,,,,,,,,,,,,,,
8/6/2026,accent_dialect,67dd4210d92f4c3aac8d944c,openvoice,33,1,output_vs_timbreRef,bottom5,gujarati9__2041,english584__2197,reference_sentence1_gujarati9__2041_s1.wav,openvoice_bottom5_output_sentence2_timbre-gujarati9__2041__source-english584__2197__openvoice_s2.wav,yes,NA,1117,mshx11x7-5rslmkb7,,,,,,,,,,,,,,
8/6/2026,accent_dialect,69d8eab7b04ea057a65bdb4d,seed_vc,39,4,output_vs_sourceRef,bottom5,hindi16__1966,english584__2197,seed_vc_bottom5_output_sentence1_timbre-hindi16__1966__source-english584__2197__seed_vc_s1.wav,source_sentence2_english584__2197_s2.wav,no,NA,496,mshx26fg-o3ecmoil,,,,,,,,,,,,,,
8/6/2026,accent_dialect,614dd304ed948bbfe8c22215,seed_vc,29,3,timbreRef_vs_sourceRef,bottom5,hindi16__1966,english584__2197,source_sentence1_english584__2197_s1.wav,reference_sentence2_hindi16__1966_s2.wav,no,different,1546,mshx50cv-xkdut2r8,,,,,,,,,,,,,,
8/6/2026,accent_dialect,6a08d24b7f6eccd08cd8ca75,seed_vc,7,2,timbreRef_vs_timbreRef,bottom5,gujarati4__610,english200__667,reference_sentence1_gujarati4__610_s1.wav,reference_sentence2_gujarati4__610_s2.wav,yes,same,2466,mshx7crv-ahd81gjp,,,,,,,,,,,,,,
8/6/2026,accent_dialect,6966546ad013598bf92dadea,openvoice,13,2,timbreRef_vs_timbreRef,top5,hindi13__1633,english200__667,reference_sentence1_hindi13__1633_s1.wav,reference_sentence2_hindi13__1633_s2.wav,yes,same,810,mshx6v3j-ppk3veh0,,,,,,,,,,,,,,
8/6/2026,accent_dialect,56aa90d5638440000c8b506f,seed_vc,16,4,output_vs_sourceRef,bottom5,hindi26__2354,english584__2197,seed_vc_bottom5_output_sentence1_timbre-hindi26__2354__source-english584__2197__seed_vc_s1.wav,source_sentence2_english584__2197_s2.wav,no,NA,2219,mshx2qtr-tbs8zybb,,,,,,,,,,,,,,
8/6/2026,accent_dialect,5d0eecdd348afe00015865aa,openvoice,39,3,timbreRef_vs_sourceRef,top5,gujarati13__2409,english200__667,reference_sentence1_gujarati13__2409_s1.wav,source_sentence2_english200__667_s2.wav,no,different,544,mshx2fxn-9ttvrw2q,,,,,,,,,,,,,,
8/6/2026,accent_dialect,6a0e579710108dbe9059ee97,openvoice,31,3,timbreRef_vs_sourceRef,bottom5,hindi12__1440,english200__667,source_sentence1_english200__667_s1.wav,reference_sentence2_hindi12__1440_s2.wav,no,different,992,mshx28gv-dmc7dcfa,,,,,,,,,,,,,,
8/6/2026,accent_dialect,67dd4210d92f4c3aac8d944c,openvoice,34,4,output_vs_sourceRef,bottom5,hindi12__1440,english200__667,openvoice_bottom5_output_sentence1_timbre-hindi12__1440__source-english200__667__openvoice_s1.wav,source_sentence2_english200__667_s2.wav,no,NA,683,mshx11x7-5rslmkb7,,,,,,,,,,,,,,
8/6/2026,accent_dialect,69fce9e45d612732dd1ae4e2,seed_vc,27,2,timbreRef_vs_timbreRef,top5,hindi2__587,english584__2197,reference_sentence1_hindi2__587_s1.wav,reference_sentence2_hindi2__587_s2.wav,yes,same,7262,mshx24wm-9vmufgds,,,,,,,,,,,,,,
8/6/2026,accent_dialect,63d023f75eaafe675b6fa5fd,seed_vc,6,1,output_vs_timbreRef,bottom5,gujarati4__610,english200__667,reference_sentence1_gujarati4__610_s1.wav,seed_vc_bottom5_output_sentence2_timbre-gujarati4__610__source-english200__667__seed_vc_s2.wav,no,NA,1570,mshx7x8l-33cmg89d,,,,,,,,,,,,,,
8/6/2026,accent_dialect,65e681c76bbe9d2e2a43faec,openvoice,32,4,output_vs_sourceRef,bottom5,gujarati9__2041,english584__2197,source_sentence1_english584__2197_s1.wav,openvoice_bottom5_output_sentence2_timbre-gujarati9__2041__source-english584__2197__openvoice_s2.wav,yes,NA,1102,mshx341q-rjtxf289,,,,,,,,,,,,,,
8/6/2026,accent_dialect,69e8d8794cd2df8c1346c1e3,seed_vc,37,3,timbreRef_vs_sourceRef,bottom5,hindi16__1966,english584__2197,source_sentence1_english584__2197_s1.wav,reference_sentence2_hindi16__1966_s2.wav,no,different,540,mshx2geg-pougg10p,,,,,,,,,,,,,,
8/6/2026,accent_dialect,664538d42f1f1e3371e3e3db,openvoice,8,1,output_vs_timbreRef,top5,gujarati13__2409,english200__667,reference_sentence1_gujarati13__2409_s1.wav,openvoice_top5_output_sentence2_timbre-gujarati13__2409__source-english200__667__openvoice_s2.wav,no,NA,1105,mshx6vkg-3stj714d,,,,,,,,,,,,,,
8/6/2026,accent_dialect,5d1653de3935ca001b87ff71,openvoice,8,2,timbreRef_vs_timbreRef,bottom5,gujarati8__1678,english200__667,reference_sentence1_gujarati8__1678_s1.wav,reference_sentence2_gujarati8__1678_s2.wav,yes,same,1367,mshx83ev-k9ogo00o,,,,,,,,,,,,,,
8/6/2026,accent_dialect,66b123d3c5b7eea8d9120bde,openvoice,23,3,timbreRef_vs_sourceRef,top5,gujarati11__2301,english584__2197,reference_sentence1_gujarati11__2301_s1.wav,source_sentence2_english584__2197_s2.wav,no,different,1688,mshx2n8g-t70mhgcu,,,,,,,,,,,,,,
8/6/2026,accent_dialect,671f12c5d2543b67c0f12e57,openvoice,11,4,output_vs_sourceRef,bottom5,hindi7__867,english200__667,source_sentence1_english200__667_s1.wav,openvoice_bottom5_output_sentence2_timbre-hindi7__867__source-english200__667__openvoice_s2.wav,no,NA,2220,mshx8koq-rq3ad2pa,,,,,,,,,,,,,,
8/6/2026,accent_dialect,67713f8437575dd855393a8f,seed_vc,39,1,output_vs_timbreRef,bottom5,hindi13__1633,english200__667,reference_sentence1_hindi13__1633_s1.wav,seed_vc_bottom5_output_sentence2_timbre-hindi13__1633__source-english200__667__seed_vc_s2.wav,yes,NA,1536,mshx2db3-vly3jg9t,,,,,,,,,,,,,,
8/6/2026,accent_dialect,6a08b966c2858ddb629d187b,openvoice,26,2,timbreRef_vs_timbreRef,bottom5,gujarati7__1504,english200__667,reference_sentence1_gujarati7__1504_s1.wav,reference_sentence2_gujarati7__1504_s2.wav,yes,same,535,mshx2jpf-rp3am65p,,,,,,,,,,,,,,
8/6/2026,accent_dialect,6a01521c28d64ac367f8fa55,seed_vc,7,1,output_vs_timbreRef,bottom5,hindi26__2354,english584__2197,reference_sentence1_hindi26__2354_s1.wav,seed_vc_bottom5_output_sentence2_timbre-hindi26__2354__source-english584__2197__seed_vc_s2.wav,no,NA,1342,mshx1ey4-vlb0kgvi,,,,,,,,,,,,,,
8/6/2026,accent_dialect,6966546ad013598bf92dadea,openvoice,14,3,timbreRef_vs_sourceRef,bottom5,hindi12__1440,english200__667,reference_sentence1_hindi12__1440_s1.wav,source_sentence2_english200__667_s2.wav,no,different,740,mshx6v3j-ppk3veh0,,,,,,,,,,,,,,
8/6/2026,accent_dialect,56aa90d5638440000c8b506f,seed_vc,17,3,timbreRef_vs_sourceRef,bottom5,hindi16__1966,english584__2197,reference_sentence1_hindi16__1966_s1.wav,source_sentence2_english584__2197_s2.wav,no,different,1622,mshx2qtr-tbs8zybb,,,,,,,,,,,,,,
8/6/2026,accent_dialect,69f25a06e6dfc9f5ecaf7b31,seed_vc,39,1,output_vs_timbreRef,bottom5,hindi26__2354,english584__2197,reference_sentence1_hindi26__2354_s1.wav,seed_vc_bottom5_output_sentence2_timbre-hindi26__2354__source-english584__2197__seed_vc_s2.wav,no,NA,716,mshx1auo-2tp9t4l9,,,,,,,,,,,,,,
8/6/2026,accent_dialect,57d0a0bee3221e00015fe385,openvoice,16,3,timbreRef_vs_sourceRef,top5,gujarati11__2301,english584__2197,reference_sentence1_gujarati11__2301_s1.wav,source_sentence2_english584__2197_s2.wav,no,different,439,mshx2x72-qzgbiby2,,,,,,,,,,,,,,
8/6/2026,accent_dialect,69d8eab7b04ea057a65bdb4d,seed_vc,40,2,timbreRef_vs_timbreRef,bottom5,gujarati4__610,english200__667,reference_sentence1_gujarati4__610_s1.wav,reference_sentence2_gujarati4__610_s2.wav,yes,same,534,mshx26fg-o3ecmoil,,,,,,,,,,,,,,
8/6/2026,accent_dialect,616b2966d0aee4f9879a656b,seed_vc,41,4,output_vs_sourceRef,bottom5,hindi21__2236,english584__2197,seed_vc_bottom5_output_sentence1_timbre-hindi21__2236__source-english584__2197__seed_vc_s1.wav,source_sentence2_english584__2197_s2.wav,yes,NA,1835,mshx22ml-udiw7nts,,,,,,,,,,,,,,
8/6/2026,accent_dialect,663170bb631c1b3b21b7828b,openvoice,31,1,output_vs_timbreRef,bottom5,hindi12__1440,english200__667,openvoice_bottom5_output_sentence1_timbre-hindi12__1440__source-english200__667__openvoice_s1.wav,reference_sentence2_hindi12__1440_s2.wav,no,NA,1025,mshx34w0-idx6h6f2,,,,,,,,,,,,,,
8/6/2026,accent_dialect,5f1db570f7e0002b7eb1c1dd,openvoice,21,2,timbreRef_vs_timbreRef,top5,hindi13__1633,english200__667,reference_sentence1_hindi13__1633_s1.wav,reference_sentence2_hindi13__1633_s2.wav,yes,same,693,mshx6h41-0gfugvcr,,,,,,,,,,,,,,
8/6/2026,accent_dialect,69e8d8794cd2df8c1346c1e3,seed_vc,39,6,sourceRef_vs_sourceRef_cross,NA,NA,english584__2197__vs__english200__667,source_sentence1_english584__2197_s1.wav,source_sentence2_english200__667_s2.wav,yes,same,458,mshx2geg-pougg10p,,,,,,,,,,,,,,
8/6/2026,accent_dialect,5f0a686635f72917e94c7a63,seed_vc,1,1,output_vs_timbreRef,top5,hindi19__2206,english584__2197,reference_sentence1_hindi19__2206_s1.wav,seed_vc_top5_output_sentence2_timbre-hindi19__2206__source-english584__2197__seed_vc_s2.wav,yes,NA,1067,mshx5yzf-j7rekqej,,,,,,,,,,,,,,
8/6/2026,accent_dialect,6547eba1d8a02576605bcfb2,seed_vc,43,4,output_vs_sourceRef,top5,gujarati5__1016,english200__667,source_sentence1_english200__667_s1.wav,seed_vc_top5_output_sentence2_timbre-gujarati5__1016__source-english200__667__seed_vc_s2.wav,no,NA,2357,mshx1oqt-v9obb1yn,,,,,,,,,,,,,,
8/6/2026,accent_dialect,6547eba1d8a02576605bcfb2,seed_vc,42,3,timbreRef_vs_sourceRef,top5,hindi2__587,english584__2197,source_sentence1_english584__2197_s1.wav,reference_sentence2_hindi2__587_s2.wav,no,different,881,mshx1oqt-v9obb1yn,,,,,,,,,,,,,,
8/6/2026,accent_dialect,6678f7524c361fc66ef34d99,seed_vc,11,1,output_vs_timbreRef,bottom5,hindi13__1633,english200__667,reference_sentence1_hindi13__1633_s1.wav,seed_vc_bottom5_output_sentence2_timbre-hindi13__1633__source-english200__667__seed_vc_s2.wav,yes,NA,2008,mshx5r4e-h9yu970k,,,,,,,,,,,,,,
8/6/2026,accent_dialect,608f2bae0ee0a74455533e4c,openvoice,10,3,timbreRef_vs_sourceRef,bottom5,hindi7__867,english200__667,source_sentence1_english200__667_s1.wav,reference_sentence2_hindi7__867_s2.wav,no,different,759,mshx6xma-jow0h9nm,,,,,,,,,,,,,,
8/6/2026,accent_dialect,6a14b675ce0a732e504a4221,seed_vc,40,4,output_vs_sourceRef,bottom5,hindi21__2236,english584__2197,source_sentence1_english584__2197_s1.wav,seed_vc_bottom5_output_sentence2_timbre-hindi21__2236__source-english584__2197__seed_vc_s2.wav,no,NA,509,mshx1gbb-td592rew,,,,,,,,,,,,,,
8/6/2026,accent_dialect,6a08b966c2858ddb629d187b,openvoice,27,4,output_vs_sourceRef,bottom5,hindi7__867,english200__667,openvoice_bottom5_output_sentence1_timbre-hindi7__867__source-english200__667__openvoice_s1.wav,source_sentence2_english200__667_s2.wav,yes,NA,1258,mshx2jpf-rp3am65p,,,,,,,,,,,,,,
8/6/2026,accent_dialect,6998804cdfd462a8fab9b10f,openvoice,34,4,output_vs_sourceRef,bottom5,gujarati8__1678,english200__667,openvoice_bottom5_output_sentence1_timbre-gujarati8__1678__source-english200__667__openvoice_s1.wav,source_sentence2_english200__667_s2.wav,yes,NA,4453,mshx38gr-2vxoggk5,,,,,,,,,,,,,,
8/6/2026,accent_dialect,60d9e7e76cf2ab6d21eb5f99,openvoice,26,5,sourceRef_vs_sourceRef,bottom5,gujarati7__1504,english200__667,source_sentence1_english200__667_s1.wav,source_sentence2_english200__667_s2.wav,yes,same,1077,mshx46ny-qf3wstm7,,,,,,,,,,,,,,
8/6/2026,accent_dialect,5d1653de3935ca001b87ff71,openvoice,9,2,timbreRef_vs_timbreRef,bottom5,hindi12__1440,english200__667,reference_sentence1_hindi12__1440_s1.wav,reference_sentence2_hindi12__1440_s2.wav,yes,same,1023,mshx83ev-k9ogo00o,,,,,,,,,,,,,,
8/6/2026,accent_dialect,6776bf1a71392619a43359d3,seed_vc,39,1,output_vs_timbreRef,top5,hindi19__2206,english584__2197,reference_sentence1_hindi19__2206_s1.wav,seed_vc_top5_output_sentence2_timbre-hindi19__2206__source-english584__2197__seed_vc_s2.wav,yes,NA,1014,mshx2duk-nduw1k93,,,,,,,,,,,,,,
8/6/2026,accent_dialect,5397a6bbfdf99b1ccc3f1219,openvoice,27,3,timbreRef_vs_sourceRef,top5,gujarati11__2301,english584__2197,source_sentence1_english584__2197_s1.wav,reference_sentence2_gujarati11__2301_s2.wav,no,different,1851,mshx231r-mh0agscg,,,,,,,,,,,,,,
8/6/2026,accent_dialect,6a0e579710108dbe9059ee97,openvoice,33,2,timbreRef_vs_timbreRef,top5,gujarati17__2824,english200__667,reference_sentence1_gujarati17__2824_s1.wav,reference_sentence2_gujarati17__2824_s2.wav,yes,same,912,mshx28gv-dmc7dcfa,,,,,,,,,,,,,,
8/6/2026,accent_dialect,6a2601fe8e6d71a830c96a3d,openvoice,20,1,output_vs_timbreRef,bottom5,gujarati9__2041,english584__2197,reference_sentence1_gujarati9__2041_s1.wav,openvoice_bottom5_output_sentence2_timbre-gujarati9__2041__source-english584__2197__openvoice_s2.wav,no,NA,692,mshx4v2v-bp4h9c5l,,,,,,,,,,,,,,
8/6/2026,accent_dialect,63614af3f714542282bd139b,openvoice,43,4,output_vs_sourceRef,top5,gujarati11__2301,english584__2197,openvoice_top5_output_sentence1_timbre-gujarati11__2301__source-english584__2197__openvoice_s1.wav,source_sentence2_english584__2197_s2.wav,yes,NA,856,mshx1g5d-rwgo0ae5,,,,,,,,,,,,,,
8/6/2026,accent_dialect,6966546ad013598bf92dadea,openvoice,15,4,output_vs_sourceRef,top5,gujarati17__2824,english200__667,source_sentence1_english200__667_s1.wav,openvoice_top5_output_sentence2_timbre-gujarati17__2824__source-english200__667__openvoice_s2.wav,yes,NA,925,mshx6v3j-ppk3veh0,,,,,,,,,,,,,,
8/6/2026,accent_dialect,6a14b675ce0a732e504a4221,seed_vc,39,2,timbreRef_vs_timbreRef,bottom5,hindi26__2354,english584__2197,reference_sentence1_hindi26__2354_s1.wav,reference_sentence2_hindi26__2354_s2.wav,yes,same,473,mshx1gbb-td592rew,,,,,,,,,,,,,,
8/6/2026,accent_dialect,698b70d95529cc75f2634783,openvoice,33,4,output_vs_sourceRef,top5,gujarati17__2824,english200__667,openvoice_top5_output_sentence1_timbre-gujarati17__2824__source-english200__667__openvoice_s1.wav,source_sentence2_english200__667_s2.wav,yes,NA,610,mshx1fqp-5zh159ax,,,,,,,,,,,,,,
8/6/2026,accent_dialect,67dd4210d92f4c3aac8d944c,openvoice,36,1,output_vs_timbreRef,top5,hindi19__2206,english584__2197,openvoice_top5_output_sentence1_timbre-hindi19__2206__source-english584__2197__openvoice_s1.wav,reference_sentence2_hindi19__2206_s2.wav,yes,NA,795,mshx11x7-5rslmkb7,,,,,,,,,,,,,,
8/6/2026,accent_dialect,6a01521c28d64ac367f8fa55,seed_vc,8,1,output_vs_timbreRef,bottom5,hindi13__1633,english200__667,reference_sentence1_hindi13__1633_s1.wav,seed_vc_bottom5_output_sentence2_timbre-hindi13__1633__source-english200__667__seed_vc_s2.wav,no,NA,1005,mshx1ey4-vlb0kgvi,,,,,,,,,,,,,,
8/6/2026,accent_dialect,6720c26f12695d0297414d2d,openvoice,6,4,output_vs_sourceRef,top5,gujarati11__2301,english584__2197,source_sentence1_english584__2197_s1.wav,openvoice_top5_output_sentence2_timbre-gujarati11__2301__source-english584__2197__openvoice_s2.wav,yes,NA,2646,mshx8gfb-6hep8dbg,,,,,,,,,,,,,,
8/6/2026,accent_dialect,63f78d9a7a3d118594efff74,openvoice,26,4,output_vs_sourceRef,bottom5,hindi7__867,english200__667,source_sentence1_english200__667_s1.wav,openvoice_bottom5_output_sentence2_timbre-hindi7__867__source-english200__667__openvoice_s2.wav,yes,NA,5127,mshx3e62-7808i0kh,,,,,,,,,,,,,,
8/6/2026,accent_dialect,6a08b966c2858ddb629d187b,openvoice,28,3,timbreRef_vs_sourceRef,top5,hindi13__1633,english200__667,reference_sentence1_hindi13__1633_s1.wav,source_sentence2_english200__667_s2.wav,no,different,504,mshx2jpf-rp3am65p,,,,,,,,,,,,,,
8/6/2026,accent_dialect,5f0a686635f72917e94c7a63,seed_vc,2,2,timbreRef_vs_timbreRef,bottom5,hindi13__1633,english200__667,reference_sentence1_hindi13__1633_s1.wav,reference_sentence2_hindi13__1633_s2.wav,yes,same,1708,mshx5yzf-j7rekqej,,,,,,,,,,,,,,
8/6/2026,accent_dialect,664538d42f1f1e3371e3e3db,openvoice,10,2,timbreRef_vs_timbreRef,top5,gujarati11__2301,english584__2197,reference_sentence1_gujarati11__2301_s1.wav,reference_sentence2_gujarati11__2301_s2.wav,yes,same,1045,mshx6vkg-3stj714d,,,,,,,,,,,,,,
8/6/2026,accent_dialect,698b70d95529cc75f2634783,openvoice,34,5,sourceRef_vs_sourceRef,bottom5,gujarati7__1504,english200__667,source_sentence1_english200__667_s1.wav,source_sentence2_english200__667_s2.wav,yes,same,710,mshx1fqp-5zh159ax,,,,,,,,,,,,,,
8/6/2026,accent_dialect,58064d91f25c440001678a10,openvoice,42,2,timbreRef_vs_timbreRef,top5,gujarati17__2824,english200__667,reference_sentence1_gujarati17__2824_s1.wav,reference_sentence2_gujarati17__2824_s2.wav,yes,same,1262,mshx1z74-ej5p9mjs,,,,,,,,,,,,,,
8/6/2026,accent_dialect,663170bb631c1b3b21b7828b,openvoice,32,6,sourceRef_vs_sourceRef_cross,NA,NA,english200__667__vs__english584__2197,source_sentence1_english200__667_s1.wav,source_sentence2_english584__2197_s2.wav,yes,same,2205,mshx34w0-idx6h6f2,,,,,,,,,,,,,,
8/6/2026,accent_dialect,6a01521c28d64ac367f8fa55,seed_vc,9,1,output_vs_timbreRef,bottom5,hindi21__2236,english584__2197,reference_sentence1_hindi21__2236_s1.wav,seed_vc_bottom5_output_sentence2_timbre-hindi21__2236__source-english584__2197__seed_vc_s2.wav,no,NA,817,mshx1ey4-vlb0kgvi,,,,,,,,,,,,,,
8/6/2026,accent_dialect,5815767b0643a600016f0e72,seed_vc,25,1,output_vs_timbreRef,top5,hindi19__2206,english584__2197,reference_sentence1_hindi19__2206_s1.wav,seed_vc_top5_output_sentence2_timbre-hindi19__2206__source-english584__2197__seed_vc_s2.wav,yes,NA,1157,mshx355u-4kooh4lp,,,,,,,,,,,,,,
8/6/2026,accent_dialect,5815767b0643a600016f0e72,seed_vc,26,3,timbreRef_vs_sourceRef,bottom5,hindi21__2236,english584__2197,reference_sentence1_hindi21__2236_s1.wav,source_sentence2_english584__2197_s2.wav,no,different,1887,mshx355u-4kooh4lp,,,,,,,,,,,,,,
8/6/2026,accent_dialect,56aa90d5638440000c8b506f,seed_vc,18,2,timbreRef_vs_timbreRef,top5,gujarati16__2558,english200__667,reference_sentence1_gujarati16__2558_s1.wav,reference_sentence2_gujarati16__2558_s2.wav,yes,same,2765,mshx2qtr-tbs8zybb,,,,,,,,,,,,,,
8/6/2026,accent_dialect,6a21aceedbb1056fb595bc03,openvoice,44,2,timbreRef_vs_timbreRef,top5,hindi19__2206,english584__2197,reference_sentence1_hindi19__2206_s1.wav,reference_sentence2_hindi19__2206_s2.wav,yes,same,608,mshx3m5a-8bmjlj5g,,,,,,,,,,,,,,
8/6/2026,accent_dialect,69fce9e45d612732dd1ae4e2,seed_vc,28,2,timbreRef_vs_timbreRef,top5,hindi19__2206,english584__2197,reference_sentence1_hindi19__2206_s1.wav,reference_sentence2_hindi19__2206_s2.wav,yes,same,1003,mshx24wm-9vmufgds,,,,,,,,,,,,,,
8/6/2026,accent_dialect,6a03c72c0c92638f0a23f54a,seed_vc,27,4,output_vs_sourceRef,bottom5,gujarati4__610,english200__667,seed_vc_bottom5_output_sentence1_timbre-gujarati4__610__source-english200__667__seed_vc_s1.wav,source_sentence2_english200__667_s2.wav,yes,NA,940,mshx4f9p-zf5dpeqz,,,,,,,,,,,,,,
8/6/2026,accent_dialect,594a969df0ea1b0001558178,openvoice,25,4,output_vs_sourceRef,bottom5,gujarati8__1678,english200__667,openvoice_bottom5_output_sentence1_timbre-gujarati8__1678__source-english200__667__openvoice_s1.wav,source_sentence2_english200__667_s2.wav,yes,NA,347,mshx3062-tzc0d5me,,,,,,,,,,,,,,
8/6/2026,accent_dialect,57d0a0bee3221e00015fe385,openvoice,19,2,timbreRef_vs_timbreRef,top5,hindi13__1633,english200__667,reference_sentence1_hindi13__1633_s1.wav,reference_sentence2_hindi13__1633_s2.wav,yes,same,470,mshx2x72-qzgbiby2,,,,,,,,,,,,,,
8/6/2026,accent_dialect,5bcc60b95c2b810001dc68e2,seed_vc,35,4,output_vs_sourceRef,top5,hindi19__2206,english584__2197,seed_vc_top5_output_sentence1_timbre-hindi19__2206__source-english584__2197__seed_vc_s1.wav,source_sentence2_english584__2197_s2.wav,yes,NA,3278,mshx1tkg-nm50v5h1,,,,,,,,,,,,,,
8/6/2026,accent_dialect,5acb7b0ae1099600016acdd6,seed_vc,23,2,timbreRef_vs_timbreRef,bottom5,gujarati4__610,english200__667,reference_sentence1_gujarati4__610_s1.wav,reference_sentence2_gujarati4__610_s2.wav,yes,same,1174,mshx1yj8-t4xm8w61,,,,,,,,,,,,,,
8/6/2026,accent_dialect,69f12a486ad4ab0dbc1683df,openvoice,21,3,timbreRef_vs_sourceRef,bottom5,gujarati7__1504,english200__667,reference_sentence1_gujarati7__1504_s1.wav,source_sentence2_english200__667_s2.wav,no,different,629,mshx79un-2ikdke8q,,,,,,,,,,,,,,
8/6/2026,accent_dialect,66b123d3c5b7eea8d9120bde,openvoice,25,1,output_vs_timbreRef,top5,hindi13__1633,english200__667,reference_sentence1_hindi13__1633_s1.wav,openvoice_top5_output_sentence2_timbre-hindi13__1633__source-english200__667__openvoice_s2.wav,no,NA,2031,mshx2n8g-t70mhgcu,,,,,,,,,,,,,,
8/6/2026,accent_dialect,67dd4210d92f4c3aac8d944c,openvoice,37,3,timbreRef_vs_sourceRef,bottom5,gujarati9__2041,english584__2197,source_sentence1_english584__2197_s1.wav,reference_sentence2_gujarati9__2041_s2.wav,no,different,665,mshx11x7-5rslmkb7,,,,,,,,,,,,,,
8/6/2026,accent_dialect,69fd502ade7763b4307a98af,seed_vc,14,2,timbreRef_vs_timbreRef,top5,hindi2__587,english584__2197,reference_sentence1_hindi2__587_s1.wav,reference_sentence2_hindi2__587_s2.wav,yes,same,1173,mshx66cb-lxo41smp,,,,,,,,,,,,,,
8/6/2026,accent_dialect,69fcae003b080bd0cacb7412,seed_vc,44,6,sourceRef_vs_sourceRef_cross,NA,NA,english584__2197__vs__english200__667,source_sentence1_english584__2197_s1.wav,source_sentence2_english200__667_s2.wav,yes,same,828,mshx1u62-fqxouafe,,,,,,,,,,,,,,
8/6/2026,accent_dialect,5dceca2541afe801a32e27ac,openvoice,33,6,sourceRef_vs_sourceRef_cross,NA,NA,english200__667__vs__english584__2197,source_sentence1_english200__667_s1.wav,source_sentence2_english584__2197_s2.wav,yes,same,886,mshx1qcv-3rudfu98,,,,,,,,,,,,,,
8/6/2026,accent_dialect,6a2601fe8e6d71a830c96a3d,openvoice,21,3,timbreRef_vs_sourceRef,bottom5,gujarati8__1678,english200__667,source_sentence1_english200__667_s1.wav,reference_sentence2_gujarati8__1678_s2.wav,no,different,973,mshx4v2v-bp4h9c5l,,,,,,,,,,,,,,
8/6/2026,accent_dialect,676ecc2cdff817e43c22a375,seed_vc,38,4,output_vs_sourceRef,top5,hindi2__587,english584__2197,source_sentence1_english584__2197_s1.wav,seed_vc_top5_output_sentence2_timbre-hindi2__587__source-english584__2197__seed_vc_s2.wav,yes,NA,678,mshx2lnc-1x73r3sk,,,,,,,,,,,,,,
8/6/2026,accent_dialect,5d1653de3935ca001b87ff71,openvoice,10,3,timbreRef_vs_sourceRef,top5,hindi19__2206,english584__2197,reference_sentence1_hindi19__2206_s1.wav,source_sentence2_english584__2197_s2.wav,no,different,4594,mshx83ev-k9ogo00o,,,,,,,,,,,,,,
8/6/2026,accent_dialect,616b2966d0aee4f9879a656b,seed_vc,44,5,sourceRef_vs_sourceRef,bottom5,gujarati4__610,english200__667,source_sentence1_english200__667_s1.wav,source_sentence2_english200__667_s2.wav,yes,same,595,mshx22ml-udiw7nts,,,,,,,,,,,,,,
8/6/2026,accent_dialect,69d8eab7b04ea057a65bdb4d,seed_vc,42,4,output_vs_sourceRef,bottom5,hindi21__2236,english584__2197,source_sentence1_english584__2197_s1.wav,seed_vc_bottom5_output_sentence2_timbre-hindi21__2236__source-english584__2197__seed_vc_s2.wav,no,NA,1781,mshx26fg-o3ecmoil,,,,,,,,,,,,,,
8/6/2026,accent_dialect,6a0e579710108dbe9059ee97,openvoice,35,4,output_vs_sourceRef,bottom5,gujarati9__2041,english584__2197,openvoice_bottom5_output_sentence1_timbre-gujarati9__2041__source-english584__2197__openvoice_s1.wav,source_sentence2_english584__2197_s2.wav,no,NA,902,mshx28gv-dmc7dcfa,,,,,,,,,,,,,,
8/6/2026,accent_dialect,69f25a06e6dfc9f5ecaf7b31,seed_vc,41,4,output_vs_sourceRef,top5,hindi10__1202,english200__667,source_sentence1_english200__667_s1.wav,seed_vc_top5_output_sentence2_timbre-hindi10__1202__source-english200__667__seed_vc_s2.wav,yes,NA,744,mshx1auo-2tp9t4l9,,,,,,,,,,,,,,
8/6/2026,accent_dialect,58064d91f25c440001678a10,openvoice,43,3,timbreRef_vs_sourceRef,top5,gujarati11__2301,english584__2197,reference_sentence1_gujarati11__2301_s1.wav,source_sentence2_english584__2197_s2.wav,no,different,734,mshx1z74-ej5p9mjs,,,,,,,,,,,,,,
8/6/2026,accent_dialect,5815767b0643a600016f0e72,seed_vc,27,6,sourceRef_vs_sourceRef_cross,NA,NA,english584__2197__vs__english200__667,source_sentence1_english584__2197_s1.wav,source_sentence2_english200__667_s2.wav,yes,same,1310,mshx355u-4kooh4lp,,,,,,,,,,,,,,
8/6/2026,accent_dialect,663170bb631c1b3b21b7828b,openvoice,33,4,output_vs_sourceRef,bottom5,hindi7__867,english200__667,source_sentence1_english200__667_s1.wav,openvoice_bottom5_output_sentence2_timbre-hindi7__867__source-english200__667__openvoice_s2.wav,yes,NA,1364,mshx34w0-idx6h6f2,,,,,,,,,,,,,,
8/6/2026,accent_dialect,69e7e7545bf81637207605dd,openvoice,30,2,timbreRef_vs_timbreRef,top5,hindi19__2206,english584__2197,reference_sentence1_hindi19__2206_s1.wav,reference_sentence2_hindi19__2206_s2.wav,yes,same,771,mshx6e5d-h45v7smg,,,,,,,,,,,,,,
8/6/2026,accent_dialect,69e56c8f8677d3d655d61941,openvoice,43,4,output_vs_sourceRef,top5,hindi19__2206,english584__2197,openvoice_top5_output_sentence1_timbre-hindi19__2206__source-english584__2197__openvoice_s1.wav,source_sentence2_english584__2197_s2.wav,yes,NA,9853,mshx21dr-ejpalixz,,,,,,,,,,,,,,
8/6/2026,accent_dialect,6a14824f1c967f6a6916dee7,openvoice,31,3,timbreRef_vs_sourceRef,bottom5,gujarati8__1678,english200__667,reference_sentence1_gujarati8__1678_s1.wav,source_sentence2_english200__667_s2.wav,no,different,1005,mshx2ok1-wcy4jqsh,,,,,,,,,,,,,,
8/6/2026,accent_dialect,6a03c72c0c92638f0a23f54a,seed_vc,28,1,output_vs_timbreRef,bottom5,hindi21__2236,english584__2197,reference_sentence1_hindi21__2236_s1.wav,seed_vc_bottom5_output_sentence2_timbre-hindi21__2236__source-english584__2197__seed_vc_s2.wav,no,NA,847,mshx4f9p-zf5dpeqz,,,,,,,,,,,,,,
8/6/2026,accent_dialect,66ccdd9f6b12c6ea6fa01f42,seed_vc,20,1,output_vs_timbreRef,bottom5,hindi16__1966,english584__2197,reference_sentence1_hindi16__1966_s1.wav,seed_vc_bottom5_output_sentence2_timbre-hindi16__1966__source-english584__2197__seed_vc_s2.wav,yes,NA,2277,mshx22lj-u2967oxb,,,,,,,,,,,,,,
8/6/2026,accent_dialect,6a14b675ce0a732e504a4221,seed_vc,42,2,timbreRef_vs_timbreRef,bottom5,hindi16__1966,english584__2197,reference_sentence1_hindi16__1966_s1.wav,reference_sentence2_hindi16__1966_s2.wav,yes,same,563,mshx1gbb-td592rew,,,,,,,,,,,,,,
8/6/2026,accent_dialect,650764c3a197814ab15f8237,seed_vc,1,1,output_vs_timbreRef,bottom5,hindi13__1633,english200__667,reference_sentence1_hindi13__1633_s1.wav,seed_vc_bottom5_output_sentence2_timbre-hindi13__1633__source-english200__667__seed_vc_s2.wav,no,NA,1923,mshx9i4z-vauc11w3,,,,,,,,,,,,,,
8/6/2026,accent_dialect,5397a6bbfdf99b1ccc3f1219,openvoice,28,4,output_vs_sourceRef,bottom5,gujarati7__1504,english200__667,source_sentence1_english200__667_s1.wav,openvoice_bottom5_output_sentence2_timbre-gujarati7__1504__source-english200__667__openvoice_s2.wav,yes,NA,8689,mshx231r-mh0agscg,,,,,,,,,,,,,,
8/6/2026,accent_dialect,5d0c10124b68150015fd5bca,seed_vc,38,4,output_vs_sourceRef,bottom5,hindi16__1966,english584__2197,source_sentence1_english584__2197_s1.wav,seed_vc_bottom5_output_sentence2_timbre-hindi16__1966__source-english584__2197__seed_vc_s2.wav,no,NA,1767,mshx20qr-j6nfdb19,,,,,,,,,,,,,,
8/6/2026,accent_dialect,69f2b5f676aaf78f77d69d16,openvoice,42,2,timbreRef_vs_timbreRef,top5,hindi13__1633,english200__667,reference_sentence1_hindi13__1633_s1.wav,reference_sentence2_hindi13__1633_s2.wav,no,same,3005,mshx1jap-b318jfsn,,,,,,,,,,,,,,
8/6/2026,accent_dialect,6653ae434d386b6218f51efb,seed_vc,20,1,output_vs_timbreRef,bottom5,hindi16__1966,english584__2197,seed_vc_bottom5_output_sentence1_timbre-hindi16__1966__source-english584__2197__seed_vc_s1.wav,reference_sentence2_hindi16__1966_s2.wav,yes,NA,1350,mshx62a8-mc5qv6aw,,,,,,,,,,,,,,
8/6/2026,accent_dialect,5f1db570f7e0002b7eb1c1dd,openvoice,24,3,timbreRef_vs_sourceRef,bottom5,gujarati7__1504,english200__667,reference_sentence1_gujarati7__1504_s1.wav,source_sentence2_english200__667_s2.wav,no,different,1805,mshx6h41-0gfugvcr,,,,,,,,,,,,,,
8/6/2026,accent_dialect,56aa90d5638440000c8b506f,seed_vc,19,4,output_vs_sourceRef,bottom5,hindi21__2236,english584__2197,source_sentence1_english584__2197_s1.wav,seed_vc_bottom5_output_sentence2_timbre-hindi21__2236__source-english584__2197__seed_vc_s2.wav,no,NA,1927,mshx2qtr-tbs8zybb,,,,,,,,,,,,,,
8/6/2026,accent_dialect,69d59bb26cbbb9ca14a5eb04,seed_vc,30,3,timbreRef_vs_sourceRef,top5,hindi19__2206,english584__2197,source_sentence1_english584__2197_s1.wav,reference_sentence2_hindi19__2206_s2.wav,no,different,737,mshx469a-p5k8oz6g,,,,,,,,,,,,,,
8/6/2026,accent_dialect,60d9e7e76cf2ab6d21eb5f99,openvoice,27,5,sourceRef_vs_sourceRef,bottom5,gujarati9__2041,english584__2197,source_sentence1_english584__2197_s1.wav,source_sentence2_english584__2197_s2.wav,yes,same,9436,mshx46ny-qf3wstm7,,,,,,,,,,,,,,
8/6/2026,accent_dialect,5d6466d84e9aae0001598a5a,seed_vc,43,5,sourceRef_vs_sourceRef,bottom5,gujarati4__610,english200__667,source_sentence1_english200__667_s1.wav,source_sentence2_english200__667_s2.wav,yes,same,455,mshx2no8-mdjmyj05,,,,,,,,,,,,,,
8/6/2026,accent_dialect,594a969df0ea1b0001558178,openvoice,27,3,timbreRef_vs_sourceRef,top5,gujarati13__2409,english200__667,reference_sentence1_gujarati13__2409_s1.wav,source_sentence2_english200__667_s2.wav,no,different,318,mshx3062-tzc0d5me,,,,,,,,,,,,,,
8/6/2026,accent_dialect,5d0eecdd348afe00015865aa,openvoice,43,3,timbreRef_vs_sourceRef,top5,gujarati11__2301,english584__2197,reference_sentence1_gujarati11__2301_s1.wav,source_sentence2_english584__2197_s2.wav,no,different,1016,mshx2fxn-9ttvrw2q,,,,,,,,,,,,,,
8/6/2026,accent_dialect,664538d42f1f1e3371e3e3db,openvoice,11,2,timbreRef_vs_timbreRef,top5,gujarati13__2409,english200__667,reference_sentence1_gujarati13__2409_s1.wav,reference_sentence2_gujarati13__2409_s2.wav,yes,same,1270,mshx6vkg-3stj714d,,,,,,,,,,,,,,
8/6/2026,accent_dialect,69f25a06e6dfc9f5ecaf7b31,seed_vc,42,4,output_vs_sourceRef,top5,hindi19__2206,english584__2197,source_sentence1_english584__2197_s1.wav,seed_vc_top5_output_sentence2_timbre-hindi19__2206__source-english584__2197__seed_vc_s2.wav,yes,NA,734,mshx1auo-2tp9t4l9,,,,,,,,,,,,,,
8/6/2026,accent_dialect,698b70d95529cc75f2634783,openvoice,36,3,timbreRef_vs_sourceRef,bottom5,hindi7__867,english200__667,source_sentence1_english200__667_s1.wav,reference_sentence2_hindi7__867_s2.wav,no,different,743,mshx1fqp-5zh159ax,,,,,,,,,,,,,,
8/6/2026,accent_dialect,69d8eab7b04ea057a65bdb4d,seed_vc,43,1,output_vs_timbreRef,bottom5,hindi16__1966,english584__2197,seed_vc_bottom5_output_sentence1_timbre-hindi16__1966__source-english584__2197__seed_vc_s1.wav,reference_sentence2_hindi16__1966_s2.wav,no,NA,1526,mshx26fg-o3ecmoil,,,,,,,,,,,,,,
8/6/2026,accent_dialect,6998804cdfd462a8fab9b10f,openvoice,37,2,timbreRef_vs_timbreRef,bottom5,gujarati9__2041,english584__2197,reference_sentence1_gujarati9__2041_s1.wav,reference_sentence2_gujarati9__2041_s2.wav,yes,same,957,mshx38gr-2vxoggk5,,,,,,,,,,,,,,
8/6/2026,accent_dialect,5acb7b0ae1099600016acdd6,seed_vc,24,3,timbreRef_vs_sourceRef,top5,gujarati5__1016,english200__667,reference_sentence1_gujarati5__1016_s1.wav,source_sentence2_english200__667_s2.wav,no,different,1395,mshx1yj8-t4xm8w61,,,,,,,,,,,,,,
8/6/2026,accent_dialect,663170bb631c1b3b21b7828b,openvoice,34,1,output_vs_timbreRef,bottom5,hindi7__867,english200__667,reference_sentence1_hindi7__867_s1.wav,openvoice_bottom5_output_sentence2_timbre-hindi7__867__source-english200__667__openvoice_s2.wav,no,NA,1062,mshx34w0-idx6h6f2,,,,,,,,,,,,,,
8/6/2026,accent_dialect,67ade0c7138bc5e2f5d72575,openvoice,39,6,sourceRef_vs_sourceRef_cross,NA,NA,english200__667__vs__english584__2197,source_sentence1_english200__667_s1.wav,source_sentence2_english584__2197_s2.wav,yes,same,597,mshx2heb-jqjfwsn7,,,,,,,,,,,,,,
8/6/2026,accent_dialect,6a03c72c0c92638f0a23f54a,seed_vc,29,1,output_vs_timbreRef,bottom5,hindi13__1633,english200__667,reference_sentence1_hindi13__1633_s1.wav,seed_vc_bottom5_output_sentence2_timbre-hindi13__1633__source-english200__667__seed_vc_s2.wav,no,NA,1198,mshx4f9p-zf5dpeqz,,,,,,,,,,,,,,
8/6/2026,accent_dialect,6a14b675ce0a732e504a4221,seed_vc,43,4,output_vs_sourceRef,top5,hindi19__2206,english584__2197,source_sentence1_english584__2197_s1.wav,seed_vc_top5_output_sentence2_timbre-hindi19__2206__source-english584__2197__seed_vc_s2.wav,yes,NA,1178,mshx1gbb-td592rew,,,,,,,,,,,,,,
8/6/2026,accent_dialect,6a15d6a799a27da826906cdb,openvoice,43,4,output_vs_sourceRef,bottom5,gujarati9__2041,english584__2197,source_sentence1_english584__2197_s1.wav,openvoice_bottom5_output_sentence2_timbre-gujarati9__2041__source-english584__2197__openvoice_s2.wav,yes,NA,1032,mshx31ov-4z3uubkh,,,,,,,,,,,,,,
8/6/2026,accent_dialect,6a15a8f478abb7b087750295,openvoice,43,6,sourceRef_vs_sourceRef_cross,NA,NA,english200__667__vs__english584__2197,source_sentence1_english200__667_s1.wav,source_sentence2_english584__2197_s2.wav,yes,same,504,mshx2ras-7m8pgyki,,,,,,,,,,,,,,
8/6/2026,accent_dialect,594a969df0ea1b0001558178,openvoice,28,4,output_vs_sourceRef,top5,gujarati17__2824,english200__667,openvoice_top5_output_sentence1_timbre-gujarati17__2824__source-english200__667__openvoice_s1.wav,source_sentence2_english200__667_s2.wav,yes,NA,367,mshx3062-tzc0d5me,,,,,,,,,,,,,,
8/6/2026,accent_dialect,60d9e7e76cf2ab6d21eb5f99,openvoice,28,2,timbreRef_vs_timbreRef,bottom5,gujarati7__1504,english200__667,reference_sentence1_gujarati7__1504_s1.wav,reference_sentence2_gujarati7__1504_s2.wav,yes,same,2041,mshx46ny-qf3wstm7,,,,,,,,,,,,,,
8/6/2026,accent_dialect,6a15d6a799a27da826906cdb,openvoice,44,2,timbreRef_vs_timbreRef,top5,hindi13__1633,english200__667,reference_sentence1_hindi13__1633_s1.wav,reference_sentence2_hindi13__1633_s2.wav,yes,same,939,mshx31ov-4z3uubkh,,,,,,,,,,,,,,
8/6/2026,accent_dialect,69e7e7545bf81637207605dd,openvoice,31,2,timbreRef_vs_timbreRef,top5,gujarati11__2301,english584__2197,reference_sentence1_gujarati11__2301_s1.wav,reference_sentence2_gujarati11__2301_s2.wav,yes,same,732,mshx6e5d-h45v7smg,,,,,,,,,,,,,,
8/6/2026,accent_dialect,5397a6bbfdf99b1ccc3f1219,openvoice,29,1,output_vs_timbreRef,bottom5,hindi12__1440,english200__667,reference_sentence1_hindi12__1440_s1.wav,openvoice_bottom5_output_sentence2_timbre-hindi12__1440__source-english200__667__openvoice_s2.wav,no,NA,855,mshx231r-mh0agscg,,,,,,,,,,,,,,
8/6/2026,accent_dialect,66ccdd9f6b12c6ea6fa01f42,seed_vc,21,1,output_vs_timbreRef,top5,hindi2__587,english584__2197,reference_sentence1_hindi2__587_s1.wav,seed_vc_top5_output_sentence2_timbre-hindi2__587__source-english584__2197__seed_vc_s2.wav,yes,NA,1893,mshx22lj-u2967oxb,,,,,,,,,,,,,,
8/6/2026,accent_dialect,650764c3a197814ab15f8237,seed_vc,3,4,output_vs_sourceRef,top5,gujarati16__2558,english200__667,seed_vc_top5_output_sentence1_timbre-gujarati16__2558__source-english200__667__seed_vc_s1.wav,source_sentence2_english200__667_s2.wav,yes,NA,1843,mshx9i4z-vauc11w3,,,,,,,,,,,,,,
8/6/2026,accent_dialect,6090578fb2299eacaec32b7a,openvoice,34,4,output_vs_sourceRef,top5,gujarati13__2409,english200__667,source_sentence1_english200__667_s1.wav,openvoice_top5_output_sentence2_timbre-gujarati13__2409__source-english200__667__openvoice_s2.wav,no,NA,2401,mshx3z6l-nazevfju,,,,,,,,,,,,,,
8/6/2026,accent_dialect,67dd4210d92f4c3aac8d944c,openvoice,39,2,timbreRef_vs_timbreRef,top5,gujarati11__2301,english584__2197,reference_sentence1_gujarati11__2301_s1.wav,reference_sentence2_gujarati11__2301_s2.wav,yes,same,834,mshx11x7-5rslmkb7,,,,,,,,,,,,,,
8/6/2026,accent_dialect,5bcc60b95c2b810001dc68e2,seed_vc,36,4,output_vs_sourceRef,bottom5,hindi26__2354,english584__2197,source_sentence1_english584__2197_s1.wav,seed_vc_bottom5_output_sentence2_timbre-hindi26__2354__source-english584__2197__seed_vc_s2.wav,yes,NA,8305,mshx1tkg-nm50v5h1,,,,,,,,,,,,,,
8/6/2026,accent_dialect,6a15a8f478abb7b087750295,openvoice,44,2,timbreRef_vs_timbreRef,bottom5,gujarati8__1678,english200__667,reference_sentence1_gujarati8__1678_s1.wav,reference_sentence2_gujarati8__1678_s2.wav,yes,same,697,mshx2ras-7m8pgyki,,,,,,,,,,,,,,
8/6/2026,accent_dialect,69eea7555d195a4d27877668,seed_vc,15,3,timbreRef_vs_sourceRef,bottom5,hindi13__1633,english200__667,reference_sentence1_hindi13__1633_s1.wav,source_sentence2_english200__667_s2.wav,no,different,696,mshx389f-ak77uyeh,,,,,,,,,,,,,,
8/6/2026,accent_dialect,65e681c76bbe9d2e2a43faec,openvoice,38,2,timbreRef_vs_timbreRef,bottom5,hindi7__867,english200__667,reference_sentence1_hindi7__867_s1.wav,reference_sentence2_hindi7__867_s2.wav,yes,same,1120,mshx341q-rjtxf289,,,,,,,,,,,,,,
8/6/2026,accent_dialect,69f2b5f676aaf78f77d69d16,openvoice,44,2,timbreRef_vs_timbreRef,top5,gujarati13__2409,english200__667,reference_sentence1_gujarati13__2409_s1.wav,reference_sentence2_gujarati13__2409_s2.wav,yes,same,1348,mshx1jap-b318jfsn,,,,,,,,,,,,,,
8/6/2026,accent_dialect,69dd3ed63fbfe7bbbf3aac15,seed_vc,demographics,,,,,,,,,,,mshx2awr-phq5g4iy,55+,White American,Northeastern U.S.,English,,Female,No,,No,,Amazon Alexa; Apple Siri,A few times per week,4,
8/6/2026,accent_dialect,60d9e7e76cf2ab6d21eb5f99,openvoice,29,4,output_vs_sourceRef,bottom5,hindi12__1440,english200__667,openvoice_bottom5_output_sentence1_timbre-hindi12__1440__source-english200__667__openvoice_s1.wav,source_sentence2_english200__667_s2.wav,yes,NA,930,mshx46ny-qf3wstm7,,,,,,,,,,,,,,
8/6/2026,accent_dialect,69e7e7545bf81637207605dd,openvoice,32,3,timbreRef_vs_sourceRef,top5,gujarati13__2409,english200__667,source_sentence1_english200__667_s1.wav,reference_sentence2_gujarati13__2409_s2.wav,no,different,674,mshx6e5d-h45v7smg,,,,,,,,,,,,,,
8/6/2026,accent_dialect,614dd304ed948bbfe8c22215,seed_vc,34,2,timbreRef_vs_timbreRef,bottom5,hindi13__1633,english200__667,reference_sentence1_hindi13__1633_s1.wav,reference_sentence2_hindi13__1633_s2.wav,yes,same,770,mshx50cv-xkdut2r8,,,,,,,,,,,,,,
8/6/2026,accent_dialect,6653ae434d386b6218f51efb,seed_vc,21,4,output_vs_sourceRef,top5,hindi10__1202,english200__667,source_sentence1_english200__667_s1.wav,seed_vc_top5_output_sentence2_timbre-hindi10__1202__source-english200__667__seed_vc_s2.wav,no,NA,1934,mshx62a8-mc5qv6aw,,,,,,,,,,,,,,
8/6/2026,accent_dialect,69e8d8794cd2df8c1346c1e3,seed_vc,44,2,timbreRef_vs_timbreRef,top5,hindi19__2206,english584__2197,reference_sentence1_hindi19__2206_s1.wav,reference_sentence2_hindi19__2206_s2.wav,yes,same,442,mshx2geg-pougg10p,,,,,,,,,,,,,,
8/6/2026,accent_dialect,608f2bae0ee0a74455533e4c,openvoice,12,3,timbreRef_vs_sourceRef,bottom5,hindi12__1440,english200__667,reference_sentence1_hindi12__1440_s1.wav,source_sentence2_english200__667_s2.wav,no,different,979,mshx6xma-jow0h9nm,,,,,,,,,,,,,,
8/6/2026,accent_dialect,5815767b0643a600016f0e72,seed_vc,29,3,timbreRef_vs_sourceRef,bottom5,hindi13__1633,english200__667,reference_sentence1_hindi13__1633_s1.wav,source_sentence2_english200__667_s2.wav,no,different,1190,mshx355u-4kooh4lp,,,,,,,,,,,,,,
8/6/2026,accent_dialect,6a08d24b7f6eccd08cd8ca75,seed_vc,10,1,output_vs_timbreRef,top5,hindi2__587,english584__2197,seed_vc_top5_output_sentence1_timbre-hindi2__587__source-english584__2197__seed_vc_s1.wav,reference_sentence2_hindi2__587_s2.wav,yes,NA,1482,mshx7crv-ahd81gjp,,,,,,,,,,,,,,
8/6/2026,accent_dialect,650764c3a197814ab15f8237,seed_vc,4,3,timbreRef_vs_sourceRef,top5,hindi10__1202,english200__667,reference_sentence1_hindi10__1202_s1.wav,source_sentence2_english200__667_s2.wav,yes,different,564,mshx9i4z-vauc11w3,,,,,,,,,,,,,,
8/6/2026,accent_dialect,69f12a486ad4ab0dbc1683df,openvoice,25,4,output_vs_sourceRef,bottom5,gujarati7__1504,english200__667,source_sentence1_english200__667_s1.wav,openvoice_bottom5_output_sentence2_timbre-gujarati7__1504__source-english200__667__openvoice_s2.wav,yes,NA,481,mshx79un-2ikdke8q,,,,,,,,,,,,,,
8/6/2026,accent_dialect,5dceca2541afe801a32e27ac,openvoice,36,1,output_vs_timbreRef,top5,gujarati13__2409,english200__667,openvoice_top5_output_sentence1_timbre-gujarati13__2409__source-english200__667__openvoice_s1.wav,reference_sentence2_gujarati13__2409_s2.wav,yes,NA,1124,mshx1qcv-3rudfu98,,,,,,,,,,,,,,
8/6/2026,accent_dialect,671f12c5d2543b67c0f12e57,openvoice,15,1,output_vs_timbreRef,top5,gujarati13__2409,english200__667,reference_sentence1_gujarati13__2409_s1.wav,openvoice_top5_output_sentence2_timbre-gujarati13__2409__source-english200__667__openvoice_s2.wav,no,NA,1459,mshx8koq-rq3ad2pa,,,,,,,,,,,,,,
8/6/2026,accent_dialect,66ccdd9f6b12c6ea6fa01f42,seed_vc,22,4,output_vs_sourceRef,top5,hindi2__587,english584__2197,source_sentence1_english584__2197_s1.wav,seed_vc_top5_output_sentence2_timbre-hindi2__587__source-english584__2197__seed_vc_s2.wav,yes,NA,2049,mshx22lj-u2967oxb,,,,,,,,,,,,,,
8/6/2026,accent_dialect,6a14824f1c967f6a6916dee7,openvoice,33,2,timbreRef_vs_timbreRef,bottom5,gujarati7__1504,english200__667,reference_sentence1_gujarati7__1504_s1.wav,reference_sentence2_gujarati7__1504_s2.wav,yes,same,1531,mshx2ok1-wcy4jqsh,,,,,,,,,,,,,,
8/6/2026,accent_dialect,6a08b966c2858ddb629d187b,openvoice,32,3,timbreRef_vs_sourceRef,top5,hindi19__2206,english584__2197,reference_sentence1_hindi19__2206_s1.wav,source_sentence2_english584__2197_s2.wav,yes,different,765,mshx2jpf-rp3am65p,,,,,,,,,,,,,,
8/6/2026,accent_dialect,5acb7b0ae1099600016acdd6,seed_vc,26,4,output_vs_sourceRef,bottom5,gujarati4__610,english200__667,source_sentence1_english200__667_s1.wav,seed_vc_bottom5_output_sentence2_timbre-gujarati4__610__source-english200__667__seed_vc_s2.wav,yes,NA,1193,mshx1yj8-t4xm8w61,,,,,,,,,,,,,,
8/6/2026,accent_dialect,65e681c76bbe9d2e2a43faec,openvoice,39,1,output_vs_timbreRef,bottom5,hindi12__1440,english200__667,openvoice_bottom5_output_sentence1_timbre-hindi12__1440__source-english200__667__openvoice_s1.wav,reference_sentence2_hindi12__1440_s2.wav,no,NA,1478,mshx341q-rjtxf289,,,,,,,,,,,,,,
8/6/2026,accent_dialect,6653ae434d386b6218f51efb,seed_vc,22,2,timbreRef_vs_timbreRef,bottom5,hindi21__2236,english584__2197,reference_sentence1_hindi21__2236_s1.wav,reference_sentence2_hindi21__2236_s2.wav,yes,same,1078,mshx62a8-mc5qv6aw,,,,,,,,,,,,,,
8/6/2026,accent_dialect,69d59bb26cbbb9ca14a5eb04,seed_vc,32,4,output_vs_sourceRef,top5,gujarati5__1016,english200__667,source_sentence1_english200__667_s1.wav,seed_vc_top5_output_sentence2_timbre-gujarati5__1016__source-english200__667__seed_vc_s2.wav,no,NA,897,mshx469a-p5k8oz6g,,,,,,,,,,,,,,
8/6/2026,accent_dialect,6a21aceedbb1056fb595bc03,openvoice,demographics,,,,,,,,,,,mshx3m5a-8bmjlj5g,35–44,Hispanic/Latino American,Northwestern U.S.,English,,Female,No,,No,,ChatGPT Voice Assistant; Apple Siri,Less than once per week,4,
8/6/2026,accent_dialect,5bcc60b95c2b810001dc68e2,seed_vc,37,2,timbreRef_vs_timbreRef,top5,gujarati5__1016,english200__667,reference_sentence1_gujarati5__1016_s1.wav,reference_sentence2_gujarati5__1016_s2.wav,yes,same,2488,mshx1tkg-nm50v5h1,,,,,,,,,,,,,,
8/6/2026,accent_dialect,614dd304ed948bbfe8c22215,seed_vc,35,5,sourceRef_vs_sourceRef,bottom5,hindi16__1966,english584__2197,source_sentence1_english584__2197_s1.wav,source_sentence2_english584__2197_s2.wav,yes,same,557,mshx50cv-xkdut2r8,,,,,,,,,,,,,,
8/6/2026,accent_dialect,63d023f75eaafe675b6fa5fd,seed_vc,11,2,timbreRef_vs_timbreRef,top5,gujarati5__1016,english200__667,reference_sentence1_gujarati5__1016_s1.wav,reference_sentence2_gujarati5__1016_s2.wav,yes,same,3256,mshx7x8l-33cmg89d,,,,,,,,,,,,,,
8/6/2026,accent_dialect,5d0c10124b68150015fd5bca,seed_vc,40,2,timbreRef_vs_timbreRef,bottom5,gujarati4__610,english200__667,reference_sentence1_gujarati4__610_s1.wav,reference_sentence2_gujarati4__610_s2.wav,yes,same,1567,mshx20qr-j6nfdb19,,,,,,,,,,,,,,
8/6/2026,accent_dialect,594a969df0ea1b0001558178,openvoice,30,2,timbreRef_vs_timbreRef,top5,hindi13__1633,english200__667,reference_sentence1_hindi13__1633_s1.wav,reference_sentence2_hindi13__1633_s2.wav,yes,same,488,mshx3062-tzc0d5me,,,,,,,,,,,,,,
8/6/2026,accent_dialect,650764c3a197814ab15f8237,seed_vc,5,5,sourceRef_vs_sourceRef,bottom5,gujarati4__610,english200__667,source_sentence1_english200__667_s1.wav,source_sentence2_english200__667_s2.wav,yes,same,499,mshx9i4z-vauc11w3,,,,,,,,,,,,,,
8/6/2026,accent_dialect,69eea7555d195a4d27877668,seed_vc,16,1,output_vs_timbreRef,top5,hindi19__2206,english584__2197,seed_vc_top5_output_sentence1_timbre-hindi19__2206__source-english584__2197__seed_vc_s1.wav,reference_sentence2_hindi19__2206_s2.wav,yes,NA,800,mshx389f-ak77uyeh,,,,,,,,,,,,,,
8/6/2026,accent_dialect,5815767b0643a600016f0e72,seed_vc,30,1,output_vs_timbreRef,bottom5,gujarati4__610,english200__667,reference_sentence1_gujarati4__610_s1.wav,seed_vc_bottom5_output_sentence2_timbre-gujarati4__610__source-english200__667__seed_vc_s2.wav,no,NA,2718,mshx355u-4kooh4lp,,,,,,,,,,,,,,
8/6/2026,accent_dialect,5c690f6f81d8da000100c78b,openvoice,demographics,,,,,,,,,,,mshx233w-isdpc61p,25–34,Hispanic/Latino American,Southwestern U.S.,English,,Non-binary,No,,Yes,ADHD,None of the above,Less than once per week,3,
8/6/2026,accent_dialect,608f2bae0ee0a74455533e4c,openvoice,13,1,output_vs_timbreRef,bottom5,hindi12__1440,english200__667,openvoice_bottom5_output_sentence1_timbre-hindi12__1440__source-english200__667__openvoice_s1.wav,reference_sentence2_hindi12__1440_s2.wav,no,NA,728,mshx6xma-jow0h9nm,,,,,,,,,,,,,,
8/6/2026,accent_dialect,6a01252cc7f0d061aff61bf1,openvoice,27,2,timbreRef_vs_timbreRef,top5,gujarati17__2824,english200__667,reference_sentence1_gujarati17__2824_s1.wav,reference_sentence2_gujarati17__2824_s2.wav,no,same,5846,mshx1626-8q6oeb6l,,,,,,,,,,,,,,
8/6/2026,accent_dialect,69fd502ade7763b4307a98af,seed_vc,17,1,output_vs_timbreRef,bottom5,hindi21__2236,english584__2197,seed_vc_bottom5_output_sentence1_timbre-hindi21__2236__source-english584__2197__seed_vc_s1.wav,reference_sentence2_hindi21__2236_s2.wav,yes,NA,1225,mshx66cb-lxo41smp,,,,,,,,,,,,,,
8/6/2026,accent_dialect,6678f7524c361fc66ef34d99,seed_vc,17,4,output_vs_sourceRef,bottom5,hindi13__1633,english200__667,source_sentence1_english200__667_s1.wav,seed_vc_bottom5_output_sentence2_timbre-hindi13__1633__source-english200__667__seed_vc_s2.wav,yes,NA,815,mshx5r4e-h9yu970k,,,,,,,,,,,,,,
8/6/2026,accent_dialect,5f17553ce0feb10c3dd2b16a,openvoice,32,2,timbreRef_vs_timbreRef,bottom5,hindi7__867,english200__667,reference_sentence1_hindi7__867_s1.wav,reference_sentence2_hindi7__867_s2.wav,yes,same,1452,mshx2kqd-tgkfnjto,,,,,,,,,,,,,,
8/6/2026,accent_dialect,5dceca2541afe801a32e27ac,openvoice,37,2,timbreRef_vs_timbreRef,top5,hindi13__1633,english200__667,reference_sentence1_hindi13__1633_s1.wav,reference_sentence2_hindi13__1633_s2.wav,yes,same,1130,mshx1qcv-3rudfu98,,,,,,,,,,,,,,
8/6/2026,accent_dialect,63614af3f714542282bd139b,openvoice,demographics,,,,,,,,,,,mshx1g5d-rwgo0ae5,45–54,White American,Midwestern U.S.,English,,Male,No,,No,,ChatGPT Voice Assistant; Apple Siri,A few times per week,5,
8/6/2026,accent_dialect,5d1653de3935ca001b87ff71,openvoice,13,1,output_vs_timbreRef,top5,gujarati13__2409,english200__667,reference_sentence1_gujarati13__2409_s1.wav,openvoice_top5_output_sentence2_timbre-gujarati13__2409__source-english200__667__openvoice_s2.wav,no,NA,946,mshx83ev-k9ogo00o,,,,,,,,,,,,,,
8/6/2026,accent_dialect,66b123d3c5b7eea8d9120bde,openvoice,30,4,output_vs_sourceRef,bottom5,gujarati8__1678,english200__667,openvoice_bottom5_output_sentence1_timbre-gujarati8__1678__source-english200__667__openvoice_s1.wav,source_sentence2_english200__667_s2.wav,no,NA,938,mshx2n8g-t70mhgcu,,,,,,,,,,,,,,
8/6/2026,accent_dialect,5397a6bbfdf99b1ccc3f1219,openvoice,31,1,output_vs_timbreRef,top5,gujarati17__2824,english200__667,reference_sentence1_gujarati17__2824_s1.wav,openvoice_top5_output_sentence2_timbre-gujarati17__2824__source-english200__667__openvoice_s2.wav,no,NA,941,mshx231r-mh0agscg,,,,,,,,,,,,,,
8/6/2026,accent_dialect,6090578fb2299eacaec32b7a,openvoice,36,4,output_vs_sourceRef,bottom5,gujarati9__2041,english584__2197,openvoice_bottom5_output_sentence1_timbre-gujarati9__2041__source-english584__2197__openvoice_s1.wav,source_sentence2_english584__2197_s2.wav,no,NA,5735,mshx3z6l-nazevfju,,,,,,,,,,,,,,
8/6/2026,accent_dialect,69e7e7545bf81637207605dd,openvoice,34,1,output_vs_timbreRef,top5,gujarati13__2409,english200__667,reference_sentence1_gujarati13__2409_s1.wav,openvoice_top5_output_sentence2_timbre-gujarati13__2409__source-english200__667__openvoice_s2.wav,no,NA,654,mshx6e5d-h45v7smg,,,,,,,,,,,,,,
8/6/2026,accent_dialect,6a0e579710108dbe9059ee97,openvoice,39,1,output_vs_timbreRef,bottom5,gujarati7__1504,english200__667,reference_sentence1_gujarati7__1504_s1.wav,openvoice_bottom5_output_sentence2_timbre-gujarati7__1504__source-english200__667__openvoice_s2.wav,no,NA,1675,mshx28gv-dmc7dcfa,,,,,,,,,,,,,,
8/6/2026,accent_dialect,69f12a486ad4ab0dbc1683df,openvoice,27,4,output_vs_sourceRef,bottom5,hindi7__867,english200__667,openvoice_bottom5_output_sentence1_timbre-hindi7__867__source-english200__667__openvoice_s1.wav,source_sentence2_english200__667_s2.wav,yes,NA,466,mshx79un-2ikdke8q,,,,,,,,,,,,,,
8/6/2026,accent_dialect,6a01521c28d64ac367f8fa55,seed_vc,13,4,output_vs_sourceRef,top5,gujarati5__1016,english200__667,seed_vc_top5_output_sentence1_timbre-gujarati5__1016__source-english200__667__seed_vc_s1.wav,source_sentence2_english200__667_s2.wav,yes,NA,812,mshx1ey4-vlb0kgvi,,,,,,,,,,,,,,
8/6/2026,accent_dialect,5bcc60b95c2b810001dc68e2,seed_vc,38,3,timbreRef_vs_sourceRef,bottom5,hindi21__2236,english584__2197,source_sentence1_english584__2197_s1.wav,reference_sentence2_hindi21__2236_s2.wav,no,different,1693,mshx1tkg-nm50v5h1,,,,,,,,,,,,,,
8/6/2026,accent_dialect,6a0a200efdf95c93dce00159,openvoice,36,1,output_vs_timbreRef,bottom5,hindi12__1440,english200__667,reference_sentence1_hindi12__1440_s1.wav,openvoice_bottom5_output_sentence2_timbre-hindi12__1440__source-english200__667__openvoice_s2.wav,no,NA,971,mshx3p6l-pwhomepm,,,,,,,,,,,,,,
8/6/2026,accent_dialect,697cd118af4b9f1235c8a580,seed_vc,42,1,output_vs_timbreRef,bottom5,hindi16__1966,english584__2197,reference_sentence1_hindi16__1966_s1.wav,seed_vc_bottom5_output_sentence2_timbre-hindi16__1966__source-english584__2197__seed_vc_s2.wav,no,NA,645,mshx3msc-rihxiywh,,,,,,,,,,,,,,
8/6/2026,accent_dialect,594a969df0ea1b0001558178,openvoice,31,3,timbreRef_vs_sourceRef,bottom5,gujarati8__1678,english200__667,reference_sentence1_gujarati8__1678_s1.wav,source_sentence2_english200__667_s2.wav,no,different,638,mshx3062-tzc0d5me,,,,,,,,,,,,,,
8/6/2026,accent_dialect,6720c26f12695d0297414d2d,openvoice,9,1,output_vs_timbreRef,top5,gujarati13__2409,english200__667,reference_sentence1_gujarati13__2409_s1.wav,openvoice_top5_output_sentence2_timbre-gujarati13__2409__source-english200__667__openvoice_s2.wav,no,NA,1163,mshx8gfb-6hep8dbg,,,,,,,,,,,,,,
8/6/2026,accent_dialect,6678f7524c361fc66ef34d99,seed_vc,18,4,output_vs_sourceRef,top5,hindi10__1202,english200__667,source_sentence1_english200__667_s1.wav,seed_vc_top5_output_sentence2_timbre-hindi10__1202__source-english200__667__seed_vc_s2.wav,no,NA,2782,mshx5r4e-h9yu970k,,,,,,,,,,,,,,
8/6/2026,accent_dialect,69eea7555d195a4d27877668,seed_vc,17,2,timbreRef_vs_timbreRef,top5,hindi10__1202,english200__667,reference_sentence1_hindi10__1202_s1.wav,reference_sentence2_hindi10__1202_s2.wav,yes,same,6265,mshx389f-ak77uyeh,,,,,,,,,,,,,,
8/6/2026,accent_dialect,5f1db570f7e0002b7eb1c1dd,openvoice,28,1,output_vs_timbreRef,top5,gujarati13__2409,english200__667,reference_sentence1_gujarati13__2409_s1.wav,openvoice_top5_output_sentence2_timbre-gujarati13__2409__source-english200__667__openvoice_s2.wav,no,NA,844,mshx6h41-0gfugvcr,,,,,,,,,,,,,,
8/6/2026,accent_dialect,608f2bae0ee0a74455533e4c,openvoice,14,2,timbreRef_vs_timbreRef,top5,gujarati11__2301,english584__2197,reference_sentence1_gujarati11__2301_s1.wav,reference_sentence2_gujarati11__2301_s2.wav,yes,same,1724,mshx6xma-jow0h9nm,,,,,,,,,,,,,,
8/6/2026,accent_dialect,664538d42f1f1e3371e3e3db,openvoice,15,4,output_vs_sourceRef,bottom5,hindi12__1440,english200__667,openvoice_bottom5_output_sentence1_timbre-hindi12__1440__source-english200__667__openvoice_s1.wav,source_sentence2_english200__667_s2.wav,yes,NA,955,mshx6vkg-3stj714d,,,,,,,,,,,,,,
8/6/2026,accent_dialect,6a08d24b7f6eccd08cd8ca75,seed_vc,11,3,timbreRef_vs_sourceRef,bottom5,gujarati4__610,english200__667,reference_sentence1_gujarati4__610_s1.wav,source_sentence2_english200__667_s2.wav,no,different,1161,mshx7crv-ahd81gjp,,,,,,,,,,,,,,
8/6/2026,accent_dialect,6a14824f1c967f6a6916dee7,openvoice,36,3,timbreRef_vs_sourceRef,bottom5,hindi12__1440,english200__667,source_sentence1_english200__667_s1.wav,reference_sentence2_hindi12__1440_s2.wav,no,different,1021,mshx2ok1-wcy4jqsh,,,,,,,,,,,,,,
8/6/2026,accent_dialect,69f12a486ad4ab0dbc1683df,openvoice,28,3,timbreRef_vs_sourceRef,bottom5,hindi7__867,english200__667,source_sentence1_english200__667_s1.wav,reference_sentence2_hindi7__867_s2.wav,no,different,761,mshx79un-2ikdke8q,,,,,,,,,,,,,,
8/6/2026,accent_dialect,5dceca2541afe801a32e27ac,openvoice,38,1,output_vs_timbreRef,bottom5,gujarati7__1504,english200__667,reference_sentence1_gujarati7__1504_s1.wav,openvoice_bottom5_output_sentence2_timbre-gujarati7__1504__source-english200__667__openvoice_s2.wav,no,NA,1708,mshx1qcv-3rudfu98,,,,,,,,,,,,,,
8/6/2026,accent_dialect,6090578fb2299eacaec32b7a,openvoice,37,3,timbreRef_vs_sourceRef,bottom5,gujarati7__1504,english200__667,reference_sentence1_gujarati7__1504_s1.wav,source_sentence2_english200__667_s2.wav,no,different,2054,mshx3z6l-nazevfju,,,,,,,,,,,,,,
8/6/2026,accent_dialect,6a0b794a91737ea5a64687f5,seed_vc,39,4,output_vs_sourceRef,top5,gujarati16__2558,english200__667,seed_vc_top5_output_sentence1_timbre-gujarati16__2558__source-english200__667__seed_vc_s1.wav,source_sentence2_english200__667_s2.wav,yes,NA,950,mshx22pf-os1a4lzd,,,,,,,,,,,,,,
8/6/2026,accent_dialect,65e681c76bbe9d2e2a43faec,openvoice,41,3,timbreRef_vs_sourceRef,bottom5,gujarati8__1678,english200__667,reference_sentence1_gujarati8__1678_s1.wav,source_sentence2_english200__667_s2.wav,yes,different,1137,mshx341q-rjtxf289,,,,,,,,,,,,,,
8/6/2026,accent_dialect,594a969df0ea1b0001558178,openvoice,32,1,output_vs_timbreRef,bottom5,gujarati7__1504,english200__667,reference_sentence1_gujarati7__1504_s1.wav,openvoice_bottom5_output_sentence2_timbre-gujarati7__1504__source-english200__667__openvoice_s2.wav,no,NA,1305,mshx3062-tzc0d5me,,,,,,,,,,,,,,
8/6/2026,accent_dialect,6a0b794a91737ea5a64687f5,seed_vc,38,4,output_vs_sourceRef,bottom5,hindi21__2236,english584__2197,source_sentence1_english584__2197_s1.wav,seed_vc_bottom5_output_sentence2_timbre-hindi21__2236__source-english584__2197__seed_vc_s2.wav,no,NA,913,mshx22pf-os1a4lzd,,,,,,,,,,,,,,
8/6/2026,accent_dialect,6a0a200efdf95c93dce00159,openvoice,37,4,output_vs_sourceRef,bottom5,gujarati8__1678,english200__667,openvoice_bottom5_output_sentence1_timbre-gujarati8__1678__source-english200__667__openvoice_s1.wav,source_sentence2_english200__667_s2.wav,yes,NA,2962,mshx3p6l-pwhomepm,,,,,,,,,,,,,,
8/6/2026,accent_dialect,60d9e7e76cf2ab6d21eb5f99,openvoice,31,4,output_vs_sourceRef,top5,hindi13__1633,english200__667,openvoice_top5_output_sentence1_timbre-hindi13__1633__source-english200__667__openvoice_s1.wav,source_sentence2_english200__667_s2.wav,yes,NA,1871,mshx46ny-qf3wstm7,,,,,,,,,,,,,,
8/6/2026,accent_dialect,664538d42f1f1e3371e3e3db,openvoice,16,3,timbreRef_vs_sourceRef,bottom5,hindi12__1440,english200__667,source_sentence1_english200__667_s1.wav,reference_sentence2_hindi12__1440_s2.wav,no,different,939,mshx6vkg-3stj714d,,,,,,,,,,,,,,
8/6/2026,accent_dialect,69e7e7545bf81637207605dd,openvoice,36,2,timbreRef_vs_timbreRef,top5,gujarati13__2409,english200__667,reference_sentence1_gujarati13__2409_s1.wav,reference_sentence2_gujarati13__2409_s2.wav,yes,same,642,mshx6e5d-h45v7smg,,,,,,,,,,,,,,
8/6/2026,accent_dialect,608f2bae0ee0a74455533e4c,openvoice,15,1,output_vs_timbreRef,bottom5,gujarati8__1678,english200__667,openvoice_bottom5_output_sentence1_timbre-gujarati8__1678__source-english200__667__openvoice_s1.wav,reference_sentence2_gujarati8__1678_s2.wav,yes,NA,1130,mshx6xma-jow0h9nm,,,,,,,,,,,,,,
8/6/2026,accent_dialect,63d023f75eaafe675b6fa5fd,seed_vc,13,4,output_vs_sourceRef,top5,hindi2__587,english584__2197,source_sentence1_english584__2197_s1.wav,seed_vc_top5_output_sentence2_timbre-hindi2__587__source-english584__2197__seed_vc_s2.wav,yes,NA,1411,mshx7x8l-33cmg89d,,,,,,,,,,,,,,
8/6/2026,accent_dialect,5397a6bbfdf99b1ccc3f1219,openvoice,33,4,output_vs_sourceRef,top5,gujarati11__2301,english584__2197,openvoice_top5_output_sentence1_timbre-gujarati11__2301__source-english584__2197__openvoice_s1.wav,source_sentence2_english584__2197_s2.wav,yes,NA,583,mshx231r-mh0agscg,,,,,,,,,,,,,,
8/6/2026,accent_dialect,663170bb631c1b3b21b7828b,openvoice,37,3,timbreRef_vs_sourceRef,bottom5,hindi7__867,english200__667,reference_sentence1_hindi7__867_s1.wav,source_sentence2_english200__667_s2.wav,yes,different,6337,mshx34w0-idx6h6f2,,,,,,,,,,,,,,
8/6/2026,accent_dialect,66ccdd9f6b12c6ea6fa01f42,seed_vc,25,1,output_vs_timbreRef,bottom5,hindi21__2236,english584__2197,reference_sentence1_hindi21__2236_s1.wav,seed_vc_bottom5_output_sentence2_timbre-hindi21__2236__source-english584__2197__seed_vc_s2.wav,no,NA,1020,mshx22lj-u2967oxb,,,,,,,,,,,,,,
8/6/2026,accent_dialect,697cd118af4b9f1235c8a580,seed_vc,44,1,output_vs_timbreRef,top5,gujarati16__2558,english200__667,seed_vc_top5_output_sentence1_timbre-gujarati16__2558__source-english200__667__seed_vc_s1.wav,reference_sentence2_gujarati16__2558_s2.wav,yes,NA,1452,mshx3msc-rihxiywh,,,,,,,,,,,,,,
8/6/2026,accent_dialect,60d9e7e76cf2ab6d21eb5f99,openvoice,32,2,timbreRef_vs_timbreRef,bottom5,hindi7__867,english200__667,reference_sentence1_hindi7__867_s1.wav,reference_sentence2_hindi7__867_s2.wav,yes,same,1711,mshx46ny-qf3wstm7,,,,,,,,,,,,,,
8/6/2026,accent_dialect,69eea7555d195a4d27877668,seed_vc,18,4,output_vs_sourceRef,bottom5,gujarati4__610,english200__667,seed_vc_bottom5_output_sentence1_timbre-gujarati4__610__source-english200__667__seed_vc_s1.wav,source_sentence2_english200__667_s2.wav,yes,NA,4455,mshx389f-ak77uyeh,,,,,,,,,,,,,,
8/6/2026,accent_dialect,6a14b675ce0a732e504a4221,seed_vc,demographics,,,,,,,,,,,mshx1gbb-td592rew,35–44,White American,Midwestern U.S.,English,,Male,No,,No,,Apple Siri,Less than once per week,4,
8/6/2026,accent_dialect,6547eba1d8a02576605bcfb2,seed_vc,demographics,,,,,,,,,,,mshx1oqt-v9obb1yn,45–54,Hispanic/Latino American,Southwestern U.S.,English,,Male,No,,No,,Apple Siri; Voice-based navigation apps,A few times per week,3,Good luck with your research. Thank you.
8/6/2026,accent_dialect,6720c26f12695d0297414d2d,openvoice,10,4,output_vs_sourceRef,top5,hindi13__1633,english200__667,openvoice_top5_output_sentence1_timbre-hindi13__1633__source-english200__667__openvoice_s1.wav,source_sentence2_english200__667_s2.wav,yes,NA,1515,mshx8gfb-6hep8dbg,,,,,,,,,,,,,,
8/6/2026,accent_dialect,69e7e7545bf81637207605dd,openvoice,37,3,timbreRef_vs_sourceRef,top5,gujarati17__2824,english200__667,reference_sentence1_gujarati17__2824_s1.wav,source_sentence2_english200__667_s2.wav,no,different,549,mshx6e5d-h45v7smg,,,,,,,,,,,,,,
8/6/2026,accent_dialect,69f2b5f676aaf78f77d69d16,openvoice,demographics,,,,,,,,,,,mshx1jap-b318jfsn,25–34,Hispanic/Latino American; White American,Southwestern U.S.,English,,Male,No,,No,,Google Gemini Voice,A few times per week,7,
8/6/2026,accent_dialect,5bdf8d7eee652a0001f0999c,seed_vc,31,4,output_vs_sourceRef,top5,hindi10__1202,english200__667,seed_vc_top5_output_sentence1_timbre-hindi10__1202__source-english200__667__seed_vc_s1.wav,source_sentence2_english200__667_s2.wav,no,NA,6558,mshx2exz-hb5k5jbj,,,,,,,,,,,,,,
8/6/2026,accent_dialect,6a0a200efdf95c93dce00159,openvoice,38,2,timbreRef_vs_timbreRef,bottom5,hindi12__1440,english200__667,reference_sentence1_hindi12__1440_s1.wav,reference_sentence2_hindi12__1440_s2.wav,yes,same,2027,mshx3p6l-pwhomepm,,,,,,,,,,,,,,
8/6/2026,accent_dialect,69fd502ade7763b4307a98af,seed_vc,20,5,sourceRef_vs_sourceRef,bottom5,hindi16__1966,english584__2197,source_sentence1_english584__2197_s1.wav,source_sentence2_english584__2197_s2.wav,yes,same,2467,mshx66cb-lxo41smp,,,,,,,,,,,,,,
8/6/2026,accent_dialect,650764c3a197814ab15f8237,seed_vc,9,4,output_vs_sourceRef,top5,hindi2__587,english584__2197,source_sentence1_english584__2197_s1.wav,seed_vc_top5_output_sentence2_timbre-hindi2__587__source-english584__2197__seed_vc_s2.wav,no,NA,442,mshx9i4z-vauc11w3,,,,,,,,,,,,,,
8/6/2026,accent_dialect,67dd4210d92f4c3aac8d944c,openvoice,43,2,timbreRef_vs_timbreRef,bottom5,hindi7__867,english200__667,reference_sentence1_hindi7__867_s1.wav,reference_sentence2_hindi7__867_s2.wav,yes,same,599,mshx11x7-5rslmkb7,,,,,,,,,,,,,,
8/6/2026,accent_dialect,6722ceb13a02b06603b7b285,openvoice,28,4,output_vs_sourceRef,bottom5,hindi12__1440,english200__667,openvoice_bottom5_output_sentence1_timbre-hindi12__1440__source-english200__667__openvoice_s1.wav,source_sentence2_english200__667_s2.wav,yes,NA,5790,mshx3lce-xrbvbazi,,,,,,,,,,,,,,
8/6/2026,accent_dialect,6653ae434d386b6218f51efb,seed_vc,25,3,timbreRef_vs_sourceRef,bottom5,hindi13__1633,english200__667,source_sentence1_english200__667_s1.wav,reference_sentence2_hindi13__1633_s2.wav,no,different,963,mshx62a8-mc5qv6aw,,,,,,,,,,,,,,
8/6/2026,accent_dialect,664538d42f1f1e3371e3e3db,openvoice,17,2,timbreRef_vs_timbreRef,bottom5,hindi7__867,english200__667,reference_sentence1_hindi7__867_s1.wav,reference_sentence2_hindi7__867_s2.wav,yes,same,1062,mshx6vkg-3stj714d,,,,,,,,,,,,,,
8/6/2026,accent_dialect,69fce9e45d612732dd1ae4e2,seed_vc,36,3,timbreRef_vs_sourceRef,bottom5,hindi26__2354,english584__2197,reference_sentence1_hindi26__2354_s1.wav,source_sentence2_english584__2197_s2.wav,no,different,792,mshx24wm-9vmufgds,,,,,,,,,,,,,,
8/6/2026,accent_dialect,69f12a486ad4ab0dbc1683df,openvoice,30,5,sourceRef_vs_sourceRef,bottom5,gujarati9__2041,english584__2197,source_sentence1_english584__2197_s1.wav,source_sentence2_english584__2197_s2.wav,yes,same,552,mshx79un-2ikdke8q,,,,,,,,,,,,,,
8/6/2026,accent_dialect,69eea7555d195a4d27877668,seed_vc,19,1,output_vs_timbreRef,top5,hindi10__1202,english200__667,reference_sentence1_hindi10__1202_s1.wav,seed_vc_top5_output_sentence2_timbre-hindi10__1202__source-english200__667__seed_vc_s2.wav,yes,NA,634,mshx389f-ak77uyeh,,,,,,,,,,,,,,
8/6/2026,accent_dialect,67ade0c7138bc5e2f5d72575,openvoice,44,2,timbreRef_vs_timbreRef,bottom5,hindi7__867,english200__667,reference_sentence1_hindi7__867_s1.wav,reference_sentence2_hindi7__867_s2.wav,yes,same,680,mshx2heb-jqjfwsn7,,,,,,,,,,,,,,
8/6/2026,accent_dialect,610d6c481ca4797b863fe3d1,seed_vc,5,4,output_vs_sourceRef,top5,gujarati16__2558,english200__667,source_sentence1_english200__667_s1.wav,seed_vc_top5_output_sentence2_timbre-gujarati16__2558__source-english200__667__seed_vc_s2.wav,yes,NA,1654,mshx5sv6-zpr5uppx,,,,,,,,,,,,,,
8/6/2026,accent_dialect,5dceca2541afe801a32e27ac,openvoice,40,2,timbreRef_vs_timbreRef,top5,hindi19__2206,english584__2197,reference_sentence1_hindi19__2206_s1.wav,reference_sentence2_hindi19__2206_s2.wav,yes,same,2194,mshx1qcv-3rudfu98,,,,,,,,,,,,,,
8/6/2026,accent_dialect,66b123d3c5b7eea8d9120bde,openvoice,33,2,timbreRef_vs_timbreRef,top5,hindi19__2206,english584__2197,reference_sentence1_hindi19__2206_s1.wav,reference_sentence2_hindi19__2206_s2.wav,yes,same,1350,mshx2n8g-t70mhgcu,,,,,,,,,,,,,,
8/6/2026,accent_dialect,57d0a0bee3221e00015fe385,openvoice,25,4,output_vs_sourceRef,top5,gujarati13__2409,english200__667,openvoice_top5_output_sentence1_timbre-gujarati13__2409__source-english200__667__openvoice_s1.wav,source_sentence2_english200__667_s2.wav,no,NA,1002,mshx2x72-qzgbiby2,,,,,,,,,,,,,,
8/6/2026,accent_dialect,6a01521c28d64ac367f8fa55,seed_vc,16,1,output_vs_timbreRef,bottom5,gujarati4__610,english200__667,reference_sentence1_gujarati4__610_s1.wav,seed_vc_bottom5_output_sentence2_timbre-gujarati4__610__source-english200__667__seed_vc_s2.wav,no,NA,863,mshx1ey4-vlb0kgvi,,,,,,,,,,,,,,
8/6/2026,accent_dialect,69e7e7545bf81637207605dd,openvoice,38,3,timbreRef_vs_sourceRef,top5,gujarati11__2301,english584__2197,source_sentence1_english584__2197_s1.wav,reference_sentence2_gujarati11__2301_s2.wav,no,different,563,mshx6e5d-h45v7smg,,,,,,,,,,,,,,
8/6/2026,accent_dialect,6966546ad013598bf92dadea,openvoice,23,4,output_vs_sourceRef,top5,hindi19__2206,english584__2197,source_sentence1_english584__2197_s1.wav,openvoice_top5_output_sentence2_timbre-hindi19__2206__source-english584__2197__openvoice_s2.wav,no,NA,1200,mshx6v3j-ppk3veh0,,,,,,,,,,,,,,
8/6/2026,accent_dialect,63f78d9a7a3d118594efff74,openvoice,35,3,timbreRef_vs_sourceRef,top5,gujarati11__2301,english584__2197,reference_sentence1_gujarati11__2301_s1.wav,source_sentence2_english584__2197_s2.wav,no,different,774,mshx3e62-7808i0kh,,,,,,,,,,,,,,
8/6/2026,accent_dialect,671f12c5d2543b67c0f12e57,openvoice,18,3,timbreRef_vs_sourceRef,top5,gujarati13__2409,english200__667,source_sentence1_english200__667_s1.wav,reference_sentence2_gujarati13__2409_s2.wav,no,different,1618,mshx8koq-rq3ad2pa,,,,,,,,,,,,,,
8/6/2026,accent_dialect,66ccdd9f6b12c6ea6fa01f42,seed_vc,26,2,timbreRef_vs_timbreRef,bottom5,gujarati4__610,english200__667,reference_sentence1_gujarati4__610_s1.wav,reference_sentence2_gujarati4__610_s2.wav,yes,same,805,mshx22lj-u2967oxb,,,,,,,,,,,,,,
8/6/2026,accent_dialect,614dd304ed948bbfe8c22215,seed_vc,39,2,timbreRef_vs_timbreRef,top5,hindi10__1202,english200__667,reference_sentence1_hindi10__1202_s1.wav,reference_sentence2_hindi10__1202_s2.wav,yes,same,1220,mshx50cv-xkdut2r8,,,,,,,,,,,,,,
8/6/2026,accent_dialect,6a0a200efdf95c93dce00159,openvoice,39,3,timbreRef_vs_sourceRef,top5,gujarati13__2409,english200__667,reference_sentence1_gujarati13__2409_s1.wav,source_sentence2_english200__667_s2.wav,no,different,963,mshx3p6l-pwhomepm,,,,,,,,,,,,,,
8/6/2026,accent_dialect,65e681c76bbe9d2e2a43faec,openvoice,43,4,output_vs_sourceRef,top5,gujarati11__2301,english584__2197,source_sentence1_english584__2197_s1.wav,openvoice_top5_output_sentence2_timbre-gujarati11__2301__source-english584__2197__openvoice_s2.wav,yes,NA,1252,mshx341q-rjtxf289,,,,,,,,,,,,,,
8/6/2026,accent_dialect,6722ceb13a02b06603b7b285,openvoice,29,4,output_vs_sourceRef,bottom5,hindi7__867,english200__667,openvoice_bottom5_output_sentence1_timbre-hindi7__867__source-english200__667__openvoice_s1.wav,source_sentence2_english200__667_s2.wav,yes,NA,2880,mshx3lce-xrbvbazi,,,,,,,,,,,,,,
8/6/2026,accent_dialect,5f1db570f7e0002b7eb1c1dd,openvoice,31,5,sourceRef_vs_sourceRef,bottom5,gujarati7__1504,english200__667,source_sentence1_english200__667_s1.wav,source_sentence2_english200__667_s2.wav,yes,same,684,mshx6h41-0gfugvcr,,,,,,,,,,,,,,
8/6/2026,accent_dialect,664538d42f1f1e3371e3e3db,openvoice,18,1,output_vs_timbreRef,bottom5,gujarati8__1678,english200__667,reference_sentence1_gujarati8__1678_s1.wav,openvoice_bottom5_output_sentence2_timbre-gujarati8__1678__source-english200__667__openvoice_s2.wav,yes,NA,1027,mshx6vkg-3stj714d,,,,,,,,,,,,,,
8/6/2026,accent_dialect,69ff53f3401c96094c4b05ab,openvoice,2,4,output_vs_sourceRef,top5,gujarati13__2409,english200__667,openvoice_top5_output_sentence1_timbre-gujarati13__2409__source-english200__667__openvoice_s1.wav,source_sentence2_english200__667_s2.wav,no,NA,979,mshx9y75-5ymlymia,,,,,,,,,,,,,,
8/6/2026,accent_dialect,6a03c72c0c92638f0a23f54a,seed_vc,35,2,timbreRef_vs_timbreRef,bottom5,gujarati4__610,english200__667,reference_sentence1_gujarati4__610_s1.wav,reference_sentence2_gujarati4__610_s2.wav,yes,same,903,mshx4f9p-zf5dpeqz,,,,,,,,,,,,,,
8/6/2026,accent_dialect,6a14824f1c967f6a6916dee7,openvoice,39,2,timbreRef_vs_timbreRef,bottom5,gujarati8__1678,english200__667,reference_sentence1_gujarati8__1678_s1.wav,reference_sentence2_gujarati8__1678_s2.wav,yes,same,834,mshx2ok1-wcy4jqsh,,,,,,,,,,,,,,
8/6/2026,accent_dialect,663170bb631c1b3b21b7828b,openvoice,39,3,timbreRef_vs_sourceRef,bottom5,gujarati9__2041,english584__2197,source_sentence1_english584__2197_s1.wav,reference_sentence2_gujarati9__2041_s2.wav,no,different,1085,mshx34w0-idx6h6f2,,,,,,,,,,,,,,
8/6/2026,accent_dialect,69f12a486ad4ab0dbc1683df,openvoice,31,5,sourceRef_vs_sourceRef,bottom5,gujarati7__1504,english200__667,source_sentence1_english200__667_s1.wav,source_sentence2_english200__667_s2.wav,yes,same,644,mshx79un-2ikdke8q,,,,,,,,,,,,,,
8/6/2026,accent_dialect,5397a6bbfdf99b1ccc3f1219,openvoice,35,4,output_vs_sourceRef,top5,gujarati13__2409,english200__667,source_sentence1_english200__667_s1.wav,openvoice_top5_output_sentence2_timbre-gujarati13__2409__source-english200__667__openvoice_s2.wav,yes,NA,2259,mshx231r-mh0agscg,,,,,,,,,,,,,,
8/6/2026,accent_dialect,6a0b794a91737ea5a64687f5,seed_vc,41,4,output_vs_sourceRef,top5,hindi10__1202,english200__667,source_sentence1_english200__667_s1.wav,seed_vc_top5_output_sentence2_timbre-hindi10__1202__source-english200__667__seed_vc_s2.wav,no,NA,1827,mshx22pf-os1a4lzd,,,,,,,,,,,,,,
8/6/2026,accent_dialect,6a0b794a91737ea5a64687f5,seed_vc,42,1,output_vs_timbreRef,top5,gujarati16__2558,english200__667,reference_sentence1_gujarati16__2558_s1.wav,seed_vc_top5_output_sentence2_timbre-gujarati16__2558__source-english200__667__seed_vc_s2.wav,yes,NA,738,mshx22pf-os1a4lzd,,,,,,,,,,,,,,
8/6/2026,accent_dialect,5d0c10124b68150015fd5bca,seed_vc,44,4,output_vs_sourceRef,top5,hindi19__2206,english584__2197,seed_vc_top5_output_sentence1_timbre-hindi19__2206__source-english584__2197__seed_vc_s1.wav,source_sentence2_english584__2197_s2.wav,yes,NA,2286,mshx20qr-j6nfdb19,,,,,,,,,,,,,,
8/6/2026,accent_dialect,5bdf8d7eee652a0001f0999c,seed_vc,32,1,output_vs_timbreRef,top5,hindi10__1202,english200__667,reference_sentence1_hindi10__1202_s1.wav,seed_vc_top5_output_sentence2_timbre-hindi10__1202__source-english200__667__seed_vc_s2.wav,yes,NA,2787,mshx2exz-hb5k5jbj,,,,,,,,,,,,,,
8/6/2026,accent_dialect,6653ae434d386b6218f51efb,seed_vc,27,3,timbreRef_vs_sourceRef,top5,hindi19__2206,english584__2197,source_sentence1_english584__2197_s1.wav,reference_sentence2_hindi19__2206_s2.wav,no,different,1289,mshx62a8-mc5qv6aw,,,,,,,,,,,,,,
8/6/2026,accent_dialect,6a01252cc7f0d061aff61bf1,openvoice,31,2,timbreRef_vs_timbreRef,top5,gujarati13__2409,english200__667,reference_sentence1_gujarati13__2409_s1.wav,reference_sentence2_gujarati13__2409_s2.wav,yes,same,1313,mshx1626-8q6oeb6l,,,,,,,,,,,,,,
8/6/2026,accent_dialect,69e7e7545bf81637207605dd,openvoice,39,2,timbreRef_vs_timbreRef,top5,gujarati17__2824,english200__667,reference_sentence1_gujarati17__2824_s1.wav,reference_sentence2_gujarati17__2824_s2.wav,yes,same,1233,mshx6e5d-h45v7smg,,,,,,,,,,,,,,
8/6/2026,accent_dialect,671f12c5d2543b67c0f12e57,openvoice,19,3,timbreRef_vs_sourceRef,top5,hindi19__2206,english584__2197,reference_sentence1_hindi19__2206_s1.wav,source_sentence2_english584__2197_s2.wav,no,different,896,mshx8koq-rq3ad2pa,,,,,,,,,,,,,,
8/6/2026,accent_dialect,6a0a200efdf95c93dce00159,openvoice,40,3,timbreRef_vs_sourceRef,top5,hindi19__2206,english584__2197,source_sentence1_english584__2197_s1.wav,reference_sentence2_hindi19__2206_s2.wav,no,different,987,mshx3p6l-pwhomepm,,,,,,,,,,,,,,
8/6/2026,accent_dialect,65e681c76bbe9d2e2a43faec,openvoice,44,3,timbreRef_vs_sourceRef,top5,hindi13__1633,english200__667,source_sentence1_english200__667_s1.wav,reference_sentence2_hindi13__1633_s2.wav,no,different,1956,mshx341q-rjtxf289,,,,,,,,,,,,,,
8/6/2026,accent_dialect,63f78d9a7a3d118594efff74,openvoice,36,3,timbreRef_vs_sourceRef,bottom5,gujarati9__2041,english584__2197,source_sentence1_english584__2197_s1.wav,reference_sentence2_gujarati9__2041_s2.wav,no,different,882,mshx3e62-7808i0kh,,,,,,,,,,,,,,
8/6/2026,accent_dialect,5acb7b0ae1099600016acdd6,seed_vc,30,1,output_vs_timbreRef,top5,gujarati16__2558,english200__667,seed_vc_top5_output_sentence1_timbre-gujarati16__2558__source-english200__667__seed_vc_s1.wav,reference_sentence2_gujarati16__2558_s2.wav,no,NA,1211,mshx1yj8-t4xm8w61,,,,,,,,,,,,,,
8/6/2026,accent_dialect,608f2bae0ee0a74455533e4c,openvoice,18,1,output_vs_timbreRef,top5,gujarati17__2824,english200__667,reference_sentence1_gujarati17__2824_s1.wav,openvoice_top5_output_sentence2_timbre-gujarati17__2824__source-english200__667__openvoice_s2.wav,no,NA,1410,mshx6xma-jow0h9nm,,,,,,,,,,,,,,
8/6/2026,accent_dialect,69f12a486ad4ab0dbc1683df,openvoice,32,1,output_vs_timbreRef,top5,hindi13__1633,english200__667,reference_sentence1_hindi13__1633_s1.wav,openvoice_top5_output_sentence2_timbre-hindi13__1633__source-english200__667__openvoice_s2.wav,no,NA,644,mshx79un-2ikdke8q,,,,,,,,,,,,,,
8/6/2026,accent_dialect,6776bf1a71392619a43359d3,seed_vc,demographics,,,,,,,,,,,mshx2duk-nduw1k93,35–44,White American,Southeastern U.S.,English,,Male,No,,No,,ChatGPT Voice Assistant; Google Gemini Voice; Other text-to-speech software,Several times per day,6,
8/6/2026,accent_dialect,663170bb631c1b3b21b7828b,openvoice,40,4,output_vs_sourceRef,bottom5,gujarati7__1504,english200__667,source_sentence1_english200__667_s1.wav,openvoice_bottom5_output_sentence2_timbre-gujarati7__1504__source-english200__667__openvoice_s2.wav,yes,NA,933,mshx34w0-idx6h6f2,,,,,,,,,,,,,,
8/6/2026,accent_dialect,6a08b966c2858ddb629d187b,openvoice,39,6,sourceRef_vs_sourceRef_cross,NA,NA,english200__667__vs__english584__2197,source_sentence1_english200__667_s1.wav,source_sentence2_english584__2197_s2.wav,yes,same,748,mshx2jpf-rp3am65p,,,,,,,,,,,,,,
8/6/2026,accent_dialect,6678f7524c361fc66ef34d99,seed_vc,22,3,timbreRef_vs_sourceRef,bottom5,hindi26__2354,english584__2197,source_sentence1_english584__2197_s1.wav,reference_sentence2_hindi26__2354_s2.wav,no,different,965,mshx5r4e-h9yu970k,,,,,,,,,,,,,,
8/6/2026,accent_dialect,650764c3a197814ab15f8237,seed_vc,11,6,sourceRef_vs_sourceRef_cross,NA,NA,english200__667__vs__english584__2197,source_sentence1_english200__667_s1.wav,source_sentence2_english584__2197_s2.wav,yes,same,640,mshx9i4z-vauc11w3,,,,,,,,,,,,,,
8/6/2026,accent_dialect,69fce9e45d612732dd1ae4e2,seed_vc,38,3,timbreRef_vs_sourceRef,top5,gujarati16__2558,english200__667,source_sentence1_english200__667_s1.wav,reference_sentence2_gujarati16__2558_s2.wav,yes,different,889,mshx24wm-9vmufgds,,,,,,,,,,,,,,
8/6/2026,accent_dialect,69ff53f3401c96094c4b05ab,openvoice,3,4,output_vs_sourceRef,bottom5,gujarati8__1678,english200__667,source_sentence1_english200__667_s1.wav,openvoice_bottom5_output_sentence2_timbre-gujarati8__1678__source-english200__667__openvoice_s2.wav,no,NA,1229,mshx9y75-5ymlymia,,,,,,,,,,,,,,
8/6/2026,accent_dialect,610d6c481ca4797b863fe3d1,seed_vc,7,1,output_vs_timbreRef,bottom5,hindi21__2236,english584__2197,reference_sentence1_hindi21__2236_s1.wav,seed_vc_bottom5_output_sentence2_timbre-hindi21__2236__source-english584__2197__seed_vc_s2.wav,no,NA,1171,mshx5sv6-zpr5uppx,,,,,,,,,,,,,,
8/6/2026,accent_dialect,594a969df0ea1b0001558178,openvoice,36,6,sourceRef_vs_sourceRef_cross,NA,NA,english200__667__vs__english584__2197,source_sentence1_english200__667_s1.wav,source_sentence2_english584__2197_s2.wav,yes,same,361,mshx3062-tzc0d5me,,,,,,,,,,,,,,
8/6/2026,accent_dialect,671f12c5d2543b67c0f12e57,openvoice,20,4,output_vs_sourceRef,top5,gujarati17__2824,english200__667,source_sentence1_english200__667_s1.wav,openvoice_top5_output_sentence2_timbre-gujarati17__2824__source-english200__667__openvoice_s2.wav,no,NA,1309,mshx8koq-rq3ad2pa,,,,,,,,,,,,,,
8/6/2026,accent_dialect,6a01521c28d64ac367f8fa55,seed_vc,17,3,timbreRef_vs_sourceRef,top5,gujarati5__1016,english200__667,source_sentence1_english200__667_s1.wav,reference_sentence2_gujarati5__1016_s2.wav,no,different,858,mshx1ey4-vlb0kgvi,,,,,,,,,,,,,,
8/6/2026,accent_dialect,66ccdd9f6b12c6ea6fa01f42,seed_vc,28,2,timbreRef_vs_timbreRef,bottom5,hindi13__1633,english200__667,reference_sentence1_hindi13__1633_s1.wav,reference_sentence2_hindi13__1633_s2.wav,yes,same,966,mshx22lj-u2967oxb,,,,,,,,,,,,,,
8/6/2026,accent_dialect,6090578fb2299eacaec32b7a,openvoice,41,2,timbreRef_vs_timbreRef,bottom5,hindi12__1440,english200__667,reference_sentence1_hindi12__1440_s1.wav,reference_sentence2_hindi12__1440_s2.wav,yes,same,568,mshx3z6l-nazevfju,,,,,,,,,,,,,,
8/6/2026,accent_dialect,5815767b0643a600016f0e72,seed_vc,34,3,timbreRef_vs_sourceRef,bottom5,hindi26__2354,english584__2197,source_sentence1_english584__2197_s1.wav,reference_sentence2_hindi26__2354_s2.wav,no,different,3495,mshx355u-4kooh4lp,,,,,,,,,,,,,,
8/6/2026,accent_dialect,6a01252cc7f0d061aff61bf1,openvoice,32,2,timbreRef_vs_timbreRef,top5,hindi13__1633,english200__667,reference_sentence1_hindi13__1633_s1.wav,reference_sentence2_hindi13__1633_s2.wav,yes,same,1146,mshx1626-8q6oeb6l,,,,,,,,,,,,,,
8/6/2026,accent_dialect,6a08b966c2858ddb629d187b,openvoice,40,1,output_vs_timbreRef,bottom5,hindi12__1440,english200__667,openvoice_bottom5_output_sentence1_timbre-hindi12__1440__source-english200__667__openvoice_s1.wav,reference_sentence2_hindi12__1440_s2.wav,no,NA,599,mshx2jpf-rp3am65p,,,,,,,,,,,,,,
8/6/2026,accent_dialect,610d6c481ca4797b863fe3d1,seed_vc,8,3,timbreRef_vs_sourceRef,bottom5,gujarati4__610,english200__667,reference_sentence1_gujarati4__610_s1.wav,source_sentence2_english200__667_s2.wav,no,different,970,mshx5sv6-zpr5uppx,,,,,,,,,,,,,,
8/6/2026,accent_dialect,5bdf8d7eee652a0001f0999c,seed_vc,33,2,timbreRef_vs_timbreRef,bottom5,hindi13__1633,english200__667,reference_sentence1_hindi13__1633_s1.wav,reference_sentence2_hindi13__1633_s2.wav,yes,same,2226,mshx2exz-hb5k5jbj,,,,,,,,,,,,,,
8/6/2026,accent_dialect,56aa90d5638440000c8b506f,seed_vc,25,3,timbreRef_vs_sourceRef,bottom5,hindi13__1633,english200__667,source_sentence1_english200__667_s1.wav,reference_sentence2_hindi13__1633_s2.wav,no,different,3403,mshx2qtr-tbs8zybb,,,,,,,,,,,,,,
8/6/2026,accent_dialect,664538d42f1f1e3371e3e3db,openvoice,20,5,sourceRef_vs_sourceRef,bottom5,gujarati7__1504,english200__667,source_sentence1_english200__667_s1.wav,source_sentence2_english200__667_s2.wav,yes,same,967,mshx6vkg-3stj714d,,,,,,,,,,,,,,
8/6/2026,accent_dialect,698b70d95529cc75f2634783,openvoice,44,3,timbreRef_vs_sourceRef,bottom5,gujarati8__1678,english200__667,source_sentence1_english200__667_s1.wav,reference_sentence2_gujarati8__1678_s2.wav,yes,different,968,mshx1fqp-5zh159ax,,,,,,,,,,,,,,
8/6/2026,accent_dialect,6966546ad013598bf92dadea,openvoice,26,6,sourceRef_vs_sourceRef_cross,NA,NA,english200__667__vs__english584__2197,source_sentence1_english200__667_s1.wav,source_sentence2_english584__2197_s2.wav,yes,same,1630,mshx6v3j-ppk3veh0,,,,,,,,,,,,,,
8/6/2026,accent_dialect,66b123d3c5b7eea8d9120bde,openvoice,36,3,timbreRef_vs_sourceRef,top5,gujarati17__2824,english200__667,reference_sentence1_gujarati17__2824_s1.wav,source_sentence2_english200__667_s2.wav,no,different,1086,mshx2n8g-t70mhgcu,,,,,,,,,,,,,,
8/6/2026,accent_dialect,5acb7b0ae1099600016acdd6,seed_vc,31,4,output_vs_sourceRef,top5,hindi19__2206,english584__2197,seed_vc_top5_output_sentence1_timbre-hindi19__2206__source-english584__2197__seed_vc_s1.wav,source_sentence2_english584__2197_s2.wav,no,NA,844,mshx1yj8-t4xm8w61,,,,,,,,,,,,,,
8/6/2026,accent_dialect,5dceca2541afe801a32e27ac,openvoice,42,4,output_vs_sourceRef,bottom5,hindi12__1440,english200__667,openvoice_bottom5_output_sentence1_timbre-hindi12__1440__source-english200__667__openvoice_s1.wav,source_sentence2_english200__667_s2.wav,no,NA,2874,mshx1qcv-3rudfu98,,,,,,,,,,,,,,
8/6/2026,accent_dialect,608f2bae0ee0a74455533e4c,openvoice,19,5,sourceRef_vs_sourceRef,bottom5,gujarati9__2041,english584__2197,source_sentence1_english584__2197_s1.wav,source_sentence2_english584__2197_s2.wav,yes,same,1270,mshx6xma-jow0h9nm,,,,,,,,,,,,,,
8/6/2026,accent_dialect,697cd118af4b9f1235c8a580,seed_vc,demographics,,,,,,,,,,,mshx3msc-rihxiywh,35–44,Black American,Southeastern U.S.,English,,Male,No,,No,,None of the above,Less than once per week,4,
8/6/2026,accent_dialect,6a0a200efdf95c93dce00159,openvoice,41,4,output_vs_sourceRef,bottom5,gujarati7__1504,english200__667,openvoice_bottom5_output_sentence1_timbre-gujarati7__1504__source-english200__667__openvoice_s1.wav,source_sentence2_english200__667_s2.wav,yes,NA,3288,mshx3p6l-pwhomepm,,,,,,,,,,,,,,
8/6/2026,accent_dialect,69e7e7545bf81637207605dd,openvoice,41,4,output_vs_sourceRef,bottom5,gujarati7__1504,english200__667,source_sentence1_english200__667_s1.wav,openvoice_bottom5_output_sentence2_timbre-gujarati7__1504__source-english200__667__openvoice_s2.wav,yes,NA,514,mshx6e5d-h45v7smg,,,,,,,,,,,,,,
8/6/2026,accent_dialect,6a08d24b7f6eccd08cd8ca75,seed_vc,14,1,output_vs_timbreRef,bottom5,hindi21__2236,english584__2197,reference_sentence1_hindi21__2236_s1.wav,seed_vc_bottom5_output_sentence2_timbre-hindi21__2236__source-english584__2197__seed_vc_s2.wav,yes,NA,2287,mshx7crv-ahd81gjp,,,,,,,,,,,,,,
8/6/2026,accent_dialect,5d1653de3935ca001b87ff71,openvoice,19,4,output_vs_sourceRef,top5,gujarati11__2301,english584__2197,source_sentence1_english584__2197_s1.wav,openvoice_top5_output_sentence2_timbre-gujarati11__2301__source-english584__2197__openvoice_s2.wav,yes,NA,2266,mshx83ev-k9ogo00o,,,,,,,,,,,,,,
8/6/2026,accent_dialect,5815767b0643a600016f0e72,seed_vc,35,4,output_vs_sourceRef,top5,gujarati16__2558,english200__667,source_sentence1_english200__667_s1.wav,seed_vc_top5_output_sentence2_timbre-gujarati16__2558__source-english200__667__seed_vc_s2.wav,yes,NA,1287,mshx355u-4kooh4lp,,,,,,,,,,,,,,
8/6/2026,accent_dialect,6653ae434d386b6218f51efb,seed_vc,29,3,timbreRef_vs_sourceRef,top5,hindi2__587,english584__2197,source_sentence1_english584__2197_s1.wav,reference_sentence2_hindi2__587_s2.wav,no,different,1309,mshx62a8-mc5qv6aw,,,,,,,,,,,,,,
8/6/2026,accent_dialect,60d9e7e76cf2ab6d21eb5f99,openvoice,36,4,output_vs_sourceRef,top5,hindi19__2206,english584__2197,openvoice_top5_output_sentence1_timbre-hindi19__2206__source-english584__2197__openvoice_s1.wav,source_sentence2_english584__2197_s2.wav,yes,NA,2240,mshx46ny-qf3wstm7,,,,,,,,,,,,,,
8/6/2026,accent_dialect,69f12a486ad4ab0dbc1683df,openvoice,34,1,output_vs_timbreRef,top5,gujarati17__2824,english200__667,reference_sentence1_gujarati17__2824_s1.wav,openvoice_top5_output_sentence2_timbre-gujarati17__2824__source-english200__667__openvoice_s2.wav,no,NA,406,mshx79un-2ikdke8q,,,,,,,,,,,,,,
8/6/2026,accent_dialect,5bcc60b95c2b810001dc68e2,seed_vc,41,4,output_vs_sourceRef,bottom5,hindi16__1966,english584__2197,source_sentence1_english584__2197_s1.wav,seed_vc_bottom5_output_sentence2_timbre-hindi16__1966__source-english584__2197__seed_vc_s2.wav,no,NA,787,mshx1tkg-nm50v5h1,,,,,,,,,,,,,,
8/6/2026,accent_dialect,63f78d9a7a3d118594efff74,openvoice,38,3,timbreRef_vs_sourceRef,top5,gujarati17__2824,english200__667,source_sentence1_english200__667_s1.wav,reference_sentence2_gujarati17__2824_s2.wav,no,different,2730,mshx3e62-7808i0kh,,,,,,,,,,,,,,
8/6/2026,accent_dialect,6a14824f1c967f6a6916dee7,openvoice,41,4,output_vs_sourceRef,top5,gujarati11__2301,english584__2197,openvoice_top5_output_sentence1_timbre-gujarati11__2301__source-english584__2197__openvoice_s1.wav,source_sentence2_english584__2197_s2.wav,no,NA,889,mshx2ok1-wcy4jqsh,,,,,,,,,,,,,,
8/6/2026,accent_dialect,608f2bae0ee0a74455533e4c,openvoice,20,4,output_vs_sourceRef,bottom5,hindi7__867,english200__667,source_sentence1_english200__667_s1.wav,openvoice_bottom5_output_sentence2_timbre-hindi7__867__source-english200__667__openvoice_s2.wav,yes,NA,938,mshx6xma-jow0h9nm,,,,,,,,,,,,,,
8/6/2026,accent_dialect,69ff53f3401c96094c4b05ab,openvoice,4,2,timbreRef_vs_timbreRef,top5,gujarati13__2409,english200__667,reference_sentence1_gujarati13__2409_s1.wav,reference_sentence2_gujarati13__2409_s2.wav,yes,same,1106,mshx9y75-5ymlymia,,,,,,,,,,,,,,
8/6/2026,accent_dialect,6090578fb2299eacaec32b7a,openvoice,42,1,output_vs_timbreRef,bottom5,gujarati9__2041,english584__2197,reference_sentence1_gujarati9__2041_s1.wav,openvoice_bottom5_output_sentence2_timbre-gujarati9__2041__source-english584__2197__openvoice_s2.wav,no,NA,2963,mshx3z6l-nazevfju,,,,,,,,,,,,,,
8/6/2026,accent_dialect,6a0a200efdf95c93dce00159,openvoice,42,1,output_vs_timbreRef,top5,gujarati11__2301,english584__2197,openvoice_top5_output_sentence1_timbre-gujarati11__2301__source-english584__2197__openvoice_s1.wav,reference_sentence2_gujarati11__2301_s2.wav,no,NA,1245,mshx3p6l-pwhomepm,,,,,,,,,,,,,,
8/6/2026,accent_dialect,5f0a686635f72917e94c7a63,seed_vc,10,2,timbreRef_vs_timbreRef,bottom5,hindi26__2354,english584__2197,reference_sentence1_hindi26__2354_s1.wav,reference_sentence2_hindi26__2354_s2.wav,yes,same,1356,mshx5yzf-j7rekqej,,,,,,,,,,,,,,
8/6/2026,accent_dialect,6a269ff5749895f01921daf1,seed_vc,4,5,sourceRef_vs_sourceRef,bottom5,gujarati4__610,english200__667,source_sentence1_english200__667_s1.wav,source_sentence2_english200__667_s2.wav,yes,same,930,mshx6mpk-rjlfuaij,,,,,,,,,,,,,,
8/6/2026,accent_dialect,6a01521c28d64ac367f8fa55,seed_vc,18,2,timbreRef_vs_timbreRef,bottom5,gujarati4__610,english200__667,reference_sentence1_gujarati4__610_s1.wav,reference_sentence2_gujarati4__610_s2.wav,yes,same,859,mshx1ey4-vlb0kgvi,,,,,,,,,,,,,,
8/6/2026,accent_dialect,56aa90d5638440000c8b506f,seed_vc,26,1,output_vs_timbreRef,top5,gujarati16__2558,english200__667,seed_vc_top5_output_sentence1_timbre-gujarati16__2558__source-english200__667__seed_vc_s1.wav,reference_sentence2_gujarati16__2558_s2.wav,yes,NA,3543,mshx2qtr-tbs8zybb,,,,,,,,,,,,,,
8/6/2026,accent_dialect,57d0a0bee3221e00015fe385,openvoice,29,3,timbreRef_vs_sourceRef,bottom5,gujarati9__2041,english584__2197,source_sentence1_english584__2197_s1.wav,reference_sentence2_gujarati9__2041_s2.wav,no,different,457,mshx2x72-qzgbiby2,,,,,,,,,,,,,,
8/6/2026,accent_dialect,6678f7524c361fc66ef34d99,seed_vc,24,3,timbreRef_vs_sourceRef,bottom5,hindi13__1633,english200__667,source_sentence1_english200__667_s1.wav,reference_sentence2_hindi13__1633_s2.wav,no,different,1315,mshx5r4e-h9yu970k,,,,,,,,,,,,,,
8/6/2026,accent_dialect,5acb7b0ae1099600016acdd6,seed_vc,32,2,timbreRef_vs_timbreRef,top5,hindi10__1202,english200__667,reference_sentence1_hindi10__1202_s1.wav,reference_sentence2_hindi10__1202_s2.wav,yes,same,1124,mshx1yj8-t4xm8w61,,,,,,,,,,,,,,
8/6/2026,accent_dialect,6653ae434d386b6218f51efb,seed_vc,30,4,output_vs_sourceRef,top5,gujarati5__1016,english200__667,seed_vc_top5_output_sentence1_timbre-gujarati5__1016__source-english200__667__seed_vc_s1.wav,source_sentence2_english200__667_s2.wav,yes,NA,866,mshx62a8-mc5qv6aw,,,,,,,,,,,,,,
8/6/2026,accent_dialect,6a2601fe8e6d71a830c96a3d,openvoice,25,4,output_vs_sourceRef,bottom5,gujarati8__1678,english200__667,openvoice_bottom5_output_sentence1_timbre-gujarati8__1678__source-english200__667__openvoice_s1.wav,source_sentence2_english200__667_s2.wav,no,NA,1711,mshx4v2v-bp4h9c5l,,,,,,,,,,,,,,
8/6/2026,accent_dialect,69d59bb26cbbb9ca14a5eb04,seed_vc,41,2,timbreRef_vs_timbreRef,bottom5,hindi21__2236,english584__2197,reference_sentence1_hindi21__2236_s1.wav,reference_sentence2_hindi21__2236_s2.wav,yes,same,633,mshx469a-p5k8oz6g,,,,,,,,,,,,,,
8/6/2026,accent_dialect,6a01252cc7f0d061aff61bf1,openvoice,34,4,output_vs_sourceRef,top5,hindi13__1633,english200__667,source_sentence1_english200__667_s1.wav,openvoice_top5_output_sentence2_timbre-hindi13__1633__source-english200__667__openvoice_s2.wav,no,NA,914,mshx1626-8q6oeb6l,,,,,,,,,,,,,,
8/6/2026,accent_dialect,5f1db570f7e0002b7eb1c1dd,openvoice,34,4,output_vs_sourceRef,top5,gujarati13__2409,english200__667,openvoice_top5_output_sentence1_timbre-gujarati13__2409__source-english200__667__openvoice_s1.wav,source_sentence2_english200__667_s2.wav,no,NA,3893,mshx6h41-0gfugvcr,,,,,,,,,,,,,,
8/6/2026,accent_dialect,66b123d3c5b7eea8d9120bde,openvoice,37,4,output_vs_sourceRef,bottom5,gujarati9__2041,english584__2197,source_sentence1_english584__2197_s1.wav,openvoice_bottom5_output_sentence2_timbre-gujarati9__2041__source-english584__2197__openvoice_s2.wav,yes,NA,1442,mshx2n8g-t70mhgcu,,,,,,,,,,,,,,
8/6/2026,accent_dialect,5f17553ce0feb10c3dd2b16a,openvoice,39,2,timbreRef_vs_timbreRef,top5,gujarati11__2301,english584__2197,reference_sentence1_gujarati11__2301_s1.wav,reference_sentence2_gujarati11__2301_s2.wav,yes,same,1201,mshx2kqd-tgkfnjto,,,,,,,,,,,,,,
8/6/2026,accent_dialect,6a08b966c2858ddb629d187b,openvoice,41,2,timbreRef_vs_timbreRef,bottom5,gujarati9__2041,english584__2197,reference_sentence1_gujarati9__2041_s1.wav,reference_sentence2_gujarati9__2041_s2.wav,yes,same,899,mshx2jpf-rp3am65p,,,,,,,,,,,,,,
8/6/2026,accent_dialect,66ccdd9f6b12c6ea6fa01f42,seed_vc,30,1,output_vs_timbreRef,top5,hindi10__1202,english200__667,reference_sentence1_hindi10__1202_s1.wav,seed_vc_top5_output_sentence2_timbre-hindi10__1202__source-english200__667__seed_vc_s2.wav,yes,NA,501,mshx22lj-u2967oxb,,,,,,,,,,,,,,
8/6/2026,accent_dialect,671f12c5d2543b67c0f12e57,openvoice,22,1,output_vs_timbreRef,top5,gujarati11__2301,english584__2197,openvoice_top5_output_sentence1_timbre-gujarati11__2301__source-english584__2197__openvoice_s1.wav,reference_sentence2_gujarati11__2301_s2.wav,no,NA,1121,mshx8koq-rq3ad2pa,,,,,,,,,,,,,,
8/6/2026,accent_dialect,663170bb631c1b3b21b7828b,openvoice,42,4,output_vs_sourceRef,top5,hindi19__2206,english584__2197,openvoice_top5_output_sentence1_timbre-hindi19__2206__source-english584__2197__openvoice_s1.wav,source_sentence2_english584__2197_s2.wav,yes,NA,1288,mshx34w0-idx6h6f2,,,,,,,,,,,,,,
8/6/2026,accent_dialect,6678f7524c361fc66ef34d99,seed_vc,25,4,output_vs_sourceRef,bottom5,hindi21__2236,english584__2197,source_sentence1_english584__2197_s1.wav,seed_vc_bottom5_output_sentence2_timbre-hindi21__2236__source-english584__2197__seed_vc_s2.wav,no,NA,1211,mshx5r4e-h9yu970k,,,,,,,,,,,,,,
8/6/2026,accent_dialect,6943112231de947e3850dcfc,openvoice,11,5,sourceRef_vs_sourceRef,bottom5,gujarati7__1504,english200__667,source_sentence1_english200__667_s1.wav,source_sentence2_english200__667_s2.wav,yes,same,700,mshx26v3-pdvz2ca7,,,,,,,,,,,,,,
8/6/2026,accent_dialect,698a6f9a70f427ea2c5019e6,seed_vc,25,1,output_vs_timbreRef,top5,gujarati5__1016,english200__667,seed_vc_top5_output_sentence1_timbre-gujarati5__1016__source-english200__667__seed_vc_s1.wav,reference_sentence2_gujarati5__1016_s2.wav,no,NA,1623,mshx4dns-9alm2dpz,,,,,,,,,,,,,,
8/6/2026,accent_dialect,6a0a200efdf95c93dce00159,openvoice,43,4,output_vs_sourceRef,bottom5,hindi12__1440,english200__667,openvoice_bottom5_output_sentence1_timbre-hindi12__1440__source-english200__667__openvoice_s1.wav,source_sentence2_english200__667_s2.wav,yes,NA,1619,mshx3p6l-pwhomepm,,,,,,,,,,,,,,
8/6/2026,accent_dialect,57d0a0bee3221e00015fe385,openvoice,30,4,output_vs_sourceRef,bottom5,hindi7__867,english200__667,source_sentence1_english200__667_s1.wav,openvoice_bottom5_output_sentence2_timbre-hindi7__867__source-english200__667__openvoice_s2.wav,yes,NA,1328,mshx2x72-qzgbiby2,,,,,,,,,,,,,,
8/6/2026,accent_dialect,614dd304ed948bbfe8c22215,seed_vc,43,4,output_vs_sourceRef,bottom5,gujarati4__610,english200__667,source_sentence1_english200__667_s1.wav,seed_vc_bottom5_output_sentence2_timbre-gujarati4__610__source-english200__667__seed_vc_s2.wav,yes,NA,3091,mshx50cv-xkdut2r8,,,,,,,,,,,,,,
8/6/2026,accent_dialect,5acb7b0ae1099600016acdd6,seed_vc,33,2,timbreRef_vs_timbreRef,bottom5,hindi13__1633,english200__667,reference_sentence1_hindi13__1633_s1.wav,reference_sentence2_hindi13__1633_s2.wav,yes,same,2166,mshx1yj8-t4xm8w61,,,,,,,,,,,,,,
8/6/2026,accent_dialect,6090578fb2299eacaec32b7a,openvoice,44,1,output_vs_timbreRef,top5,gujarati17__2824,english200__667,reference_sentence1_gujarati17__2824_s1.wav,openvoice_top5_output_sentence2_timbre-gujarati17__2824__source-english200__667__openvoice_s2.wav,no,NA,954,mshx3z6l-nazevfju,,,,,,,,,,,,,,
8/6/2026,accent_dialect,6a01252cc7f0d061aff61bf1,openvoice,35,1,output_vs_timbreRef,bottom5,hindi7__867,english200__667,openvoice_bottom5_output_sentence1_timbre-hindi7__867__source-english200__667__openvoice_s1.wav,reference_sentence2_hindi7__867_s2.wav,yes,NA,1028,mshx1626-8q6oeb6l,,,,,,,,,,,,,,
8/6/2026,accent_dialect,5f17553ce0feb10c3dd2b16a,openvoice,40,2,timbreRef_vs_timbreRef,top5,gujarati17__2824,english200__667,reference_sentence1_gujarati17__2824_s1.wav,reference_sentence2_gujarati17__2824_s2.wav,yes,same,1406,mshx2kqd-tgkfnjto,,,,,,,,,,,,,,
8/6/2026,accent_dialect,5f1db570f7e0002b7eb1c1dd,openvoice,35,4,output_vs_sourceRef,top5,gujarati11__2301,english584__2197,source_sentence1_english584__2197_s1.wav,openvoice_top5_output_sentence2_timbre-gujarati11__2301__source-english584__2197__openvoice_s2.wav,yes,NA,1691,mshx6h41-0gfugvcr,,,,,,,,,,,,,,
8/6/2026,accent_dialect,650764c3a197814ab15f8237,seed_vc,15,3,timbreRef_vs_sourceRef,top5,gujarati5__1016,english200__667,reference_sentence1_gujarati5__1016_s1.wav,source_sentence2_english200__667_s2.wav,no,different,509,mshx9i4z-vauc11w3,,,,,,,,,,,,,,
8/6/2026,accent_dialect,698a6f9a70f427ea2c5019e6,seed_vc,26,5,sourceRef_vs_sourceRef,bottom5,gujarati4__610,english200__667,source_sentence1_english200__667_s1.wav,source_sentence2_english200__667_s2.wav,yes,same,1354,mshx4dns-9alm2dpz,,,,,,,,,,,,,,
8/6/2026,accent_dialect,6a08b966c2858ddb629d187b,openvoice,42,1,output_vs_timbreRef,bottom5,hindi7__867,english200__667,openvoice_bottom5_output_sentence1_timbre-hindi7__867__source-english200__667__openvoice_s1.wav,reference_sentence2_hindi7__867_s2.wav,no,NA,543,mshx2jpf-rp3am65p,,,,,,,,,,,,,,
8/6/2026,accent_dialect,63d023f75eaafe675b6fa5fd,seed_vc,19,2,timbreRef_vs_timbreRef,top5,hindi19__2206,english584__2197,reference_sentence1_hindi19__2206_s1.wav,reference_sentence2_hindi19__2206_s2.wav,no,same,913,mshx7x8l-33cmg89d,,,,,,,,,,,,,,
8/6/2026,accent_dialect,6722ceb13a02b06603b7b285,openvoice,31,1,output_vs_timbreRef,top5,hindi19__2206,english584__2197,reference_sentence1_hindi19__2206_s1.wav,openvoice_top5_output_sentence2_timbre-hindi19__2206__source-english584__2197__openvoice_s2.wav,yes,NA,6104,mshx3lce-xrbvbazi,,,,,,,,,,,,,,
8/6/2026,accent_dialect,6966546ad013598bf92dadea,openvoice,29,2,timbreRef_vs_timbreRef,bottom5,gujarati7__1504,english200__667,reference_sentence1_gujarati7__1504_s1.wav,reference_sentence2_gujarati7__1504_s2.wav,yes,same,720,mshx6v3j-ppk3veh0,,,,,,,,,,,,,,
8/6/2026,accent_dialect,6a01521c28d64ac367f8fa55,seed_vc,20,3,timbreRef_vs_sourceRef,bottom5,hindi16__1966,english584__2197,source_sentence1_english584__2197_s1.wav,reference_sentence2_hindi16__1966_s2.wav,no,different,984,mshx1ey4-vlb0kgvi,,,,,,,,,,,,,,
8/6/2026,accent_dialect,6a14824f1c967f6a6916dee7,openvoice,43,3,timbreRef_vs_sourceRef,bottom5,gujarati7__1504,english200__667,source_sentence1_english200__667_s1.wav,reference_sentence2_gujarati7__1504_s2.wav,no,different,833,mshx2ok1-wcy4jqsh,,,,,,,,,,,,,,
8/6/2026,accent_dialect,608f2bae0ee0a74455533e4c,openvoice,21,1,output_vs_timbreRef,top5,gujarati13__2409,english200__667,openvoice_top5_output_sentence1_timbre-gujarati13__2409__source-english200__667__openvoice_s1.wav,reference_sentence2_gujarati13__2409_s2.wav,no,NA,740,mshx6xma-jow0h9nm,,,,,,,,,,,,,,
8/6/2026,accent_dialect,69fce9e45d612732dd1ae4e2,seed_vc,41,4,output_vs_sourceRef,bottom5,hindi16__1966,english584__2197,source_sentence1_english584__2197_s1.wav,seed_vc_bottom5_output_sentence2_timbre-hindi16__1966__source-english584__2197__seed_vc_s2.wav,yes,NA,844,mshx24wm-9vmufgds,,,,,,,,,,,,,,
8/6/2026,accent_dialect,60d9e7e76cf2ab6d21eb5f99,openvoice,39,3,timbreRef_vs_sourceRef,top5,gujarati11__2301,english584__2197,reference_sentence1_gujarati11__2301_s1.wav,source_sentence2_english584__2197_s2.wav,no,different,1026,mshx46ny-qf3wstm7,,,,,,,,,,,,,,
8/6/2026,accent_dialect,594a969df0ea1b0001558178,openvoice,42,2,timbreRef_vs_timbreRef,bottom5,gujarati8__1678,english200__667,reference_sentence1_gujarati8__1678_s1.wav,reference_sentence2_gujarati8__1678_s2.wav,yes,same,383,mshx3062-tzc0d5me,,,,,,,,,,,,,,
8/6/2026,accent_dialect,6943112231de947e3850dcfc,openvoice,12,2,timbreRef_vs_timbreRef,bottom5,hindi12__1440,english200__667,reference_sentence1_hindi12__1440_s1.wav,reference_sentence2_hindi12__1440_s2.wav,yes,same,761,mshx26v3-pdvz2ca7,,,,,,,,,,,,,,
8/6/2026,accent_dialect,614dd304ed948bbfe8c22215,seed_vc,44,3,timbreRef_vs_sourceRef,top5,gujarati5__1016,english200__667,reference_sentence1_gujarati5__1016_s1.wav,source_sentence2_english200__667_s2.wav,no,different,1301,mshx50cv-xkdut2r8,,,,,,,,,,,,,,
8/6/2026,accent_dialect,650764c3a197814ab15f8237,seed_vc,16,4,output_vs_sourceRef,bottom5,hindi13__1633,english200__667,seed_vc_bottom5_output_sentence1_timbre-hindi13__1633__source-english200__667__seed_vc_s1.wav,source_sentence2_english200__667_s2.wav,no,NA,359,mshx9i4z-vauc11w3,,,,,,,,,,,,,,
8/6/2026,accent_dialect,5d1653de3935ca001b87ff71,openvoice,21,3,timbreRef_vs_sourceRef,top5,gujarati11__2301,english584__2197,source_sentence1_english584__2197_s1.wav,reference_sentence2_gujarati11__2301_s2.wav,no,different,1417,mshx83ev-k9ogo00o,,,,,,,,,,,,,,
8/6/2026,accent_dialect,6a2601fe8e6d71a830c96a3d,openvoice,26,3,timbreRef_vs_sourceRef,bottom5,hindi12__1440,english200__667,source_sentence1_english200__667_s1.wav,reference_sentence2_hindi12__1440_s2.wav,no,different,706,mshx4v2v-bp4h9c5l,,,,,,,,,,,,,,
8/6/2026,accent_dialect,66b123d3c5b7eea8d9120bde,openvoice,40,5,sourceRef_vs_sourceRef,bottom5,gujarati7__1504,english200__667,source_sentence1_english200__667_s1.wav,source_sentence2_english200__667_s2.wav,yes,same,1443,mshx2n8g-t70mhgcu,,,,,,,,,,,,,,
8/6/2026,accent_dialect,608f2bae0ee0a74455533e4c,openvoice,22,1,output_vs_timbreRef,top5,gujarati11__2301,english584__2197,reference_sentence1_gujarati11__2301_s1.wav,openvoice_top5_output_sentence2_timbre-gujarati11__2301__source-english584__2197__openvoice_s2.wav,no,NA,1232,mshx6xma-jow0h9nm,,,,,,,,,,,,,,
8/6/2026,accent_dialect,5397a6bbfdf99b1ccc3f1219,openvoice,38,4,output_vs_sourceRef,bottom5,gujarati8__1678,english200__667,openvoice_bottom5_output_sentence1_timbre-gujarati8__1678__source-english200__667__openvoice_s1.wav,source_sentence2_english200__667_s2.wav,yes,NA,9121,mshx231r-mh0agscg,,,,,,,,,,,,,,
8/6/2026,accent_dialect,67ade0c7138bc5e2f5d72575,openvoice,demographics,,,,,,,,,,,mshx2heb-jqjfwsn7,35–44,White American,Midwestern U.S.,English,,Female,No,,No,,ChatGPT Voice Assistant; Apple Siri,A few times per week,4,This was engaging and fun.
8/6/2026,accent_dialect,6a08b966c2858ddb629d187b,openvoice,43,2,timbreRef_vs_timbreRef,top5,gujarati13__2409,english200__667,reference_sentence1_gujarati13__2409_s1.wav,reference_sentence2_gujarati13__2409_s2.wav,yes,same,2699,mshx2jpf-rp3am65p,,,,,,,,,,,,,,
8/6/2026,accent_dialect,671f12c5d2543b67c0f12e57,openvoice,24,3,timbreRef_vs_sourceRef,bottom5,gujarati9__2041,english584__2197,source_sentence1_english584__2197_s1.wav,reference_sentence2_gujarati9__2041_s2.wav,no,different,2834,mshx8koq-rq3ad2pa,,,,,,,,,,,,,,
8/6/2026,accent_dialect,69fd502ade7763b4307a98af,seed_vc,22,2,timbreRef_vs_timbreRef,bottom5,hindi21__2236,english584__2197,reference_sentence1_hindi21__2236_s1.wav,reference_sentence2_hindi21__2236_s2.wav,yes,same,2598,mshx66cb-lxo41smp,,,,,,,,,,,,,,
8/6/2026,accent_dialect,6966546ad013598bf92dadea,openvoice,30,4,output_vs_sourceRef,bottom5,hindi7__867,english200__667,openvoice_bottom5_output_sentence1_timbre-hindi7__867__source-english200__667__openvoice_s1.wav,source_sentence2_english200__667_s2.wav,yes,NA,691,mshx6v3j-ppk3veh0,,,,,,,,,,,,,,
8/6/2026,accent_dialect,5bdf8d7eee652a0001f0999c,seed_vc,34,4,output_vs_sourceRef,bottom5,gujarati4__610,english200__667,seed_vc_bottom5_output_sentence1_timbre-gujarati4__610__source-english200__667__seed_vc_s1.wav,source_sentence2_english200__667_s2.wav,no,NA,5694,mshx2exz-hb5k5jbj,,,,,,,,,,,,,,
8/6/2026,accent_dialect,6a01521c28d64ac367f8fa55,seed_vc,21,2,timbreRef_vs_timbreRef,bottom5,hindi26__2354,english584__2197,reference_sentence1_hindi26__2354_s1.wav,reference_sentence2_hindi26__2354_s2.wav,yes,same,1261,mshx1ey4-vlb0kgvi,,,,,,,,,,,,,,
8/6/2026,accent_dialect,6998804cdfd462a8fab9b10f,openvoice,demographics,,,,,,,,,,,mshx38gr-2vxoggk5,45–54,White American,Southeastern U.S.,English,,Female,No,,No,,ChatGPT Voice Assistant; Google Gemini Voice; Voice-based navigation apps,A few times per week,5,
8/6/2026,accent_dialect,664538d42f1f1e3371e3e3db,openvoice,23,4,output_vs_sourceRef,top5,gujarati11__2301,english584__2197,openvoice_top5_output_sentence1_timbre-gujarati11__2301__source-english584__2197__openvoice_s1.wav,source_sentence2_english584__2197_s2.wav,yes,NA,1096,mshx6vkg-3stj714d,,,,,,,,,,,,,,
8/6/2026,accent_dialect,6a01252cc7f0d061aff61bf1,openvoice,37,3,timbreRef_vs_sourceRef,top5,hindi19__2206,english584__2197,source_sentence1_english584__2197_s1.wav,reference_sentence2_hindi19__2206_s2.wav,no,different,2760,mshx1626-8q6oeb6l,,,,,,,,,,,,,,
8/6/2026,accent_dialect,6a14824f1c967f6a6916dee7,openvoice,44,2,timbreRef_vs_timbreRef,top5,hindi13__1633,english200__667,reference_sentence1_hindi13__1633_s1.wav,reference_sentence2_hindi13__1633_s2.wav,yes,same,632,mshx2ok1-wcy4jqsh,,,,,,,,,,,,,,
8/6/2026,accent_dialect,5f17553ce0feb10c3dd2b16a,openvoice,41,1,output_vs_timbreRef,bottom5,hindi7__867,english200__667,openvoice_bottom5_output_sentence1_timbre-hindi7__867__source-english200__667__openvoice_s1.wav,reference_sentence2_hindi7__867_s2.wav,yes,NA,2542,mshx2kqd-tgkfnjto,,,,,,,,,,,,,,
8/6/2026,accent_dialect,5815767b0643a600016f0e72,seed_vc,39,2,timbreRef_vs_timbreRef,top5,hindi2__587,english584__2197,reference_sentence1_hindi2__587_s1.wav,reference_sentence2_hindi2__587_s2.wav,yes,same,1802,mshx355u-4kooh4lp,,,,,,,,,,,,,,
8/6/2026,accent_dialect,6a08b966c2858ddb629d187b,openvoice,44,1,output_vs_timbreRef,bottom5,gujarati8__1678,english200__667,openvoice_bottom5_output_sentence1_timbre-gujarati8__1678__source-english200__667__openvoice_s1.wav,reference_sentence2_gujarati8__1678_s2.wav,yes,NA,699,mshx2jpf-rp3am65p,,,,,,,,,,,,,,
8/6/2026,accent_dialect,6720c26f12695d0297414d2d,openvoice,16,2,timbreRef_vs_timbreRef,bottom5,gujarati9__2041,english584__2197,reference_sentence1_gujarati9__2041_s1.wav,reference_sentence2_gujarati9__2041_s2.wav,yes,same,618,mshx8gfb-6hep8dbg,,,,,,,,,,,,,,
8/6/2026,accent_dialect,6a03c72c0c92638f0a23f54a,seed_vc,41,1,output_vs_timbreRef,top5,hindi10__1202,english200__667,reference_sentence1_hindi10__1202_s1.wav,seed_vc_top5_output_sentence2_timbre-hindi10__1202__source-english200__667__seed_vc_s2.wav,yes,NA,696,mshx4f9p-zf5dpeqz,,,,,,,,,,,,,,
8/6/2026,accent_dialect,650764c3a197814ab15f8237,seed_vc,18,4,output_vs_sourceRef,bottom5,hindi21__2236,english584__2197,seed_vc_bottom5_output_sentence1_timbre-hindi21__2236__source-english584__2197__seed_vc_s1.wav,source_sentence2_english584__2197_s2.wav,yes,NA,462,mshx9i4z-vauc11w3,,,,,,,,,,,,,,
8/6/2026,accent_dialect,5acb7b0ae1099600016acdd6,seed_vc,34,4,output_vs_sourceRef,top5,gujarati5__1016,english200__667,source_sentence1_english200__667_s1.wav,seed_vc_top5_output_sentence2_timbre-gujarati5__1016__source-english200__667__seed_vc_s2.wav,yes,NA,3078,mshx1yj8-t4xm8w61,,,,,,,,,,,,,,
8/6/2026,accent_dialect,6653ae434d386b6218f51efb,seed_vc,32,4,output_vs_sourceRef,bottom5,hindi21__2236,english584__2197,source_sentence1_english584__2197_s1.wav,seed_vc_bottom5_output_sentence2_timbre-hindi21__2236__source-english584__2197__seed_vc_s2.wav,yes,NA,3121,mshx62a8-mc5qv6aw,,,,,,,,,,,,,,
8/6/2026,accent_dialect,610d6c481ca4797b863fe3d1,seed_vc,11,2,timbreRef_vs_timbreRef,bottom5,hindi13__1633,english200__667,reference_sentence1_hindi13__1633_s1.wav,reference_sentence2_hindi13__1633_s2.wav,yes,same,1331,mshx5sv6-zpr5uppx,,,,,,,,,,,,,,
8/6/2026,accent_dialect,67f1626e4525cfea0f0a9753,openvoice,1,1,output_vs_timbreRef,top5,gujarati17__2824,english200__667,openvoice_top5_output_sentence1_timbre-gujarati17__2824__source-english200__667__openvoice_s1.wav,reference_sentence2_gujarati17__2824_s2.wav,no,NA,1551,mshx3agb-zxol7xys,,,,,,,,,,,,,,
8/6/2026,accent_dialect,6a269ff5749895f01921daf1,seed_vc,5,3,timbreRef_vs_sourceRef,bottom5,gujarati4__610,english200__667,source_sentence1_english200__667_s1.wav,reference_sentence2_gujarati4__610_s2.wav,no,different,22435,mshx6mpk-rjlfuaij,,,,,,,,,,,,,,
8/6/2026,accent_dialect,6943112231de947e3850dcfc,openvoice,14,1,output_vs_timbreRef,bottom5,gujarati8__1678,english200__667,openvoice_bottom5_output_sentence1_timbre-gujarati8__1678__source-english200__667__openvoice_s1.wav,reference_sentence2_gujarati8__1678_s2.wav,yes,NA,1006,mshx26v3-pdvz2ca7,,,,,,,,,,,,,,
8/6/2026,accent_dialect,69eea7555d195a4d27877668,seed_vc,24,3,timbreRef_vs_sourceRef,top5,gujarati16__2558,english200__667,source_sentence1_english200__667_s1.wav,reference_sentence2_gujarati16__2558_s2.wav,no,different,5589,mshx389f-ak77uyeh,,,,,,,,,,,,,,
8/6/2026,accent_dialect,66ccdd9f6b12c6ea6fa01f42,seed_vc,33,2,timbreRef_vs_timbreRef,bottom5,hindi26__2354,english584__2197,reference_sentence1_hindi26__2354_s1.wav,reference_sentence2_hindi26__2354_s2.wav,yes,same,809,mshx22lj-u2967oxb,,,,,,,,,,,,,,
8/6/2026,accent_dialect,69f12a486ad4ab0dbc1683df,openvoice,38,1,output_vs_timbreRef,bottom5,gujarati8__1678,english200__667,reference_sentence1_gujarati8__1678_s1.wav,openvoice_bottom5_output_sentence2_timbre-gujarati8__1678__source-english200__667__openvoice_s2.wav,yes,NA,820,mshx79un-2ikdke8q,,,,,,,,,,,,,,
8/6/2026,accent_dialect,6678f7524c361fc66ef34d99,seed_vc,28,2,timbreRef_vs_timbreRef,top5,hindi19__2206,english584__2197,reference_sentence1_hindi19__2206_s1.wav,reference_sentence2_hindi19__2206_s2.wav,yes,same,3283,mshx5r4e-h9yu970k,,,,,,,,,,,,,,
8/6/2026,accent_dialect,56aa90d5638440000c8b506f,seed_vc,30,1,output_vs_timbreRef,bottom5,hindi26__2354,english584__2197,seed_vc_bottom5_output_sentence1_timbre-hindi26__2354__source-english584__2197__seed_vc_s1.wav,reference_sentence2_hindi26__2354_s2.wav,yes,NA,1311,mshx2qtr-tbs8zybb,,,,,,,,,,,,,,
8/6/2026,accent_dialect,69ff53f3401c96094c4b05ab,openvoice,6,5,sourceRef_vs_sourceRef,bottom5,gujarati7__1504,english200__667,source_sentence1_english200__667_s1.wav,source_sentence2_english200__667_s2.wav,yes,same,793,mshx9y75-5ymlymia,,,,,,,,,,,,,,
8/6/2026,accent_dialect,6720c26f12695d0297414d2d,openvoice,17,1,output_vs_timbreRef,top5,gujarati17__2824,english200__667,openvoice_top5_output_sentence1_timbre-gujarati17__2824__source-english200__667__openvoice_s1.wav,reference_sentence2_gujarati17__2824_s2.wav,no,NA,800,mshx8gfb-6hep8dbg,,,,,,,,,,,,,,
8/6/2026,accent_dialect,5acb7b0ae1099600016acdd6,seed_vc,35,1,output_vs_timbreRef,bottom5,hindi16__1966,english584__2197,reference_sentence1_hindi16__1966_s1.wav,seed_vc_bottom5_output_sentence2_timbre-hindi16__1966__source-english584__2197__seed_vc_s2.wav,no,NA,1049,mshx1yj8-t4xm8w61,,,,,,,,,,,,,,
8/6/2026,accent_dialect,5d1653de3935ca001b87ff71,openvoice,23,4,output_vs_sourceRef,top5,hindi13__1633,english200__667,openvoice_top5_output_sentence1_timbre-hindi13__1633__source-english200__667__openvoice_s1.wav,source_sentence2_english200__667_s2.wav,yes,NA,1312,mshx83ev-k9ogo00o,,,,,,,,,,,,,,
8/6/2026,accent_dialect,5f1db570f7e0002b7eb1c1dd,openvoice,38,3,timbreRef_vs_sourceRef,top5,hindi13__1633,english200__667,source_sentence1_english200__667_s1.wav,reference_sentence2_hindi13__1633_s2.wav,no,different,575,mshx6h41-0gfugvcr,,,,,,,,,,,,,,
8/6/2026,accent_dialect,650764c3a197814ab15f8237,seed_vc,19,3,timbreRef_vs_sourceRef,top5,hindi2__587,english584__2197,source_sentence1_english584__2197_s1.wav,reference_sentence2_hindi2__587_s2.wav,no,different,324,mshx9i4z-vauc11w3,,,,,,,,,,,,,,
8/6/2026,accent_dialect,66b123d3c5b7eea8d9120bde,openvoice,41,3,timbreRef_vs_sourceRef,top5,hindi13__1633,english200__667,source_sentence1_english200__667_s1.wav,reference_sentence2_hindi13__1633_s2.wav,no,different,1072,mshx2n8g-t70mhgcu,,,,,,,,,,,,,,
8/6/2026,accent_dialect,63f78d9a7a3d118594efff74,openvoice,43,3,timbreRef_vs_sourceRef,bottom5,gujarati7__1504,english200__667,reference_sentence1_gujarati7__1504_s1.wav,source_sentence2_english200__667_s2.wav,no,different,1960,mshx3e62-7808i0kh,,,,,,,,,,,,,,
8/6/2026,accent_dialect,610d6c481ca4797b863fe3d1,seed_vc,12,1,output_vs_timbreRef,top5,hindi2__587,english584__2197,reference_sentence1_hindi2__587_s1.wav,seed_vc_top5_output_sentence2_timbre-hindi2__587__source-english584__2197__seed_vc_s2.wav,yes,NA,1049,mshx5sv6-zpr5uppx,,,,,,,,,,,,,,
8/6/2026,accent_dialect,664538d42f1f1e3371e3e3db,openvoice,25,3,timbreRef_vs_sourceRef,top5,hindi13__1633,english200__667,reference_sentence1_hindi13__1633_s1.wav,source_sentence2_english200__667_s2.wav,no,different,1089,mshx6vkg-3stj714d,,,,,,,,,,,,,,
8/6/2026,accent_dialect,608f2bae0ee0a74455533e4c,openvoice,24,2,timbreRef_vs_timbreRef,bottom5,gujarati9__2041,english584__2197,reference_sentence1_gujarati9__2041_s1.wav,reference_sentence2_gujarati9__2041_s2.wav,yes,same,1313,mshx6xma-jow0h9nm,,,,,,,,,,,,,,
8/6/2026,accent_dialect,671f12c5d2543b67c0f12e57,openvoice,26,1,output_vs_timbreRef,bottom5,gujarati7__1504,english200__667,reference_sentence1_gujarati7__1504_s1.wav,openvoice_bottom5_output_sentence2_timbre-gujarati7__1504__source-english200__667__openvoice_s2.wav,no,NA,675,mshx8koq-rq3ad2pa,,,,,,,,,,,,,,
8/6/2026,accent_dialect,66ccdd9f6b12c6ea6fa01f42,seed_vc,34,3,timbreRef_vs_sourceRef,top5,gujarati16__2558,english200__667,source_sentence1_english200__667_s1.wav,reference_sentence2_gujarati16__2558_s2.wav,yes,different,3563,mshx22lj-u2967oxb,,,,,,,,,,,,,,
8/6/2026,accent_dialect,6720c26f12695d0297414d2d,openvoice,18,3,timbreRef_vs_sourceRef,bottom5,gujarati8__1678,english200__667,source_sentence1_english200__667_s1.wav,reference_sentence2_gujarati8__1678_s2.wav,yes,different,752,mshx8gfb-6hep8dbg,,,,,,,,,,,,,,
8/6/2026,accent_dialect,6a01521c28d64ac367f8fa55,seed_vc,23,4,output_vs_sourceRef,bottom5,hindi21__2236,english584__2197,seed_vc_bottom5_output_sentence1_timbre-hindi21__2236__source-english584__2197__seed_vc_s1.wav,source_sentence2_english584__2197_s2.wav,no,NA,1111,mshx1ey4-vlb0kgvi,,,,,,,,,,,,,,
8/6/2026,accent_dialect,5f1db570f7e0002b7eb1c1dd,openvoice,39,3,timbreRef_vs_sourceRef,top5,gujarati13__2409,english200__667,source_sentence1_english200__667_s1.wav,reference_sentence2_gujarati13__2409_s2.wav,no,different,515,mshx6h41-0gfugvcr,,,,,,,,,,,,,,
8/6/2026,accent_dialect,6a269ff5749895f01921daf1,seed_vc,6,4,output_vs_sourceRef,bottom5,hindi16__1966,english584__2197,source_sentence1_english584__2197_s1.wav,seed_vc_bottom5_output_sentence2_timbre-hindi16__1966__source-english584__2197__seed_vc_s2.wav,yes,NA,3152,mshx6mpk-rjlfuaij,,,,,,,,,,,,,,
8/6/2026,accent_dialect,57d0a0bee3221e00015fe385,openvoice,34,2,timbreRef_vs_timbreRef,bottom5,gujarati8__1678,english200__667,reference_sentence1_gujarati8__1678_s1.wav,reference_sentence2_gujarati8__1678_s2.wav,yes,same,840,mshx2x72-qzgbiby2,,,,,,,,,,,,,,
8/6/2026,accent_dialect,6a08d24b7f6eccd08cd8ca75,seed_vc,17,4,output_vs_sourceRef,top5,hindi2__587,english584__2197,source_sentence1_english584__2197_s1.wav,seed_vc_top5_output_sentence2_timbre-hindi2__587__source-english584__2197__seed_vc_s2.wav,yes,NA,1495,mshx7crv-ahd81gjp,,,,,,,,,,,,,,
8/6/2026,accent_dialect,5acb7b0ae1099600016acdd6,seed_vc,36,3,timbreRef_vs_sourceRef,bottom5,hindi26__2354,english584__2197,reference_sentence1_hindi26__2354_s1.wav,source_sentence2_english584__2197_s2.wav,no,different,979,mshx1yj8-t4xm8w61,,,,,,,,,,,,,,
8/6/2026,accent_dialect,650764c3a197814ab15f8237,seed_vc,20,4,output_vs_sourceRef,bottom5,gujarati4__610,english200__667,seed_vc_bottom5_output_sentence1_timbre-gujarati4__610__source-english200__667__seed_vc_s1.wav,source_sentence2_english200__667_s2.wav,no,NA,2060,mshx9i4z-vauc11w3,,,,,,,,,,,,,,
8/6/2026,accent_dialect,6a03c72c0c92638f0a23f54a,seed_vc,43,1,output_vs_timbreRef,top5,hindi19__2206,english584__2197,seed_vc_top5_output_sentence1_timbre-hindi19__2206__source-english584__2197__seed_vc_s1.wav,reference_sentence2_hindi19__2206_s2.wav,yes,NA,915,mshx4f9p-zf5dpeqz,,,,,,,,,,,,,,
8/6/2026,accent_dialect,66b123d3c5b7eea8d9120bde,openvoice,42,4,output_vs_sourceRef,top5,hindi13__1633,english200__667,source_sentence1_english200__667_s1.wav,openvoice_top5_output_sentence2_timbre-hindi13__1633__source-english200__667__openvoice_s2.wav,yes,NA,1600,mshx2n8g-t70mhgcu,,,,,,,,,,,,,,
8/6/2026,accent_dialect,5f17553ce0feb10c3dd2b16a,openvoice,43,1,output_vs_timbreRef,bottom5,hindi12__1440,english200__667,openvoice_bottom5_output_sentence1_timbre-hindi12__1440__source-english200__667__openvoice_s1.wav,reference_sentence2_hindi12__1440_s2.wav,no,NA,1460,mshx2kqd-tgkfnjto,,,,,,,,,,,,,,
8/6/2026,accent_dialect,69eea7555d195a4d27877668,seed_vc,25,5,sourceRef_vs_sourceRef,bottom5,hindi16__1966,english584__2197,source_sentence1_english584__2197_s1.wav,source_sentence2_english584__2197_s2.wav,yes,same,4486,mshx389f-ak77uyeh,,,,,,,,,,,,,,
8/6/2026,accent_dialect,60d9e7e76cf2ab6d21eb5f99,openvoice,41,3,timbreRef_vs_sourceRef,bottom5,hindi7__867,english200__667,reference_sentence1_hindi7__867_s1.wav,source_sentence2_english200__667_s2.wav,no,different,1007,mshx46ny-qf3wstm7,,,,,,,,,,,,,,
8/6/2026,accent_dialect,664538d42f1f1e3371e3e3db,openvoice,26,4,output_vs_sourceRef,bottom5,hindi7__867,english200__667,source_sentence1_english200__667_s1.wav,openvoice_bottom5_output_sentence2_timbre-hindi7__867__source-english200__667__openvoice_s2.wav,yes,NA,1020,mshx6vkg-3stj714d,,,,,,,,,,,,,,
8/6/2026,accent_dialect,6a2601fe8e6d71a830c96a3d,openvoice,31,4,output_vs_sourceRef,top5,gujarati11__2301,english584__2197,source_sentence1_english584__2197_s1.wav,openvoice_top5_output_sentence2_timbre-gujarati11__2301__source-english584__2197__openvoice_s2.wav,no,NA,880,mshx4v2v-bp4h9c5l,,,,,,,,,,,,,,
8/6/2026,accent_dialect,6653ae434d386b6218f51efb,seed_vc,34,1,output_vs_timbreRef,top5,gujarati5__1016,english200__667,seed_vc_top5_output_sentence1_timbre-gujarati5__1016__source-english200__667__seed_vc_s1.wav,reference_sentence2_gujarati5__1016_s2.wav,no,NA,893,mshx62a8-mc5qv6aw,,,,,,,,,,,,,,
8/6/2026,accent_dialect,671f12c5d2543b67c0f12e57,openvoice,27,2,timbreRef_vs_timbreRef,bottom5,gujarati8__1678,english200__667,reference_sentence1_gujarati8__1678_s1.wav,reference_sentence2_gujarati8__1678_s2.wav,yes,same,1025,mshx8koq-rq3ad2pa,,,,,,,,,,,,,,
8/6/2026,accent_dialect,5397a6bbfdf99b1ccc3f1219,openvoice,40,2,timbreRef_vs_timbreRef,top5,gujarati11__2301,english584__2197,reference_sentence1_gujarati11__2301_s1.wav,reference_sentence2_gujarati11__2301_s2.wav,yes,same,1650,mshx231r-mh0agscg,,,,,,,,,,,,,,
8/6/2026,accent_dialect,6678f7524c361fc66ef34d99,seed_vc,30,1,output_vs_timbreRef,top5,gujarati5__1016,english200__667,seed_vc_top5_output_sentence1_timbre-gujarati5__1016__source-english200__667__seed_vc_s1.wav,reference_sentence2_gujarati5__1016_s2.wav,yes,NA,978,mshx5r4e-h9yu970k,,,,,,,,,,,,,,
8/6/2026,accent_dialect,6966546ad013598bf92dadea,openvoice,33,1,output_vs_timbreRef,top5,hindi19__2206,english584__2197,reference_sentence1_hindi19__2206_s1.wav,openvoice_top5_output_sentence2_timbre-hindi19__2206__source-english584__2197__openvoice_s2.wav,no,NA,710,mshx6v3j-ppk3veh0,,,,,,,,,,,,,,
8/6/2026,accent_dialect,67f1626e4525cfea0f0a9753,openvoice,3,4,output_vs_sourceRef,bottom5,gujarati9__2041,english584__2197,openvoice_bottom5_output_sentence1_timbre-gujarati9__2041__source-english584__2197__openvoice_s1.wav,source_sentence2_english584__2197_s2.wav,yes,NA,1987,mshx3agb-zxol7xys,,,,,,,,,,,,,,
8/6/2026,accent_dialect,69f12a486ad4ab0dbc1683df,openvoice,40,3,timbreRef_vs_sourceRef,top5,hindi19__2206,english584__2197,source_sentence1_english584__2197_s1.wav,reference_sentence2_hindi19__2206_s2.wav,no,different,704,mshx79un-2ikdke8q,,,,,,,,,,,,,,
8/6/2026,accent_dialect,66b123d3c5b7eea8d9120bde,openvoice,43,4,output_vs_sourceRef,top5,gujarati17__2824,english200__667,openvoice_top5_output_sentence1_timbre-gujarati17__2824__source-english200__667__openvoice_s1.wav,source_sentence2_english200__667_s2.wav,yes,NA,932,mshx2n8g-t70mhgcu,,,,,,,,,,,,,,
8/6/2026,accent_dialect,66ccdd9f6b12c6ea6fa01f42,seed_vc,35,4,output_vs_sourceRef,bottom5,hindi21__2236,english584__2197,seed_vc_bottom5_output_sentence1_timbre-hindi21__2236__source-english584__2197__seed_vc_s1.wav,source_sentence2_english584__2197_s2.wav,no,NA,1948,mshx22lj-u2967oxb,,,,,,,,,,,,,,
8/6/2026,accent_dialect,610d6c481ca4797b863fe3d1,seed_vc,13,3,timbreRef_vs_sourceRef,top5,hindi19__2206,english584__2197,reference_sentence1_hindi19__2206_s1.wav,source_sentence2_english584__2197_s2.wav,yes,different,3147,mshx5sv6-zpr5uppx,,,,,,,,,,,,,,
8/6/2026,accent_dialect,5acb7b0ae1099600016acdd6,seed_vc,37,1,output_vs_timbreRef,top5,hindi19__2206,english584__2197,seed_vc_top5_output_sentence1_timbre-hindi19__2206__source-english584__2197__seed_vc_s1.wav,reference_sentence2_hindi19__2206_s2.wav,no,NA,1394,mshx1yj8-t4xm8w61,,,,,,,,,,,,,,
8/6/2026,accent_dialect,60d9e7e76cf2ab6d21eb5f99,openvoice,42,2,timbreRef_vs_timbreRef,top5,hindi19__2206,english584__2197,reference_sentence1_hindi19__2206_s1.wav,reference_sentence2_hindi19__2206_s2.wav,yes,same,1191,mshx46ny-qf3wstm7,,,,,,,,,,,,,,
8/6/2026,accent_dialect,6720c26f12695d0297414d2d,openvoice,20,1,output_vs_timbreRef,bottom5,hindi7__867,english200__667,reference_sentence1_hindi7__867_s1.wav,openvoice_bottom5_output_sentence2_timbre-hindi7__867__source-english200__667__openvoice_s2.wav,no,NA,427,mshx8gfb-6hep8dbg,,,,,,,,,,,,,,
8/6/2026,accent_dialect,5f0a686635f72917e94c7a63,seed_vc,13,1,output_vs_timbreRef,top5,hindi2__587,english584__2197,reference_sentence1_hindi2__587_s1.wav,seed_vc_top5_output_sentence2_timbre-hindi2__587__source-english584__2197__seed_vc_s2.wav,yes,NA,1427,mshx5yzf-j7rekqej,,,,,,,,,,,,,,
8/6/2026,accent_dialect,5f17553ce0feb10c3dd2b16a,openvoice,44,1,output_vs_timbreRef,top5,gujarati17__2824,english200__667,openvoice_top5_output_sentence1_timbre-gujarati17__2824__source-english200__667__openvoice_s1.wav,reference_sentence2_gujarati17__2824_s2.wav,no,NA,3233,mshx2kqd-tgkfnjto,,,,,,,,,,,,,,
8/6/2026,accent_dialect,6943112231de947e3850dcfc,openvoice,17,4,output_vs_sourceRef,bottom5,gujarati9__2041,english584__2197,openvoice_bottom5_output_sentence1_timbre-gujarati9__2041__source-english584__2197__openvoice_s1.wav,source_sentence2_english584__2197_s2.wav,no,NA,682,mshx26v3-pdvz2ca7,,,,,,,,,,,,,,
8/6/2026,accent_dialect,6653ae434d386b6218f51efb,seed_vc,35,3,timbreRef_vs_sourceRef,bottom5,hindi16__1966,english584__2197,source_sentence1_english584__2197_s1.wav,reference_sentence2_hindi16__1966_s2.wav,no,different,1481,mshx62a8-mc5qv6aw,,,,,,,,,,,,,,
8/6/2026,accent_dialect,608f2bae0ee0a74455533e4c,openvoice,26,2,timbreRef_vs_timbreRef,top5,gujarati17__2824,english200__667,reference_sentence1_gujarati17__2824_s1.wav,reference_sentence2_gujarati17__2824_s2.wav,yes,same,1132,mshx6xma-jow0h9nm,,,,,,,,,,,,,,
8/6/2026,accent_dialect,650764c3a197814ab15f8237,seed_vc,21,3,timbreRef_vs_sourceRef,top5,gujarati16__2558,english200__667,reference_sentence1_gujarati16__2558_s1.wav,source_sentence2_english200__667_s2.wav,no,different,520,mshx9i4z-vauc11w3,,,,,,,,,,,,,,
8/6/2026,accent_dialect,63d023f75eaafe675b6fa5fd,seed_vc,23,3,timbreRef_vs_sourceRef,top5,gujarati16__2558,english200__667,source_sentence1_english200__667_s1.wav,reference_sentence2_gujarati16__2558_s2.wav,no,different,898,mshx7x8l-33cmg89d,,,,,,,,,,,,,,
8/6/2026,accent_dialect,69fd502ade7763b4307a98af,seed_vc,25,4,output_vs_sourceRef,bottom5,hindi26__2354,english584__2197,source_sentence1_english584__2197_s1.wav,seed_vc_bottom5_output_sentence2_timbre-hindi26__2354__source-english584__2197__seed_vc_s2.wav,yes,NA,2443,mshx66cb-lxo41smp,,,,,,,,,,,,,,
8/6/2026,accent_dialect,5815767b0643a600016f0e72,seed_vc,41,3,timbreRef_vs_sourceRef,bottom5,gujarati4__610,english200__667,reference_sentence1_gujarati4__610_s1.wav,source_sentence2_english200__667_s2.wav,no,different,1109,mshx355u-4kooh4lp,,,,,,,,,,,,,,
8/6/2026,accent_dialect,6a03c72c0c92638f0a23f54a,seed_vc,44,3,timbreRef_vs_sourceRef,top5,gujarati5__1016,english200__667,reference_sentence1_gujarati5__1016_s1.wav,source_sentence2_english200__667_s2.wav,no,different,768,mshx4f9p-zf5dpeqz,,,,,,,,,,,,,,
8/6/2026,accent_dialect,6722ceb13a02b06603b7b285,openvoice,36,4,output_vs_sourceRef,top5,hindi13__1633,english200__667,openvoice_top5_output_sentence1_timbre-hindi13__1633__source-english200__667__openvoice_s1.wav,source_sentence2_english200__667_s2.wav,yes,NA,3145,mshx3lce-xrbvbazi,,,,,,,,,,,,,,
8/6/2026,accent_dialect,56aa90d5638440000c8b506f,seed_vc,32,1,output_vs_timbreRef,bottom5,hindi16__1966,english584__2197,seed_vc_bottom5_output_sentence1_timbre-hindi16__1966__source-english584__2197__seed_vc_s1.wav,reference_sentence2_hindi16__1966_s2.wav,yes,NA,957,mshx2qtr-tbs8zybb,,,,,,,,,,,,,,
8/6/2026,accent_dialect,66ccdd9f6b12c6ea6fa01f42,seed_vc,36,3,timbreRef_vs_sourceRef,top5,hindi10__1202,english200__667,source_sentence1_english200__667_s1.wav,reference_sentence2_hindi10__1202_s2.wav,yes,different,847,mshx22lj-u2967oxb,,,,,,,,,,,,,,
8/6/2026,accent_dialect,5d1653de3935ca001b87ff71,openvoice,25,1,output_vs_timbreRef,top5,gujarati17__2824,english200__667,reference_sentence1_gujarati17__2824_s1.wav,openvoice_top5_output_sentence2_timbre-gujarati17__2824__source-english200__667__openvoice_s2.wav,no,NA,851,mshx83ev-k9ogo00o,,,,,,,,,,,,,,
8/6/2026,accent_dialect,6966546ad013598bf92dadea,openvoice,34,6,sourceRef_vs_sourceRef_cross,NA,NA,english584__2197__vs__english200__667,source_sentence1_english584__2197_s1.wav,source_sentence2_english200__667_s2.wav,yes,same,2642,mshx6v3j-ppk3veh0,,,,,,,,,,,,,,
8/6/2026,accent_dialect,650764c3a197814ab15f8237,seed_vc,22,3,timbreRef_vs_sourceRef,bottom5,hindi21__2236,english584__2197,reference_sentence1_hindi21__2236_s1.wav,source_sentence2_english584__2197_s2.wav,no,different,508,mshx9i4z-vauc11w3,,,,,,,,,,,,,,
8/6/2026,accent_dialect,5acb7b0ae1099600016acdd6,seed_vc,38,6,sourceRef_vs_sourceRef_cross,NA,NA,english200__667__vs__english584__2197,source_sentence1_english200__667_s1.wav,source_sentence2_english584__2197_s2.wav,yes,same,1051,mshx1yj8-t4xm8w61,,,,,,,,,,,,,,
8/6/2026,accent_dialect,5d1653de3935ca001b87ff71,openvoice,26,1,output_vs_timbreRef,bottom5,hindi7__867,english200__667,openvoice_bottom5_output_sentence1_timbre-hindi7__867__source-english200__667__openvoice_s1.wav,reference_sentence2_hindi7__867_s2.wav,no,NA,1867,mshx83ev-k9ogo00o,,,,,,,,,,,,,,
8/6/2026,accent_dialect,610d6c481ca4797b863fe3d1,seed_vc,14,2,timbreRef_vs_timbreRef,bottom5,gujarati4__610,english200__667,reference_sentence1_gujarati4__610_s1.wav,reference_sentence2_gujarati4__610_s2.wav,yes,same,1181,mshx5sv6-zpr5uppx,,,,,,,,,,,,,,
8/6/2026,accent_dialect,6a08d24b7f6eccd08cd8ca75,seed_vc,19,2,timbreRef_vs_timbreRef,top5,hindi2__587,english584__2197,reference_sentence1_hindi2__587_s1.wav,reference_sentence2_hindi2__587_s2.wav,no,same,2830,mshx7crv-ahd81gjp,,,,,,,,,,,,,,
8/6/2026,accent_dialect,6a269ff5749895f01921daf1,seed_vc,7,3,timbreRef_vs_sourceRef,bottom5,hindi13__1633,english200__667,source_sentence1_english200__667_s1.wav,reference_sentence2_hindi13__1633_s2.wav,no,different,2002,mshx6mpk-rjlfuaij,,,,,,,,,,,,,,
8/6/2026,accent_dialect,6943112231de947e3850dcfc,openvoice,18,4,output_vs_sourceRef,top5,hindi13__1633,english200__667,source_sentence1_english200__667_s1.wav,openvoice_top5_output_sentence2_timbre-hindi13__1633__source-english200__667__openvoice_s2.wav,no,NA,1995,mshx26v3-pdvz2ca7,,,,,,,,,,,,,,
8/6/2026,accent_dialect,594a969df0ea1b0001558178,openvoice,demographics,,,,,,,,,,,mshx3062-tzc0d5me,25–34,White American,Northwestern U.S.,English,,Male,No,,No,,Amazon Alexa; Apple Siri; Voice-based navigation apps,A few times per week,5,
8/6/2026,accent_dialect,6720c26f12695d0297414d2d,openvoice,21,2,timbreRef_vs_timbreRef,top5,gujarati13__2409,english200__667,reference_sentence1_gujarati13__2409_s1.wav,reference_sentence2_gujarati13__2409_s2.wav,yes,same,500,mshx8gfb-6hep8dbg,,,,,,,,,,,,,,
8/6/2026,accent_dialect,6653ae434d386b6218f51efb,seed_vc,36,4,output_vs_sourceRef,top5,hindi19__2206,english584__2197,source_sentence1_english584__2197_s1.wav,seed_vc_top5_output_sentence2_timbre-hindi19__2206__source-english584__2197__seed_vc_s2.wav,yes,NA,1290,mshx62a8-mc5qv6aw,,,,,,,,,,,,,,
8/6/2026,accent_dialect,69ff53f3401c96094c4b05ab,openvoice,9,1,output_vs_timbreRef,bottom5,gujarati9__2041,english584__2197,openvoice_bottom5_output_sentence1_timbre-gujarati9__2041__source-english584__2197__openvoice_s1.wav,reference_sentence2_gujarati9__2041_s2.wav,yes,NA,2186,mshx9y75-5ymlymia,,,,,,,,,,,,,,
8/6/2026,accent_dialect,63d023f75eaafe675b6fa5fd,seed_vc,24,3,timbreRef_vs_sourceRef,bottom5,hindi16__1966,english584__2197,reference_sentence1_hindi16__1966_s1.wav,source_sentence2_english584__2197_s2.wav,no,different,1005,mshx7x8l-33cmg89d,,,,,,,,,,,,,,
8/6/2026,accent_dialect,69f12a486ad4ab0dbc1683df,openvoice,41,4,output_vs_sourceRef,top5,hindi13__1633,english200__667,source_sentence1_english200__667_s1.wav,openvoice_top5_output_sentence2_timbre-hindi13__1633__source-english200__667__openvoice_s2.wav,yes,NA,601,mshx79un-2ikdke8q,,,,,,,,,,,,,,
8/6/2026,accent_dialect,608f2bae0ee0a74455533e4c,openvoice,27,2,timbreRef_vs_timbreRef,bottom5,hindi7__867,english200__667,reference_sentence1_hindi7__867_s1.wav,reference_sentence2_hindi7__867_s2.wav,yes,same,1422,mshx6xma-jow0h9nm,,,,,,,,,,,,,,
8/6/2026,accent_dialect,69fd502ade7763b4307a98af,seed_vc,26,3,timbreRef_vs_sourceRef,bottom5,hindi26__2354,english584__2197,source_sentence1_english584__2197_s1.wav,reference_sentence2_hindi26__2354_s2.wav,yes,different,4603,mshx66cb-lxo41smp,,,,,,,,,,,,,,
8/6/2026,accent_dialect,5dceca2541afe801a32e27ac,openvoice,demographics,,,,,,,,,,,mshx1qcv-3rudfu98,55+,Black American,Midwestern U.S.,English,,Female,No,,No,,Google Gemini Voice; Microsoft Cortana,About once per day,4,
8/6/2026,accent_dialect,69e7e7545bf81637207605dd,openvoice,demographics,,,,,,,,,,,mshx6e5d-h45v7smg,35–44,White American,Northeastern U.S.,English,,Female,No,,No,,ChatGPT Voice Assistant; Google Gemini Voice; Amazon Alexa,Several times per day,6,
8/6/2026,accent_dialect,6a01521c28d64ac367f8fa55,seed_vc,27,3,timbreRef_vs_sourceRef,bottom5,hindi26__2354,english584__2197,reference_sentence1_hindi26__2354_s1.wav,source_sentence2_english584__2197_s2.wav,no,different,650,mshx1ey4-vlb0kgvi,,,,,,,,,,,,,,
8/6/2026,accent_dialect,5397a6bbfdf99b1ccc3f1219,openvoice,41,2,timbreRef_vs_timbreRef,bottom5,gujarati8__1678,english200__667,reference_sentence1_gujarati8__1678_s1.wav,reference_sentence2_gujarati8__1678_s2.wav,yes,same,4753,mshx231r-mh0agscg,,,,,,,,,,,,,,
8/6/2026,accent_dialect,698a6f9a70f427ea2c5019e6,seed_vc,32,3,timbreRef_vs_sourceRef,bottom5,hindi21__2236,english584__2197,source_sentence1_english584__2197_s1.wav,reference_sentence2_hindi21__2236_s2.wav,no,different,813,mshx4dns-9alm2dpz,,,,,,,,,,,,,,
8/6/2026,accent_dialect,60d9e7e76cf2ab6d21eb5f99,openvoice,44,4,output_vs_sourceRef,bottom5,hindi7__867,english200__667,source_sentence1_english200__667_s1.wav,openvoice_bottom5_output_sentence2_timbre-hindi7__867__source-english200__667__openvoice_s2.wav,yes,NA,1309,mshx46ny-qf3wstm7,,,,,,,,,,,,,,
8/6/2026,accent_dialect,650764c3a197814ab15f8237,seed_vc,23,1,output_vs_timbreRef,bottom5,hindi26__2354,english584__2197,reference_sentence1_hindi26__2354_s1.wav,seed_vc_bottom5_output_sentence2_timbre-hindi26__2354__source-english584__2197__seed_vc_s2.wav,yes,NA,532,mshx9i4z-vauc11w3,,,,,,,,,,,,,,
8/6/2026,accent_dialect,610d6c481ca4797b863fe3d1,seed_vc,15,3,timbreRef_vs_sourceRef,bottom5,hindi26__2354,english584__2197,reference_sentence1_hindi26__2354_s1.wav,source_sentence2_english584__2197_s2.wav,no,different,1078,mshx5sv6-zpr5uppx,,,,,,,,,,,,,,
8/6/2026,accent_dialect,57d0a0bee3221e00015fe385,openvoice,37,4,output_vs_sourceRef,top5,hindi19__2206,english584__2197,source_sentence1_english584__2197_s1.wav,openvoice_top5_output_sentence2_timbre-hindi19__2206__source-english584__2197__openvoice_s2.wav,no,NA,463,mshx2x72-qzgbiby2,,,,,,,,,,,,,,
8/6/2026,accent_dialect,69f12a486ad4ab0dbc1683df,openvoice,42,4,output_vs_sourceRef,bottom5,gujarati8__1678,english200__667,openvoice_bottom5_output_sentence1_timbre-gujarati8__1678__source-english200__667__openvoice_s1.wav,source_sentence2_english200__667_s2.wav,yes,NA,629,mshx79un-2ikdke8q,,,,,,,,,,,,,,
8/6/2026,accent_dialect,6653ae434d386b6218f51efb,seed_vc,37,2,timbreRef_vs_timbreRef,bottom5,hindi13__1633,english200__667,reference_sentence1_hindi13__1633_s1.wav,reference_sentence2_hindi13__1633_s2.wav,yes,same,1216,mshx62a8-mc5qv6aw,,,,,,,,,,,,,,
8/6/2026,accent_dialect,63d023f75eaafe675b6fa5fd,seed_vc,25,4,output_vs_sourceRef,bottom5,hindi13__1633,english200__667,seed_vc_bottom5_output_sentence1_timbre-hindi13__1633__source-english200__667__seed_vc_s1.wav,source_sentence2_english200__667_s2.wav,yes,NA,1009,mshx7x8l-33cmg89d,,,,,,,,,,,,,,
8/6/2026,accent_dialect,5815767b0643a600016f0e72,seed_vc,43,4,output_vs_sourceRef,top5,hindi19__2206,english584__2197,source_sentence1_english584__2197_s1.wav,seed_vc_top5_output_sentence2_timbre-hindi19__2206__source-english584__2197__seed_vc_s2.wav,yes,NA,1950,mshx355u-4kooh4lp,,,,,,,,,,,,,,
8/6/2026,accent_dialect,6720c26f12695d0297414d2d,openvoice,22,4,output_vs_sourceRef,bottom5,hindi12__1440,english200__667,source_sentence1_english200__667_s1.wav,openvoice_bottom5_output_sentence2_timbre-hindi12__1440__source-english200__667__openvoice_s2.wav,yes,NA,1004,mshx8gfb-6hep8dbg,,,,,,,,,,,,,,
8/6/2026,accent_dialect,650764c3a197814ab15f8237,seed_vc,24,4,output_vs_sourceRef,bottom5,hindi26__2354,english584__2197,seed_vc_bottom5_output_sentence1_timbre-hindi26__2354__source-english584__2197__seed_vc_s1.wav,source_sentence2_english584__2197_s2.wav,no,NA,525,mshx9i4z-vauc11w3,,,,,,,,,,,,,,
8/6/2026,accent_dialect,63614ad9841a7d16ad04512a,openvoice,1,2,timbreRef_vs_timbreRef,top5,gujarati17__2824,english200__667,reference_sentence1_gujarati17__2824_s1.wav,reference_sentence2_gujarati17__2824_s2.wav,yes,same,924,mshx0qio-udtmvs7l,,,,,,,,,,,,,,
8/6/2026,accent_dialect,664538d42f1f1e3371e3e3db,openvoice,29,1,output_vs_timbreRef,top5,hindi19__2206,english584__2197,openvoice_top5_output_sentence1_timbre-hindi19__2206__source-english584__2197__openvoice_s1.wav,reference_sentence2_hindi19__2206_s2.wav,no,NA,2073,mshx6vkg-3stj714d,,,,,,,,,,,,,,
8/6/2026,accent_dialect,698a6f9a70f427ea2c5019e6,seed_vc,33,4,output_vs_sourceRef,bottom5,hindi16__1966,english584__2197,seed_vc_bottom5_output_sentence1_timbre-hindi16__1966__source-english584__2197__seed_vc_s1.wav,source_sentence2_english584__2197_s2.wav,yes,NA,886,mshx4dns-9alm2dpz,,,,,,,,,,,,,,
8/6/2026,accent_dialect,69f12a486ad4ab0dbc1683df,openvoice,43,4,output_vs_sourceRef,bottom5,hindi12__1440,english200__667,openvoice_bottom5_output_sentence1_timbre-hindi12__1440__source-english200__667__openvoice_s1.wav,source_sentence2_english200__667_s2.wav,yes,NA,432,mshx79un-2ikdke8q,,,,,,,,,,,,,,
8/6/2026,accent_dialect,6a08d24b7f6eccd08cd8ca75,seed_vc,20,2,timbreRef_vs_timbreRef,bottom5,hindi16__1966,english584__2197,reference_sentence1_hindi16__1966_s1.wav,reference_sentence2_hindi16__1966_s2.wav,no,same,1360,mshx7crv-ahd81gjp,,,,,,,,,,,,,,
8/6/2026,accent_dialect,63d023f75eaafe675b6fa5fd,seed_vc,26,2,timbreRef_vs_timbreRef,bottom5,hindi26__2354,english584__2197,reference_sentence1_hindi26__2354_s1.wav,reference_sentence2_hindi26__2354_s2.wav,yes,same,711,mshx7x8l-33cmg89d,,,,,,,,,,,,,,
8/6/2026,accent_dialect,608f2bae0ee0a74455533e4c,openvoice,28,4,output_vs_sourceRef,top5,hindi19__2206,english584__2197,source_sentence1_english584__2197_s1.wav,openvoice_top5_output_sentence2_timbre-hindi19__2206__source-english584__2197__openvoice_s2.wav,yes,NA,929,mshx6xma-jow0h9nm,,,,,,,,,,,,,,
8/6/2026,accent_dialect,6a08b966c2858ddb629d187b,openvoice,demographics,,,,,,,,,,,mshx2jpf-rp3am65p,35–44,White American,Northeastern U.S.,English,,Female,No,,No,,None of the above,Less than once per week,6,
8/6/2026,accent_dialect,5acb7b0ae1099600016acdd6,seed_vc,40,5,sourceRef_vs_sourceRef,bottom5,hindi16__1966,english584__2197,source_sentence1_english584__2197_s1.wav,source_sentence2_english584__2197_s2.wav,yes,same,1167,mshx1yj8-t4xm8w61,,,,,,,,,,,,,,
8/6/2026,accent_dialect,57d0a0bee3221e00015fe385,openvoice,38,1,output_vs_timbreRef,bottom5,gujarati9__2041,english584__2197,openvoice_bottom5_output_sentence1_timbre-gujarati9__2041__source-english584__2197__openvoice_s1.wav,reference_sentence2_gujarati9__2041_s2.wav,no,NA,556,mshx2x72-qzgbiby2,,,,,,,,,,,,,,
8/6/2026,accent_dialect,56aa90d5638440000c8b506f,seed_vc,34,2,timbreRef_vs_timbreRef,bottom5,hindi13__1633,english200__667,reference_sentence1_hindi13__1633_s1.wav,reference_sentence2_hindi13__1633_s2.wav,yes,same,1420,mshx2qtr-tbs8zybb,,,,,,,,,,,,,,
8/6/2026,accent_dialect,69fd502ade7763b4307a98af,seed_vc,27,3,timbreRef_vs_sourceRef,bottom5,hindi13__1633,english200__667,source_sentence1_english200__667_s1.wav,reference_sentence2_hindi13__1633_s2.wav,yes,different,3801,mshx66cb-lxo41smp,,,,,,,,,,,,,,
8/6/2026,accent_dialect,6a01252cc7f0d061aff61bf1,openvoice,42,3,timbreRef_vs_sourceRef,bottom5,hindi12__1440,english200__667,source_sentence1_english200__667_s1.wav,reference_sentence2_hindi12__1440_s2.wav,no,different,911,mshx1626-8q6oeb6l,,,,,,,,,,,,,,
8/6/2026,accent_dialect,6720c26f12695d0297414d2d,openvoice,23,1,output_vs_timbreRef,top5,hindi19__2206,english584__2197,reference_sentence1_hindi19__2206_s1.wav,openvoice_top5_output_sentence2_timbre-hindi19__2206__source-english584__2197__openvoice_s2.wav,yes,NA,1983,mshx8gfb-6hep8dbg,,,,,,,,,,,,,,
8/6/2026,accent_dialect,69f12a486ad4ab0dbc1683df,openvoice,44,1,output_vs_timbreRef,top5,hindi19__2206,english584__2197,reference_sentence1_hindi19__2206_s1.wav,openvoice_top5_output_sentence2_timbre-hindi19__2206__source-english584__2197__openvoice_s2.wav,yes,NA,623,mshx79un-2ikdke8q,,,,,,,,,,,,,,
8/6/2026,accent_dialect,6a01521c28d64ac367f8fa55,seed_vc,29,4,output_vs_sourceRef,top5,hindi10__1202,english200__667,source_sentence1_english200__667_s1.wav,seed_vc_top5_output_sentence2_timbre-hindi10__1202__source-english200__667__seed_vc_s2.wav,yes,NA,2076,mshx1ey4-vlb0kgvi,,,,,,,,,,,,,,
8/6/2026,accent_dialect,66ccdd9f6b12c6ea6fa01f42,seed_vc,39,3,timbreRef_vs_sourceRef,top5,gujarati5__1016,english200__667,source_sentence1_english200__667_s1.wav,reference_sentence2_gujarati5__1016_s2.wav,no,different,2602,mshx22lj-u2967oxb,,,,,,,,,,,,,,
8/6/2026,accent_dialect,6943112231de947e3850dcfc,openvoice,20,4,output_vs_sourceRef,bottom5,gujarati8__1678,english200__667,source_sentence1_english200__667_s1.wav,openvoice_bottom5_output_sentence2_timbre-gujarati8__1678__source-english200__667__openvoice_s2.wav,no,NA,4326,mshx26v3-pdvz2ca7,,,,,,,,,,,,,,
8/6/2026,accent_dialect,6a2601fe8e6d71a830c96a3d,openvoice,33,4,output_vs_sourceRef,bottom5,hindi12__1440,english200__667,openvoice_bottom5_output_sentence1_timbre-hindi12__1440__source-english200__667__openvoice_s1.wav,source_sentence2_english200__667_s2.wav,no,NA,1260,mshx4v2v-bp4h9c5l,,,,,,,,,,,,,,
8/6/2026,accent_dialect,5f1db570f7e0002b7eb1c1dd,openvoice,43,4,output_vs_sourceRef,bottom5,hindi12__1440,english200__667,source_sentence1_english200__667_s1.wav,openvoice_bottom5_output_sentence2_timbre-hindi12__1440__source-english200__667__openvoice_s2.wav,yes,NA,773,mshx6h41-0gfugvcr,,,,,,,,,,,,,,
8/6/2026,accent_dialect,63d023f75eaafe675b6fa5fd,seed_vc,27,2,timbreRef_vs_timbreRef,bottom5,hindi16__1966,english584__2197,reference_sentence1_hindi16__1966_s1.wav,reference_sentence2_hindi16__1966_s2.wav,yes,same,742,mshx7x8l-33cmg89d,,,,,,,,,,,,,,
8/6/2026,accent_dialect,63614ad9841a7d16ad04512a,openvoice,3,1,output_vs_timbreRef,bottom5,gujarati8__1678,english200__667,openvoice_bottom5_output_sentence1_timbre-gujarati8__1678__source-english200__667__openvoice_s1.wav,reference_sentence2_gujarati8__1678_s2.wav,yes,NA,527,mshx0qio-udtmvs7l,,,,,,,,,,,,,,
8/6/2026,accent_dialect,6090578fb2299eacaec32b7a,openvoice,demographics,,,,,,,,,,,mshx3z6l-nazevfju,25–34,Asian American,Southwestern U.S.,English,,Female,No,,No,,None of the above,Less than once per week,4,
8/6/2026,accent_dialect,5d1653de3935ca001b87ff71,openvoice,29,2,timbreRef_vs_timbreRef,top5,gujarati13__2409,english200__667,reference_sentence1_gujarati13__2409_s1.wav,reference_sentence2_gujarati13__2409_s2.wav,yes,same,791,mshx83ev-k9ogo00o,,,,,,,,,,,,,,
8/6/2026,accent_dialect,608f2bae0ee0a74455533e4c,openvoice,29,2,timbreRef_vs_timbreRef,bottom5,gujarati7__1504,english200__667,reference_sentence1_gujarati7__1504_s1.wav,reference_sentence2_gujarati7__1504_s2.wav,yes,same,897,mshx6xma-jow0h9nm,,,,,,,,,,,,,,
8/6/2026,accent_dialect,610d6c481ca4797b863fe3d1,seed_vc,17,4,output_vs_sourceRef,bottom5,hindi21__2236,english584__2197,source_sentence1_english584__2197_s1.wav,seed_vc_bottom5_output_sentence2_timbre-hindi21__2236__source-english584__2197__seed_vc_s2.wav,no,NA,1568,mshx5sv6-zpr5uppx,,,,,,,,,,,,,,
8/6/2026,accent_dialect,6a01252cc7f0d061aff61bf1,openvoice,41,3,timbreRef_vs_sourceRef,bottom5,gujarati8__1678,english200__667,source_sentence1_english200__667_s1.wav,reference_sentence2_gujarati8__1678_s2.wav,no,different,1115,mshx1626-8q6oeb6l,,,,,,,,,,,,,,
8/6/2026,accent_dialect,69eea7555d195a4d27877668,seed_vc,27,2,timbreRef_vs_timbreRef,top5,gujarati16__2558,english200__667,reference_sentence1_gujarati16__2558_s1.wav,reference_sentence2_gujarati16__2558_s2.wav,no,same,7958,mshx389f-ak77uyeh,,,,,,,,,,,,,,
8/6/2026,accent_dialect,67f1626e4525cfea0f0a9753,openvoice,4,2,timbreRef_vs_timbreRef,bottom5,gujarati8__1678,english200__667,reference_sentence1_gujarati8__1678_s1.wav,reference_sentence2_gujarati8__1678_s2.wav,yes,same,1610,mshx3agb-zxol7xys,,,,,,,,,,,,,,
8/6/2026,accent_dialect,69fd502ade7763b4307a98af,seed_vc,28,4,output_vs_sourceRef,bottom5,hindi21__2236,english584__2197,seed_vc_bottom5_output_sentence1_timbre-hindi21__2236__source-english584__2197__seed_vc_s1.wav,source_sentence2_english584__2197_s2.wav,yes,NA,1598,mshx66cb-lxo41smp,,,,,,,,,,,,,,
8/6/2026,accent_dialect,6653ae434d386b6218f51efb,seed_vc,39,4,output_vs_sourceRef,top5,gujarati16__2558,english200__667,seed_vc_top5_output_sentence1_timbre-gujarati16__2558__source-english200__667__seed_vc_s1.wav,source_sentence2_english200__667_s2.wav,yes,NA,1081,mshx62a8-mc5qv6aw,,,,,,,,,,,,,,
8/6/2026,accent_dialect,5397a6bbfdf99b1ccc3f1219,openvoice,42,3,timbreRef_vs_sourceRef,bottom5,gujarati8__1678,english200__667,reference_sentence1_gujarati8__1678_s1.wav,source_sentence2_english200__667_s2.wav,yes,different,8423,mshx231r-mh0agscg,,,,,,,,,,,,,,
8/6/2026,accent_dialect,664538d42f1f1e3371e3e3db,openvoice,30,2,timbreRef_vs_timbreRef,bottom5,gujarati7__1504,english200__667,reference_sentence1_gujarati7__1504_s1.wav,reference_sentence2_gujarati7__1504_s2.wav,yes,same,971,mshx6vkg-3stj714d,,,,,,,,,,,,,,
8/6/2026,accent_dialect,5f1db570f7e0002b7eb1c1dd,openvoice,44,3,timbreRef_vs_sourceRef,bottom5,gujarati9__2041,english584__2197,source_sentence1_english584__2197_s1.wav,reference_sentence2_gujarati9__2041_s2.wav,no,different,822,mshx6h41-0gfugvcr,,,,,,,,,,,,,,
8/6/2026,accent_dialect,57d0a0bee3221e00015fe385,openvoice,39,1,output_vs_timbreRef,bottom5,hindi7__867,english200__667,openvoice_bottom5_output_sentence1_timbre-hindi7__867__source-english200__667__openvoice_s1.wav,reference_sentence2_hindi7__867_s2.wav,no,NA,733,mshx2x72-qzgbiby2,,,,,,,,,,,,,,
8/6/2026,accent_dialect,5d1653de3935ca001b87ff71,openvoice,30,4,output_vs_sourceRef,top5,gujarati17__2824,english200__667,source_sentence1_english200__667_s1.wav,openvoice_top5_output_sentence2_timbre-gujarati17__2824__source-english200__667__openvoice_s2.wav,no,NA,3394,mshx83ev-k9ogo00o,,,,,,,,,,,,,,
8/6/2026,accent_dialect,6a01252cc7f0d061aff61bf1,openvoice,43,2,timbreRef_vs_timbreRef,top5,gujarati11__2301,english584__2197,reference_sentence1_gujarati11__2301_s1.wav,reference_sentence2_gujarati11__2301_s2.wav,yes,same,1443,mshx1626-8q6oeb6l,,,,,,,,,,,,,,
8/6/2026,accent_dialect,671f12c5d2543b67c0f12e57,openvoice,32,4,output_vs_sourceRef,top5,gujarati11__2301,english584__2197,source_sentence1_english584__2197_s1.wav,openvoice_top5_output_sentence2_timbre-gujarati11__2301__source-english584__2197__openvoice_s2.wav,no,NA,770,mshx8koq-rq3ad2pa,,,,,,,,,,,,,,
8/6/2026,accent_dialect,6a01521c28d64ac367f8fa55,seed_vc,30,4,output_vs_sourceRef,bottom5,hindi26__2354,english584__2197,seed_vc_bottom5_output_sentence1_timbre-hindi26__2354__source-english584__2197__seed_vc_s1.wav,source_sentence2_english584__2197_s2.wav,no,NA,5463,mshx1ey4-vlb0kgvi,,,,,,,,,,,,,,
8/6/2026,accent_dialect,5f0a686635f72917e94c7a63,seed_vc,16,4,output_vs_sourceRef,top5,hindi19__2206,english584__2197,source_sentence1_english584__2197_s1.wav,seed_vc_top5_output_sentence2_timbre-hindi19__2206__source-english584__2197__seed_vc_s2.wav,yes,NA,882,mshx5yzf-j7rekqej,,,,,,,,,,,,,,
8/6/2026,accent_dialect,663170bb631c1b3b21b7828b,openvoice,demographics,,,,,,,,,,,mshx34w0-idx6h6f2,35–44,Hispanic/Latino American,Southwestern U.S.,English,,Female,No,,No,,Google Gemini Voice; Other text-to-speech software,A few times per week,4,
8/6/2026,accent_dialect,608f2bae0ee0a74455533e4c,openvoice,30,3,timbreRef_vs_sourceRef,bottom5,gujarati7__1504,english200__667,reference_sentence1_gujarati7__1504_s1.wav,source_sentence2_english200__667_s2.wav,no,different,633,mshx6xma-jow0h9nm,,,,,,,,,,,,,,
8/6/2026,accent_dialect,6722ceb13a02b06603b7b285,openvoice,40,2,timbreRef_vs_timbreRef,top5,hindi19__2206,english584__2197,reference_sentence1_hindi19__2206_s1.wav,reference_sentence2_hindi19__2206_s2.wav,yes,same,995,mshx3lce-xrbvbazi,,,,,,,,,,,,,,
8/6/2026,accent_dialect,6653ae434d386b6218f51efb,seed_vc,40,2,timbreRef_vs_timbreRef,bottom5,hindi26__2354,english584__2197,reference_sentence1_hindi26__2354_s1.wav,reference_sentence2_hindi26__2354_s2.wav,yes,same,1086,mshx62a8-mc5qv6aw,,,,,,,,,,,,,,
8/6/2026,accent_dialect,6678f7524c361fc66ef34d99,seed_vc,33,1,output_vs_timbreRef,top5,hindi10__1202,english200__667,seed_vc_top5_output_sentence1_timbre-hindi10__1202__source-english200__667__seed_vc_s1.wav,reference_sentence2_hindi10__1202_s2.wav,yes,NA,774,mshx5r4e-h9yu970k,,,,,,,,,,,,,,
8/6/2026,accent_dialect,6943112231de947e3850dcfc,openvoice,21,3,timbreRef_vs_sourceRef,bottom5,gujarati7__1504,english200__667,source_sentence1_english200__667_s1.wav,reference_sentence2_gujarati7__1504_s2.wav,no,different,4539,mshx26v3-pdvz2ca7,,,,,,,,,,,,,,
8/6/2026,accent_dialect,69fd502ade7763b4307a98af,seed_vc,29,4,output_vs_sourceRef,top5,hindi10__1202,english200__667,source_sentence1_english200__667_s1.wav,seed_vc_top5_output_sentence2_timbre-hindi10__1202__source-english200__667__seed_vc_s2.wav,yes,NA,2328,mshx66cb-lxo41smp,,,,,,,,,,,,,,
8/6/2026,accent_dialect,69eea7555d195a4d27877668,seed_vc,28,2,timbreRef_vs_timbreRef,bottom5,hindi16__1966,english584__2197,reference_sentence1_hindi16__1966_s1.wav,reference_sentence2_hindi16__1966_s2.wav,yes,same,4499,mshx389f-ak77uyeh,,,,,,,,,,,,,,
8/6/2026,accent_dialect,5397a6bbfdf99b1ccc3f1219,openvoice,43,5,sourceRef_vs_sourceRef,bottom5,gujarati9__2041,english584__2197,source_sentence1_english584__2197_s1.wav,source_sentence2_english584__2197_s2.wav,yes,same,2588,mshx231r-mh0agscg,,,,,,,,,,,,,,
8/6/2026,accent_dialect,6a08d24b7f6eccd08cd8ca75,seed_vc,21,4,output_vs_sourceRef,top5,gujarati16__2558,english200__667,seed_vc_top5_output_sentence1_timbre-gujarati16__2558__source-english200__667__seed_vc_s1.wav,source_sentence2_english200__667_s2.wav,no,NA,724,mshx7crv-ahd81gjp,,,,,,,,,,,,,,
8/6/2026,accent_dialect,66ccdd9f6b12c6ea6fa01f42,seed_vc,41,2,timbreRef_vs_timbreRef,bottom5,hindi21__2236,english584__2197,reference_sentence1_hindi21__2236_s1.wav,reference_sentence2_hindi21__2236_s2.wav,yes,same,600,mshx22lj-u2967oxb,,,,,,,,,,,,,,
8/6/2026,accent_dialect,6a2601fe8e6d71a830c96a3d,openvoice,36,6,sourceRef_vs_sourceRef_cross,NA,NA,english200__667__vs__english584__2197,source_sentence1_english200__667_s1.wav,source_sentence2_english584__2197_s2.wav,yes,same,693,mshx4v2v-bp4h9c5l,,,,,,,,,,,,,,
8/6/2026,accent_dialect,63614ad9841a7d16ad04512a,openvoice,5,6,sourceRef_vs_sourceRef_cross,NA,NA,english200__667__vs__english584__2197,source_sentence1_english200__667_s1.wav,source_sentence2_english584__2197_s2.wav,no,same,3716,mshx0qio-udtmvs7l,,,,,,,,,,,,,,
8/6/2026,accent_dialect,671f12c5d2543b67c0f12e57,openvoice,33,2,timbreRef_vs_timbreRef,bottom5,hindi7__867,english200__667,reference_sentence1_hindi7__867_s1.wav,reference_sentence2_hindi7__867_s2.wav,yes,same,942,mshx8koq-rq3ad2pa,,,,,,,,,,,,,,
8/6/2026,accent_dialect,650764c3a197814ab15f8237,seed_vc,27,2,timbreRef_vs_timbreRef,bottom5,hindi16__1966,english584__2197,reference_sentence1_hindi16__1966_s1.wav,reference_sentence2_hindi16__1966_s2.wav,yes,same,763,mshx9i4z-vauc11w3,,,,,,,,,,,,,,
8/6/2026,accent_dialect,56aa90d5638440000c8b506f,seed_vc,36,6,sourceRef_vs_sourceRef_cross,NA,NA,english584__2197__vs__english200__667,source_sentence1_english584__2197_s1.wav,source_sentence2_english200__667_s2.wav,no,same,2268,mshx2qtr-tbs8zybb,,,,,,,,,,,,,,
8/6/2026,accent_dialect,6a01521c28d64ac367f8fa55,seed_vc,31,1,output_vs_timbreRef,top5,hindi10__1202,english200__667,seed_vc_top5_output_sentence1_timbre-hindi10__1202__source-english200__667__seed_vc_s1.wav,reference_sentence2_hindi10__1202_s2.wav,yes,NA,714,mshx1ey4-vlb0kgvi,,,,,,,,,,,,,,
8/6/2026,accent_dialect,6a269ff5749895f01921daf1,seed_vc,8,4,output_vs_sourceRef,top5,gujarati5__1016,english200__667,seed_vc_top5_output_sentence1_timbre-gujarati5__1016__source-english200__667__seed_vc_s1.wav,source_sentence2_english200__667_s2.wav,yes,NA,6146,mshx6mpk-rjlfuaij,,,,,,,,,,,,,,
8/6/2026,accent_dialect,69fd502ade7763b4307a98af,seed_vc,30,1,output_vs_timbreRef,top5,gujarati16__2558,english200__667,reference_sentence1_gujarati16__2558_s1.wav,seed_vc_top5_output_sentence2_timbre-gujarati16__2558__source-english200__667__seed_vc_s2.wav,yes,NA,1257,mshx66cb-lxo41smp,,,,,,,,,,,,,,
8/6/2026,accent_dialect,6943112231de947e3850dcfc,openvoice,22,3,timbreRef_vs_sourceRef,bottom5,hindi7__867,english200__667,source_sentence1_english200__667_s1.wav,reference_sentence2_hindi7__867_s2.wav,no,different,844,mshx26v3-pdvz2ca7,,,,,,,,,,,,,,
8/6/2026,accent_dialect,6a2601fe8e6d71a830c96a3d,openvoice,37,3,timbreRef_vs_sourceRef,top5,gujarati13__2409,english200__667,source_sentence1_english200__667_s1.wav,reference_sentence2_gujarati13__2409_s2.wav,no,different,698,mshx4v2v-bp4h9c5l,,,,,,,,,,,,,,
8/6/2026,accent_dialect,69ff53f3401c96094c4b05ab,openvoice,12,4,output_vs_sourceRef,top5,gujarati11__2301,english584__2197,openvoice_top5_output_sentence1_timbre-gujarati11__2301__source-english584__2197__openvoice_s1.wav,source_sentence2_english584__2197_s2.wav,no,NA,1272,mshx9y75-5ymlymia,,,,,,,,,,,,,,
8/6/2026,accent_dialect,6a03c72c0c92638f0a23f54a,seed_vc,demographics,,,,,,,,,,,mshx4f9p-zf5dpeqz,25–34,Hispanic/Latino American,Southwestern U.S.,English,,Male,No,,No,,None of the above,Never,1,
8/6/2026,accent_dialect,63d023f75eaafe675b6fa5fd,seed_vc,29,2,timbreRef_vs_timbreRef,bottom5,hindi13__1633,english200__667,reference_sentence1_hindi13__1633_s1.wav,reference_sentence2_hindi13__1633_s2.wav,yes,same,3162,mshx7x8l-33cmg89d,,,,,,,,,,,,,,
8/6/2026,accent_dialect,67f1626e4525cfea0f0a9753,openvoice,5,2,timbreRef_vs_timbreRef,top5,hindi19__2206,english584__2197,reference_sentence1_hindi19__2206_s1.wav,reference_sentence2_hindi19__2206_s2.wav,yes,same,1411,mshx3agb-zxol7xys,,,,,,,,,,,,,,
8/6/2026,accent_dialect,69eea7555d195a4d27877668,seed_vc,29,1,output_vs_timbreRef,bottom5,hindi21__2236,english584__2197,reference_sentence1_hindi21__2236_s1.wav,seed_vc_bottom5_output_sentence2_timbre-hindi21__2236__source-english584__2197__seed_vc_s2.wav,yes,NA,2104,mshx389f-ak77uyeh,,,,,,,,,,,,,,
8/6/2026,accent_dialect,671f12c5d2543b67c0f12e57,openvoice,34,2,timbreRef_vs_timbreRef,top5,gujarati11__2301,english584__2197,reference_sentence1_gujarati11__2301_s1.wav,reference_sentence2_gujarati11__2301_s2.wav,yes,same,490,mshx8koq-rq3ad2pa,,,,,,,,,,,,,,
8/6/2026,accent_dialect,6722ceb13a02b06603b7b285,openvoice,41,2,timbreRef_vs_timbreRef,top5,gujarati17__2824,english200__667,reference_sentence1_gujarati17__2824_s1.wav,reference_sentence2_gujarati17__2824_s2.wav,yes,same,2316,mshx3lce-xrbvbazi,,,,,,,,,,,,,,
8/6/2026,accent_dialect,6966546ad013598bf92dadea,openvoice,41,2,timbreRef_vs_timbreRef,top5,gujarati11__2301,english584__2197,reference_sentence1_gujarati11__2301_s1.wav,reference_sentence2_gujarati11__2301_s2.wav,yes,same,910,mshx6v3j-ppk3veh0,,,,,,,,,,,,,,
8/6/2026,accent_dialect,698a6f9a70f427ea2c5019e6,seed_vc,36,3,timbreRef_vs_sourceRef,top5,hindi19__2206,english584__2197,reference_sentence1_hindi19__2206_s1.wav,source_sentence2_english584__2197_s2.wav,no,different,5127,mshx4dns-9alm2dpz,,,,,,,,,,,,,,
8/6/2026,accent_dialect,5397a6bbfdf99b1ccc3f1219,openvoice,44,3,timbreRef_vs_sourceRef,top5,hindi13__1633,english200__667,source_sentence1_english200__667_s1.wav,reference_sentence2_hindi13__1633_s2.wav,no,different,850,mshx231r-mh0agscg,,,,,,,,,,,,,,
8/6/2026,accent_dialect,6a08d24b7f6eccd08cd8ca75,seed_vc,22,3,timbreRef_vs_sourceRef,top5,hindi19__2206,english584__2197,reference_sentence1_hindi19__2206_s1.wav,source_sentence2_english584__2197_s2.wav,no,different,886,mshx7crv-ahd81gjp,,,,,,,,,,,,,,
8/6/2026,accent_dialect,57d0a0bee3221e00015fe385,openvoice,42,3,timbreRef_vs_sourceRef,top5,gujarati13__2409,english200__667,reference_sentence1_gujarati13__2409_s1.wav,source_sentence2_english200__667_s2.wav,no,different,641,mshx2x72-qzgbiby2,,,,,,,,,,,,,,
8/6/2026,accent_dialect,69f12a486ad4ab0dbc1683df,openvoice,demographics,,,,,,,,,,,mshx79un-2ikdke8q,25–34,White American,Northeastern U.S.,English,,Male,No,,No,,Voice-based navigation apps,Less than once per week,4,
8/6/2026,accent_dialect,5737620867421f000d181393,openvoice,4,1,output_vs_timbreRef,bottom5,hindi7__867,english200__667,reference_sentence1_hindi7__867_s1.wav,openvoice_bottom5_output_sentence2_timbre-hindi7__867__source-english200__667__openvoice_s2.wav,no,NA,2134,mshx3ou5-sptjze1t,,,,,,,,,,,,,,
8/6/2026,accent_dialect,69ff53f3401c96094c4b05ab,openvoice,13,6,sourceRef_vs_sourceRef_cross,NA,NA,english584__2197__vs__english200__667,source_sentence1_english584__2197_s1.wav,source_sentence2_english200__667_s2.wav,no,same,1546,mshx9y75-5ymlymia,,,,,,,,,,,,,,
8/6/2026,accent_dialect,56aa90d5638440000c8b506f,seed_vc,38,1,output_vs_timbreRef,top5,gujarati5__1016,english200__667,reference_sentence1_gujarati5__1016_s1.wav,seed_vc_top5_output_sentence2_timbre-gujarati5__1016__source-english200__667__seed_vc_s2.wav,yes,NA,824,mshx2qtr-tbs8zybb,,,,,,,,,,,,,,
8/6/2026,accent_dialect,66ccdd9f6b12c6ea6fa01f42,seed_vc,43,4,output_vs_sourceRef,bottom5,hindi16__1966,english584__2197,seed_vc_bottom5_output_sentence1_timbre-hindi16__1966__source-english584__2197__seed_vc_s1.wav,source_sentence2_english584__2197_s2.wav,yes,NA,485,mshx22lj-u2967oxb,,,,,,,,,,,,,,
8/6/2026,accent_dialect,63d023f75eaafe675b6fa5fd,seed_vc,30,4,output_vs_sourceRef,top5,gujarati16__2558,english200__667,seed_vc_top5_output_sentence1_timbre-gujarati16__2558__source-english200__667__seed_vc_s1.wav,source_sentence2_english200__667_s2.wav,yes,NA,2061,mshx7x8l-33cmg89d,,,,,,,,,,,,,,
8/6/2026,accent_dialect,6a2601fe8e6d71a830c96a3d,openvoice,38,1,output_vs_timbreRef,top5,hindi13__1633,english200__667,openvoice_top5_output_sentence1_timbre-hindi13__1633__source-english200__667__openvoice_s1.wav,reference_sentence2_hindi13__1633_s2.wav,no,NA,1716,mshx4v2v-bp4h9c5l,,,,,,,,,,,,,,
8/6/2026,accent_dialect,6943112231de947e3850dcfc,openvoice,23,1,output_vs_timbreRef,top5,gujarati13__2409,english200__667,openvoice_top5_output_sentence1_timbre-gujarati13__2409__source-english200__667__openvoice_s1.wav,reference_sentence2_gujarati13__2409_s2.wav,no,NA,762,mshx26v3-pdvz2ca7,,,,,,,,,,,,,,
8/6/2026,accent_dialect,6720c26f12695d0297414d2d,openvoice,27,4,output_vs_sourceRef,bottom5,hindi7__867,english200__667,source_sentence1_english200__667_s1.wav,openvoice_bottom5_output_sentence2_timbre-hindi7__867__source-english200__667__openvoice_s2.wav,yes,NA,2687,mshx8gfb-6hep8dbg,,,,,,,,,,,,,,
8/6/2026,accent_dialect,6a08d24b7f6eccd08cd8ca75,seed_vc,23,6,sourceRef_vs_sourceRef_cross,NA,NA,english584__2197__vs__english200__667,source_sentence1_english584__2197_s1.wav,source_sentence2_english200__667_s2.wav,no,same,881,mshx7crv-ahd81gjp,,,,,,,,,,,,,,
8/6/2026,accent_dialect,57d0a0bee3221e00015fe385,openvoice,43,3,timbreRef_vs_sourceRef,bottom5,hindi12__1440,english200__667,source_sentence1_english200__667_s1.wav,reference_sentence2_hindi12__1440_s2.wav,no,different,499,mshx2x72-qzgbiby2,,,,,,,,,,,,,,
8/6/2026,accent_dialect,698a6f9a70f427ea2c5019e6,seed_vc,37,4,output_vs_sourceRef,bottom5,hindi26__2354,english584__2197,seed_vc_bottom5_output_sentence1_timbre-hindi26__2354__source-english584__2197__seed_vc_s1.wav,source_sentence2_english584__2197_s2.wav,yes,NA,1061,mshx4dns-9alm2dpz,,,,,,,,,,,,,,
8/6/2026,accent_dialect,6a01521c28d64ac367f8fa55,seed_vc,33,2,timbreRef_vs_timbreRef,bottom5,hindi16__1966,english584__2197,reference_sentence1_hindi16__1966_s1.wav,reference_sentence2_hindi16__1966_s2.wav,yes,same,632,mshx1ey4-vlb0kgvi,,,,,,,,,,,,,,
8/6/2026,accent_dialect,66ccdd9f6b12c6ea6fa01f42,seed_vc,44,5,sourceRef_vs_sourceRef,bottom5,gujarati4__610,english200__667,source_sentence1_english200__667_s1.wav,source_sentence2_english200__667_s2.wav,yes,same,508,mshx22lj-u2967oxb,,,,,,,,,,,,,,
8/6/2026,accent_dialect,5acb7b0ae1099600016acdd6,seed_vc,43,6,sourceRef_vs_sourceRef_cross,NA,NA,english584__2197__vs__english200__667,source_sentence1_english584__2197_s1.wav,source_sentence2_english200__667_s2.wav,yes,same,1583,mshx1yj8-t4xm8w61,,,,,,,,,,,,,,
8/6/2026,accent_dialect,5f0a686635f72917e94c7a63,seed_vc,17,3,timbreRef_vs_sourceRef,top5,gujarati16__2558,english200__667,source_sentence1_english200__667_s1.wav,reference_sentence2_gujarati16__2558_s2.wav,no,different,903,mshx5yzf-j7rekqej,,,,,,,,,,,,,,
8/6/2026,accent_dialect,697cac7d3bedace54477eb48,seed_vc,demographics,,,,,,,,,,,mshx1xj2-rwz9u8wm,35–44,White American,Northeastern U.S.,English,,Male,No,,No,,None of the above,Less than once per week,3,no additional comments or concerns
8/6/2026,accent_dialect,6653ae434d386b6218f51efb,seed_vc,43,1,output_vs_timbreRef,top5,hindi10__1202,english200__667,reference_sentence1_hindi10__1202_s1.wav,seed_vc_top5_output_sentence2_timbre-hindi10__1202__source-english200__667__seed_vc_s2.wav,yes,NA,1285,mshx62a8-mc5qv6aw,,,,,,,,,,,,,,
8/6/2026,accent_dialect,6966546ad013598bf92dadea,openvoice,43,3,timbreRef_vs_sourceRef,bottom5,gujarati7__1504,english200__667,reference_sentence1_gujarati7__1504_s1.wav,source_sentence2_english200__667_s2.wav,no,different,671,mshx6v3j-ppk3veh0,,,,,,,,,,,,,,
8/6/2026,accent_dialect,6722ceb13a02b06603b7b285,openvoice,43,2,timbreRef_vs_timbreRef,bottom5,gujarati8__1678,english200__667,reference_sentence1_gujarati8__1678_s1.wav,reference_sentence2_gujarati8__1678_s2.wav,yes,same,1032,mshx3lce-xrbvbazi,,,,,,,,,,,,,,
8/6/2026,accent_dialect,56aa90d5638440000c8b506f,seed_vc,39,4,output_vs_sourceRef,bottom5,hindi13__1633,english200__667,source_sentence1_english200__667_s1.wav,seed_vc_bottom5_output_sentence2_timbre-hindi13__1633__source-english200__667__seed_vc_s2.wav,no,NA,1472,mshx2qtr-tbs8zybb,,,,,,,,,,,,,,
8/6/2026,accent_dialect,57d0a0bee3221e00015fe385,openvoice,44,1,output_vs_timbreRef,top5,gujarati11__2301,english584__2197,reference_sentence1_gujarati11__2301_s1.wav,openvoice_top5_output_sentence2_timbre-gujarati11__2301__source-english584__2197__openvoice_s2.wav,no,NA,1940,mshx2x72-qzgbiby2,,,,,,,,,,,,,,
8/6/2026,accent_dialect,6a2601fe8e6d71a830c96a3d,openvoice,39,3,timbreRef_vs_sourceRef,bottom5,gujarati9__2041,english584__2197,reference_sentence1_gujarati9__2041_s1.wav,source_sentence2_english584__2197_s2.wav,no,different,2749,mshx4v2v-bp4h9c5l,,,,,,,,,,,,,,
8/6/2026,accent_dialect,6943112231de947e3850dcfc,openvoice,25,2,timbreRef_vs_timbreRef,bottom5,hindi7__867,english200__667,reference_sentence1_hindi7__867_s1.wav,reference_sentence2_hindi7__867_s2.wav,yes,same,753,mshx26v3-pdvz2ca7,,,,,,,,,,,,,,
8/6/2026,accent_dialect,67f1626e4525cfea0f0a9753,openvoice,6,4,output_vs_sourceRef,top5,gujarati13__2409,english200__667,source_sentence1_english200__667_s1.wav,openvoice_top5_output_sentence2_timbre-gujarati13__2409__source-english200__667__openvoice_s2.wav,yes,NA,1441,mshx3agb-zxol7xys,,,,,,,,,,,,,,
8/6/2026,accent_dialect,69fd502ade7763b4307a98af,seed_vc,31,2,timbreRef_vs_timbreRef,bottom5,hindi13__1633,english200__667,reference_sentence1_hindi13__1633_s1.wav,reference_sentence2_hindi13__1633_s2.wav,yes,same,1141,mshx66cb-lxo41smp,,,,,,,,,,,,,,
8/6/2026,accent_dialect,6653ae434d386b6218f51efb,seed_vc,44,3,timbreRef_vs_sourceRef,bottom5,hindi26__2354,english584__2197,reference_sentence1_hindi26__2354_s1.wav,source_sentence2_english584__2197_s2.wav,no,different,1434,mshx62a8-mc5qv6aw,,,,,,,,,,,,,,
8/6/2026,accent_dialect,6720c26f12695d0297414d2d,openvoice,29,2,timbreRef_vs_timbreRef,bottom5,hindi7__867,english200__667,reference_sentence1_hindi7__867_s1.wav,reference_sentence2_hindi7__867_s2.wav,yes,same,1368,mshx8gfb-6hep8dbg,,,,,,,,,,,,,,
8/6/2026,accent_dialect,5d1653de3935ca001b87ff71,openvoice,33,6,sourceRef_vs_sourceRef_cross,NA,NA,english584__2197__vs__english200__667,source_sentence1_english584__2197_s1.wav,source_sentence2_english200__667_s2.wav,yes,same,1270,mshx83ev-k9ogo00o,,,,,,,,,,,,,,
8/6/2026,accent_dialect,6678f7524c361fc66ef34d99,seed_vc,36,6,sourceRef_vs_sourceRef_cross,NA,NA,english200__667__vs__english584__2197,source_sentence1_english200__667_s1.wav,source_sentence2_english584__2197_s2.wav,yes,same,9855,mshx5r4e-h9yu970k,,,,,,,,,,,,,,
8/6/2026,accent_dialect,671f12c5d2543b67c0f12e57,openvoice,37,4,output_vs_sourceRef,bottom5,gujarati7__1504,english200__667,source_sentence1_english200__667_s1.wav,openvoice_bottom5_output_sentence2_timbre-gujarati7__1504__source-english200__667__openvoice_s2.wav,no,NA,625,mshx8koq-rq3ad2pa,,,,,,,,,,,,,,
8/6/2026,accent_dialect,6943112231de947e3850dcfc,openvoice,26,1,output_vs_timbreRef,bottom5,gujarati9__2041,english584__2197,reference_sentence1_gujarati9__2041_s1.wav,openvoice_bottom5_output_sentence2_timbre-gujarati9__2041__source-english584__2197__openvoice_s2.wav,no,NA,839,mshx26v3-pdvz2ca7,,,,,,,,,,,,,,
8/6/2026,accent_dialect,664538d42f1f1e3371e3e3db,openvoice,34,3,timbreRef_vs_sourceRef,top5,hindi19__2206,english584__2197,reference_sentence1_hindi19__2206_s1.wav,source_sentence2_english584__2197_s2.wav,yes,different,1089,mshx6vkg-3stj714d,,,,,,,,,,,,,,
8/6/2026,accent_dialect,6a2601fe8e6d71a830c96a3d,openvoice,40,2,timbreRef_vs_timbreRef,bottom5,gujarati9__2041,english584__2197,reference_sentence1_gujarati9__2041_s1.wav,reference_sentence2_gujarati9__2041_s2.wav,yes,same,938,mshx4v2v-bp4h9c5l,,,,,,,,,,,,,,
8/6/2026,accent_dialect,69eea7555d195a4d27877668,seed_vc,32,4,output_vs_sourceRef,bottom5,hindi26__2354,english584__2197,source_sentence1_english584__2197_s1.wav,seed_vc_bottom5_output_sentence2_timbre-hindi26__2354__source-english584__2197__seed_vc_s2.wav,yes,NA,1113,mshx389f-ak77uyeh,,,,,,,,,,,,,,
8/6/2026,accent_dialect,63d023f75eaafe675b6fa5fd,seed_vc,31,4,output_vs_sourceRef,top5,hindi19__2206,english584__2197,source_sentence1_english584__2197_s1.wav,seed_vc_top5_output_sentence2_timbre-hindi19__2206__source-english584__2197__seed_vc_s2.wav,no,NA,3754,mshx7x8l-33cmg89d,,,,,,,,,,,,,,
8/6/2026,accent_dialect,6a01521c28d64ac367f8fa55,seed_vc,35,1,output_vs_timbreRef,top5,gujarati16__2558,english200__667,seed_vc_top5_output_sentence1_timbre-gujarati16__2558__source-english200__667__seed_vc_s1.wav,reference_sentence2_gujarati16__2558_s2.wav,yes,NA,939,mshx1ey4-vlb0kgvi,,,,,,,,,,,,,,
8/6/2026,accent_dialect,698a6f9a70f427ea2c5019e6,seed_vc,39,3,timbreRef_vs_sourceRef,top5,gujarati5__1016,english200__667,source_sentence1_english200__667_s1.wav,reference_sentence2_gujarati5__1016_s2.wav,no,different,1230,mshx4dns-9alm2dpz,,,,,,,,,,,,,,
8/6/2026,accent_dialect,5f1db570f7e0002b7eb1c1dd,openvoice,demographics,,,,,,,,,,,mshx6h41-0gfugvcr,25–34,Asian American,Northeastern U.S.,English,,Female,No,,No,,None of the above,Less than once per week,2,
8/6/2026,accent_dialect,67f1626e4525cfea0f0a9753,openvoice,7,1,output_vs_timbreRef,bottom5,hindi12__1440,english200__667,openvoice_bottom5_output_sentence1_timbre-hindi12__1440__source-english200__667__openvoice_s1.wav,reference_sentence2_hindi12__1440_s2.wav,no,NA,1420,mshx3agb-zxol7xys,,,,,,,,,,,,,,
8/6/2026,accent_dialect,671f12c5d2543b67c0f12e57,openvoice,38,4,output_vs_sourceRef,bottom5,gujarati8__1678,english200__667,openvoice_bottom5_output_sentence1_timbre-gujarati8__1678__source-english200__667__openvoice_s1.wav,source_sentence2_english200__667_s2.wav,no,NA,766,mshx8koq-rq3ad2pa,,,,,,,,,,,,,,
8/6/2026,accent_dialect,56aa90d5638440000c8b506f,seed_vc,40,4,output_vs_sourceRef,top5,hindi2__587,english584__2197,source_sentence1_english584__2197_s1.wav,seed_vc_top5_output_sentence2_timbre-hindi2__587__source-english584__2197__seed_vc_s2.wav,no,NA,1519,mshx2qtr-tbs8zybb,,,,,,,,,,,,,,
8/6/2026,accent_dialect,5d1653de3935ca001b87ff71,openvoice,34,4,output_vs_sourceRef,bottom5,hindi12__1440,english200__667,source_sentence1_english200__667_s1.wav,openvoice_bottom5_output_sentence2_timbre-hindi12__1440__source-english200__667__openvoice_s2.wav,no,NA,5061,mshx83ev-k9ogo00o,,,,,,,,,,,,,,
8/6/2026,accent_dialect,63d023f75eaafe675b6fa5fd,seed_vc,32,3,timbreRef_vs_sourceRef,top5,gujarati5__1016,english200__667,reference_sentence1_gujarati5__1016_s1.wav,source_sentence2_english200__667_s2.wav,no,different,940,mshx7x8l-33cmg89d,,,,,,,,,,,,,,
8/6/2026,accent_dialect,69fd502ade7763b4307a98af,seed_vc,32,1,output_vs_timbreRef,bottom5,hindi16__1966,english584__2197,seed_vc_bottom5_output_sentence1_timbre-hindi16__1966__source-english584__2197__seed_vc_s1.wav,reference_sentence2_hindi16__1966_s2.wav,yes,NA,2006,mshx66cb-lxo41smp,,,,,,,,,,,,,,
8/6/2026,accent_dialect,698a6f9a70f427ea2c5019e6,seed_vc,40,4,output_vs_sourceRef,bottom5,hindi13__1633,english200__667,source_sentence1_english200__667_s1.wav,seed_vc_bottom5_output_sentence2_timbre-hindi13__1633__source-english200__667__seed_vc_s2.wav,yes,NA,1005,mshx4dns-9alm2dpz,,,,,,,,,,,,,,
8/6/2026,accent_dialect,610d6c481ca4797b863fe3d1,seed_vc,21,2,timbreRef_vs_timbreRef,top5,hindi10__1202,english200__667,reference_sentence1_hindi10__1202_s1.wav,reference_sentence2_hindi10__1202_s2.wav,yes,same,1622,mshx5sv6-zpr5uppx,,,,,,,,,,,,,,
8/6/2026,accent_dialect,6678f7524c361fc66ef34d99,seed_vc,38,4,output_vs_sourceRef,top5,gujarati16__2558,english200__667,source_sentence1_english200__667_s1.wav,seed_vc_top5_output_sentence2_timbre-gujarati16__2558__source-english200__667__seed_vc_s2.wav,yes,NA,1847,mshx5r4e-h9yu970k,,,,,,,,,,,,,,
8/6/2026,accent_dialect,6a01521c28d64ac367f8fa55,seed_vc,36,1,output_vs_timbreRef,bottom5,hindi16__1966,english584__2197,seed_vc_bottom5_output_sentence1_timbre-hindi16__1966__source-english584__2197__seed_vc_s1.wav,reference_sentence2_hindi16__1966_s2.wav,no,NA,777,mshx1ey4-vlb0kgvi,,,,,,,,,,,,,,
8/6/2026,accent_dialect,69ff53f3401c96094c4b05ab,openvoice,16,2,timbreRef_vs_timbreRef,bottom5,gujarati9__2041,english584__2197,reference_sentence1_gujarati9__2041_s1.wav,reference_sentence2_gujarati9__2041_s2.wav,yes,same,895,mshx9y75-5ymlymia,,,,,,,,,,,,,,
8/6/2026,accent_dialect,6966546ad013598bf92dadea,openvoice,44,2,timbreRef_vs_timbreRef,bottom5,gujarati8__1678,english200__667,reference_sentence1_gujarati8__1678_s1.wav,reference_sentence2_gujarati8__1678_s2.wav,yes,same,890,mshx6v3j-ppk3veh0,,,,,,,,,,,,,,
8/6/2026,accent_dialect,650764c3a197814ab15f8237,seed_vc,32,2,timbreRef_vs_timbreRef,bottom5,gujarati4__610,english200__667,reference_sentence1_gujarati4__610_s1.wav,reference_sentence2_gujarati4__610_s2.wav,yes,same,744,mshx9i4z-vauc11w3,,,,,,,,,,,,,,
8/6/2026,accent_dialect,671f12c5d2543b67c0f12e57,openvoice,39,1,output_vs_timbreRef,bottom5,hindi7__867,english200__667,reference_sentence1_hindi7__867_s1.wav,openvoice_bottom5_output_sentence2_timbre-hindi7__867__source-english200__667__openvoice_s2.wav,no,NA,517,mshx8koq-rq3ad2pa,,,,,,,,,,,,,,
8/6/2026,accent_dialect,5bdf8d7eee652a0001f0999c,seed_vc,37,4,output_vs_sourceRef,bottom5,hindi26__2354,english584__2197,source_sentence1_english584__2197_s1.wav,seed_vc_bottom5_output_sentence2_timbre-hindi26__2354__source-english584__2197__seed_vc_s2.wav,yes,NA,1207,mshx2exz-hb5k5jbj,,,,,,,,,,,,,,
8/6/2026,accent_dialect,69fd502ade7763b4307a98af,seed_vc,33,3,timbreRef_vs_sourceRef,top5,gujarati5__1016,english200__667,reference_sentence1_gujarati5__1016_s1.wav,source_sentence2_english200__667_s2.wav,no,different,1686,mshx66cb-lxo41smp,,,,,,,,,,,,,,
8/6/2026,accent_dialect,69eea7555d195a4d27877668,seed_vc,34,3,timbreRef_vs_sourceRef,top5,gujarati5__1016,english200__667,reference_sentence1_gujarati5__1016_s1.wav,source_sentence2_english200__667_s2.wav,no,different,868,mshx389f-ak77uyeh,,,,,,,,,,,,,,
8/6/2026,accent_dialect,5737620867421f000d181393,openvoice,6,2,timbreRef_vs_timbreRef,bottom5,gujarati8__1678,english200__667,reference_sentence1_gujarati8__1678_s1.wav,reference_sentence2_gujarati8__1678_s2.wav,yes,same,15657,mshx3ou5-sptjze1t,,,,,,,,,,,,,,
8/6/2026,accent_dialect,6943112231de947e3850dcfc,openvoice,27,2,timbreRef_vs_timbreRef,bottom5,gujarati7__1504,english200__667,reference_sentence1_gujarati7__1504_s1.wav,reference_sentence2_gujarati7__1504_s2.wav,yes,same,3337,mshx26v3-pdvz2ca7,,,,,,,,,,,,,,
8/6/2026,accent_dialect,6a01521c28d64ac367f8fa55,seed_vc,37,2,timbreRef_vs_timbreRef,top5,gujarati16__2558,english200__667,reference_sentence1_gujarati16__2558_s1.wav,reference_sentence2_gujarati16__2558_s2.wav,yes,same,732,mshx1ey4-vlb0kgvi,,,,,,,,,,,,,,
8/6/2026,accent_dialect,6678f7524c361fc66ef34d99,seed_vc,39,1,output_vs_timbreRef,top5,hindi19__2206,english584__2197,seed_vc_top5_output_sentence1_timbre-hindi19__2206__source-english584__2197__seed_vc_s1.wav,reference_sentence2_hindi19__2206_s2.wav,yes,NA,1516,mshx5r4e-h9yu970k,,,,,,,,,,,,,,
8/6/2026,accent_dialect,650764c3a197814ab15f8237,seed_vc,33,3,timbreRef_vs_sourceRef,bottom5,hindi16__1966,english584__2197,source_sentence1_english584__2197_s1.wav,reference_sentence2_hindi16__1966_s2.wav,no,different,2136,mshx9i4z-vauc11w3,,,,,,,,,,,,,,
8/6/2026,accent_dialect,5d1653de3935ca001b87ff71,openvoice,35,2,timbreRef_vs_timbreRef,top5,gujarati11__2301,english584__2197,reference_sentence1_gujarati11__2301_s1.wav,reference_sentence2_gujarati11__2301_s2.wav,yes,same,1155,mshx83ev-k9ogo00o,,,,,,,,,,,,,,
8/6/2026,accent_dialect,5815767b0643a600016f0e72,seed_vc,demographics,,,,,,,,,,,mshx355u-4kooh4lp,55+,White American,Southeastern U.S.,English,,Female,No,,No,,ChatGPT Voice Assistant; Amazon Alexa; Apple Siri; Voice-based navigation apps,About once per day,5,
8/6/2026,accent_dialect,610d6c481ca4797b863fe3d1,seed_vc,22,2,timbreRef_vs_timbreRef,bottom5,hindi16__1966,english584__2197,reference_sentence1_hindi16__1966_s1.wav,reference_sentence2_hindi16__1966_s2.wav,yes,same,1091,mshx5sv6-zpr5uppx,,,,,,,,,,,,,,
8/6/2026,accent_dialect,63d023f75eaafe675b6fa5fd,seed_vc,33,3,timbreRef_vs_sourceRef,bottom5,gujarati4__610,english200__667,source_sentence1_english200__667_s1.wav,reference_sentence2_gujarati4__610_s2.wav,no,different,1010,mshx7x8l-33cmg89d,,,,,,,,,,,,,,
8/6/2026,accent_dialect,6720c26f12695d0297414d2d,openvoice,31,3,timbreRef_vs_sourceRef,bottom5,gujarati7__1504,english200__667,source_sentence1_english200__667_s1.wav,reference_sentence2_gujarati7__1504_s2.wav,no,different,1651,mshx8gfb-6hep8dbg,,,,,,,,,,,,,,
8/6/2026,accent_dialect,56aa90d5638440000c8b506f,seed_vc,41,4,output_vs_sourceRef,top5,hindi19__2206,english584__2197,seed_vc_top5_output_sentence1_timbre-hindi19__2206__source-english584__2197__seed_vc_s1.wav,source_sentence2_english584__2197_s2.wav,no,NA,1721,mshx2qtr-tbs8zybb,,,,,,,,,,,,,,
8/6/2026,accent_dialect,610d6c481ca4797b863fe3d1,seed_vc,23,4,output_vs_sourceRef,bottom5,gujarati4__610,english200__667,source_sentence1_english200__667_s1.wav,seed_vc_bottom5_output_sentence2_timbre-gujarati4__610__source-english200__667__seed_vc_s2.wav,yes,NA,1115,mshx5sv6-zpr5uppx,,,,,,,,,,,,,,
8/6/2026,accent_dialect,6a2601fe8e6d71a830c96a3d,openvoice,42,4,output_vs_sourceRef,bottom5,hindi7__867,english200__667,openvoice_bottom5_output_sentence1_timbre-hindi7__867__source-english200__667__openvoice_s1.wav,source_sentence2_english200__667_s2.wav,yes,NA,433,mshx4v2v-bp4h9c5l,,,,,,,,,,,,,,
8/6/2026,accent_dialect,5737620867421f000d181393,openvoice,7,3,timbreRef_vs_sourceRef,bottom5,gujarati9__2041,english584__2197,reference_sentence1_gujarati9__2041_s1.wav,source_sentence2_english584__2197_s2.wav,no,different,2474,mshx3ou5-sptjze1t,,,,,,,,,,,,,,
8/6/2026,accent_dialect,69eea7555d195a4d27877668,seed_vc,35,3,timbreRef_vs_sourceRef,top5,hindi2__587,english584__2197,source_sentence1_english584__2197_s1.wav,reference_sentence2_hindi2__587_s2.wav,no,different,813,mshx389f-ak77uyeh,,,,,,,,,,,,,,
8/6/2026,accent_dialect,671f12c5d2543b67c0f12e57,openvoice,40,3,timbreRef_vs_sourceRef,top5,hindi13__1633,english200__667,source_sentence1_english200__667_s1.wav,reference_sentence2_hindi13__1633_s2.wav,no,different,879,mshx8koq-rq3ad2pa,,,,,,,,,,,,,,
8/6/2026,accent_dialect,5f0a686635f72917e94c7a63,seed_vc,19,1,output_vs_timbreRef,bottom5,hindi13__1633,english200__667,reference_sentence1_hindi13__1633_s1.wav,seed_vc_bottom5_output_sentence2_timbre-hindi13__1633__source-english200__667__seed_vc_s2.wav,no,NA,1227,mshx5yzf-j7rekqej,,,,,,,,,,,,,,
8/6/2026,accent_dialect,664538d42f1f1e3371e3e3db,openvoice,37,1,output_vs_timbreRef,top5,gujarati17__2824,english200__667,reference_sentence1_gujarati17__2824_s1.wav,openvoice_top5_output_sentence2_timbre-gujarati17__2824__source-english200__667__openvoice_s2.wav,no,NA,1049,mshx6vkg-3stj714d,,,,,,,,,,,,,,
8/6/2026,accent_dialect,650764c3a197814ab15f8237,seed_vc,34,2,timbreRef_vs_timbreRef,bottom5,hindi13__1633,english200__667,reference_sentence1_hindi13__1633_s1.wav,reference_sentence2_hindi13__1633_s2.wav,yes,same,474,mshx9i4z-vauc11w3,,,,,,,,,,,,,,
8/6/2026,accent_dialect,5d1653de3935ca001b87ff71,openvoice,36,1,output_vs_timbreRef,bottom5,gujarati8__1678,english200__667,openvoice_bottom5_output_sentence1_timbre-gujarati8__1678__source-english200__667__openvoice_s1.wav,reference_sentence2_gujarati8__1678_s2.wav,yes,NA,1144,mshx83ev-k9ogo00o,,,,,,,,,,,,,,
8/6/2026,accent_dialect,69ff53f3401c96094c4b05ab,openvoice,18,3,timbreRef_vs_sourceRef,top5,hindi19__2206,english584__2197,source_sentence1_english584__2197_s1.wav,reference_sentence2_hindi19__2206_s2.wav,no,different,1564,mshx9y75-5ymlymia,,,,,,,,,,,,,,
8/6/2026,accent_dialect,63d023f75eaafe675b6fa5fd,seed_vc,34,6,sourceRef_vs_sourceRef_cross,NA,NA,english200__667__vs__english584__2197,source_sentence1_english200__667_s1.wav,source_sentence2_english584__2197_s2.wav,yes,same,965,mshx7x8l-33cmg89d,,,,,,,,,,,,,,
8/6/2026,accent_dialect,5acb7b0ae1099600016acdd6,seed_vc,demographics,,,,,,,,,,,mshx1yj8-t4xm8w61,45–54,White American,Northeastern U.S.,English,,Male,No,,No,,None of the above,Less than once per week,4,No comments.
8/6/2026,accent_dialect,6943112231de947e3850dcfc,openvoice,29,3,timbreRef_vs_sourceRef,top5,gujarati17__2824,english200__667,source_sentence1_english200__667_s1.wav,reference_sentence2_gujarati17__2824_s2.wav,no,different,690,mshx26v3-pdvz2ca7,,,,,,,,,,,,,,
8/6/2026,accent_dialect,69fd502ade7763b4307a98af,seed_vc,34,1,output_vs_timbreRef,bottom5,gujarati4__610,english200__667,reference_sentence1_gujarati4__610_s1.wav,seed_vc_bottom5_output_sentence2_timbre-gujarati4__610__source-english200__667__seed_vc_s2.wav,yes,NA,1240,mshx66cb-lxo41smp,,,,,,,,,,,,,,
8/6/2026,accent_dialect,6678f7524c361fc66ef34d99,seed_vc,40,1,output_vs_timbreRef,bottom5,gujarati4__610,english200__667,seed_vc_bottom5_output_sentence1_timbre-gujarati4__610__source-english200__667__seed_vc_s1.wav,reference_sentence2_gujarati4__610_s2.wav,yes,NA,1544,mshx5r4e-h9yu970k,,,,,,,,,,,,,,
8/6/2026,accent_dialect,69eea7555d195a4d27877668,seed_vc,36,1,output_vs_timbreRef,bottom5,hindi16__1966,english584__2197,seed_vc_bottom5_output_sentence1_timbre-hindi16__1966__source-english584__2197__seed_vc_s1.wav,reference_sentence2_hindi16__1966_s2.wav,yes,NA,769,mshx389f-ak77uyeh,,,,,,,,,,,,,,
8/6/2026,accent_dialect,698a6f9a70f427ea2c5019e6,seed_vc,41,1,output_vs_timbreRef,top5,hindi19__2206,english584__2197,reference_sentence1_hindi19__2206_s1.wav,seed_vc_top5_output_sentence2_timbre-hindi19__2206__source-english584__2197__seed_vc_s2.wav,no,NA,7927,mshx4dns-9alm2dpz,,,,,,,,,,,,,,
8/6/2026,accent_dialect,5d1653de3935ca001b87ff71,openvoice,37,2,timbreRef_vs_timbreRef,top5,gujarati17__2824,english200__667,reference_sentence1_gujarati17__2824_s1.wav,reference_sentence2_gujarati17__2824_s2.wav,yes,same,1394,mshx83ev-k9ogo00o,,,,,,,,,,,,,,
8/6/2026,accent_dialect,6a08d24b7f6eccd08cd8ca75,seed_vc,25,3,timbreRef_vs_sourceRef,bottom5,hindi26__2354,english584__2197,source_sentence1_english584__2197_s1.wav,reference_sentence2_hindi26__2354_s2.wav,no,different,2466,mshx7crv-ahd81gjp,,,,,,,,,,,,,,
8/6/2026,accent_dialect,6a2601fe8e6d71a830c96a3d,openvoice,44,4,output_vs_sourceRef,top5,gujarati13__2409,english200__667,openvoice_top5_output_sentence1_timbre-gujarati13__2409__source-english200__667__openvoice_s1.wav,source_sentence2_english200__667_s2.wav,yes,NA,453,mshx4v2v-bp4h9c5l,,,,,,,,,,,,,,
8/6/2026,accent_dialect,610d6c481ca4797b863fe3d1,seed_vc,24,1,output_vs_timbreRef,bottom5,hindi16__1966,english584__2197,seed_vc_bottom5_output_sentence1_timbre-hindi16__1966__source-english584__2197__seed_vc_s1.wav,reference_sentence2_hindi16__1966_s2.wav,no,NA,1626,mshx5sv6-zpr5uppx,,,,,,,,,,,,,,
8/6/2026,accent_dialect,664538d42f1f1e3371e3e3db,openvoice,38,1,output_vs_timbreRef,top5,hindi13__1633,english200__667,reference_sentence1_hindi13__1633_s1.wav,openvoice_top5_output_sentence2_timbre-hindi13__1633__source-english200__667__openvoice_s2.wav,no,NA,966,mshx6vkg-3stj714d,,,,,,,,,,,,,,
8/6/2026,accent_dialect,63d023f75eaafe675b6fa5fd,seed_vc,35,1,output_vs_timbreRef,top5,hindi10__1202,english200__667,reference_sentence1_hindi10__1202_s1.wav,seed_vc_top5_output_sentence2_timbre-hindi10__1202__source-english200__667__seed_vc_s2.wav,yes,NA,902,mshx7x8l-33cmg89d,,,,,,,,,,,,,,
8/6/2026,accent_dialect,5737620867421f000d181393,openvoice,8,3,timbreRef_vs_sourceRef,bottom5,hindi7__867,english200__667,source_sentence1_english200__667_s1.wav,reference_sentence2_hindi7__867_s2.wav,no,different,1811,mshx3ou5-sptjze1t,,,,,,,,,,,,,,
8/6/2026,accent_dialect,69ff53f3401c96094c4b05ab,openvoice,19,2,timbreRef_vs_timbreRef,top5,gujarati17__2824,english200__667,reference_sentence1_gujarati17__2824_s1.wav,reference_sentence2_gujarati17__2824_s2.wav,yes,same,4204,mshx9y75-5ymlymia,,,,,,,,,,,,,,
8/6/2026,accent_dialect,6a01521c28d64ac367f8fa55,seed_vc,40,3,timbreRef_vs_sourceRef,top5,gujarati16__2558,english200__667,reference_sentence1_gujarati16__2558_s1.wav,source_sentence2_english200__667_s2.wav,no,different,572,mshx1ey4-vlb0kgvi,,,,,,,,,,,,,,
8/6/2026,accent_dialect,650764c3a197814ab15f8237,seed_vc,35,1,output_vs_timbreRef,bottom5,gujarati4__610,english200__667,seed_vc_bottom5_output_sentence1_timbre-gujarati4__610__source-english200__667__seed_vc_s1.wav,reference_sentence2_gujarati4__610_s2.wav,yes,NA,361,mshx9i4z-vauc11w3,,,,,,,,,,,,,,
8/6/2026,accent_dialect,608f2bae0ee0a74455533e4c,openvoice,39,1,output_vs_timbreRef,bottom5,gujarati7__1504,english200__667,reference_sentence1_gujarati7__1504_s1.wav,openvoice_bottom5_output_sentence2_timbre-gujarati7__1504__source-english200__667__openvoice_s2.wav,no,NA,1466,mshx6xma-jow0h9nm,,,,,,,,,,,,,,
8/6/2026,accent_dialect,6943112231de947e3850dcfc,openvoice,30,4,output_vs_sourceRef,top5,gujarati11__2301,english584__2197,source_sentence1_english584__2197_s1.wav,openvoice_top5_output_sentence2_timbre-gujarati11__2301__source-english584__2197__openvoice_s2.wav,no,NA,1192,mshx26v3-pdvz2ca7,,,,,,,,,,,,,,
8/6/2026,accent_dialect,664538d42f1f1e3371e3e3db,openvoice,39,2,timbreRef_vs_timbreRef,bottom5,gujarati8__1678,english200__667,reference_sentence1_gujarati8__1678_s1.wav,reference_sentence2_gujarati8__1678_s2.wav,yes,same,1371,mshx6vkg-3stj714d,,,,,,,,,,,,,,
8/6/2026,accent_dialect,610d6c481ca4797b863fe3d1,seed_vc,25,1,output_vs_timbreRef,top5,gujarati5__1016,english200__667,reference_sentence1_gujarati5__1016_s1.wav,seed_vc_top5_output_sentence2_timbre-gujarati5__1016__source-english200__667__seed_vc_s2.wav,no,NA,862,mshx5sv6-zpr5uppx,,,,,,,,,,,,,,
8/6/2026,accent_dialect,6720c26f12695d0297414d2d,openvoice,33,3,timbreRef_vs_sourceRef,top5,hindi13__1633,english200__667,source_sentence1_english200__667_s1.wav,reference_sentence2_hindi13__1633_s2.wav,no,different,2391,mshx8gfb-6hep8dbg,,,,,,,,,,,,,,
8/6/2026,accent_dialect,6a269ff5749895f01921daf1,seed_vc,11,3,timbreRef_vs_sourceRef,top5,gujarati16__2558,english200__667,reference_sentence1_gujarati16__2558_s1.wav,source_sentence2_english200__667_s2.wav,no,different,5060,mshx6mpk-rjlfuaij,,,,,,,,,,,,,,
8/6/2026,accent_dialect,650764c3a197814ab15f8237,seed_vc,36,2,timbreRef_vs_timbreRef,top5,hindi2__587,english584__2197,reference_sentence1_hindi2__587_s1.wav,reference_sentence2_hindi2__587_s2.wav,yes,same,341,mshx9i4z-vauc11w3,,,,,,,,,,,,,,
8/6/2026,accent_dialect,5737620867421f000d181393,openvoice,9,1,output_vs_timbreRef,top5,gujarati11__2301,english584__2197,openvoice_top5_output_sentence1_timbre-gujarati11__2301__source-english584__2197__openvoice_s1.wav,reference_sentence2_gujarati11__2301_s2.wav,no,NA,1081,mshx3ou5-sptjze1t,,,,,,,,,,,,,,
8/6/2026,accent_dialect,5d1653de3935ca001b87ff71,openvoice,38,2,timbreRef_vs_timbreRef,top5,hindi13__1633,english200__667,reference_sentence1_hindi13__1633_s1.wav,reference_sentence2_hindi13__1633_s2.wav,yes,same,1683,mshx83ev-k9ogo00o,,,,,,,,,,,,,,
8/6/2026,accent_dialect,671f12c5d2543b67c0f12e57,openvoice,42,3,timbreRef_vs_sourceRef,bottom5,hindi7__867,english200__667,reference_sentence1_hindi7__867_s1.wav,source_sentence2_english200__667_s2.wav,no,different,867,mshx8koq-rq3ad2pa,,,,,,,,,,,,,,
8/6/2026,accent_dialect,69fd502ade7763b4307a98af,seed_vc,35,3,timbreRef_vs_sourceRef,bottom5,hindi16__1966,english584__2197,source_sentence1_english584__2197_s1.wav,reference_sentence2_hindi16__1966_s2.wav,no,different,1430,mshx66cb-lxo41smp,,,,,,,,,,,,,,
8/6/2026,accent_dialect,63f78d9a7a3d118594efff74,openvoice,demographics,,,,,,,,,,,mshx3e62-7808i0kh,25–34,Hispanic/Latino American,Northwestern U.S.,English,,Male,No,,No,,Amazon Alexa,About once per day,4,
8/6/2026,accent_dialect,610d6c481ca4797b863fe3d1,seed_vc,26,3,timbreRef_vs_sourceRef,top5,gujarati5__1016,english200__667,source_sentence1_english200__667_s1.wav,reference_sentence2_gujarati5__1016_s2.wav,no,different,1061,mshx5sv6-zpr5uppx,,,,,,,,,,,,,,
8/6/2026,accent_dialect,69ff53f3401c96094c4b05ab,openvoice,20,3,timbreRef_vs_sourceRef,bottom5,hindi12__1440,english200__667,reference_sentence1_hindi12__1440_s1.wav,source_sentence2_english200__667_s2.wav,no,different,2955,mshx9y75-5ymlymia,,,,,,,,,,,,,,
8/6/2026,accent_dialect,6a08d24b7f6eccd08cd8ca75,seed_vc,27,4,output_vs_sourceRef,bottom5,hindi16__1966,english584__2197,source_sentence1_english584__2197_s1.wav,seed_vc_bottom5_output_sentence2_timbre-hindi16__1966__source-english584__2197__seed_vc_s2.wav,no,NA,1186,mshx7crv-ahd81gjp,,,,,,,,,,,,,,
8/6/2026,accent_dialect,650764c3a197814ab15f8237,seed_vc,37,4,output_vs_sourceRef,top5,hindi19__2206,english584__2197,source_sentence1_english584__2197_s1.wav,seed_vc_top5_output_sentence2_timbre-hindi19__2206__source-english584__2197__seed_vc_s2.wav,no,NA,360,mshx9i4z-vauc11w3,,,,,,,,,,,,,,
8/6/2026,accent_dialect,6a01521c28d64ac367f8fa55,seed_vc,41,4,output_vs_sourceRef,bottom5,hindi16__1966,english584__2197,source_sentence1_english584__2197_s1.wav,seed_vc_bottom5_output_sentence2_timbre-hindi16__1966__source-english584__2197__seed_vc_s2.wav,no,NA,3712,mshx1ey4-vlb0kgvi,,,,,,,,,,,,,,
8/6/2026,accent_dialect,6966546ad013598bf92dadea,openvoice,demographics,,,,,,,,,,,mshx6v3j-ppk3veh0,35–44,Hispanic/Latino American; White American,Southwestern U.S.,English,,Male,No,,No,,None of the above,Never,2,
8/6/2026,accent_dialect,63614ad9841a7d16ad04512a,openvoice,6,2,timbreRef_vs_timbreRef,top5,hindi13__1633,english200__667,reference_sentence1_hindi13__1633_s1.wav,reference_sentence2_hindi13__1633_s2.wav,yes,same,586,mshx0qio-udtmvs7l,,,,,,,,,,,,,,
8/6/2026,accent_dialect,6720c26f12695d0297414d2d,openvoice,34,2,timbreRef_vs_timbreRef,top5,gujarati17__2824,english200__667,reference_sentence1_gujarati17__2824_s1.wav,reference_sentence2_gujarati17__2824_s2.wav,yes,same,3038,mshx8gfb-6hep8dbg,,,,,,,,,,,,,,
8/6/2026,accent_dialect,6a269ff5749895f01921daf1,seed_vc,12,2,timbreRef_vs_timbreRef,top5,hindi10__1202,english200__667,reference_sentence1_hindi10__1202_s1.wav,reference_sentence2_hindi10__1202_s2.wav,yes,same,1075,mshx6mpk-rjlfuaij,,,,,,,,,,,,,,
8/6/2026,accent_dialect,6943112231de947e3850dcfc,openvoice,31,6,sourceRef_vs_sourceRef_cross,NA,NA,english584__2197__vs__english200__667,source_sentence1_english584__2197_s1.wav,source_sentence2_english200__667_s2.wav,no,same,753,mshx26v3-pdvz2ca7,,,,,,,,,,,,,,
8/6/2026,accent_dialect,671f12c5d2543b67c0f12e57,openvoice,43,6,sourceRef_vs_sourceRef_cross,NA,NA,english200__667__vs__english584__2197,source_sentence1_english200__667_s1.wav,source_sentence2_english584__2197_s2.wav,no,same,663,mshx8koq-rq3ad2pa,,,,,,,,,,,,,,
8/6/2026,accent_dialect,56aa90d5638440000c8b506f,seed_vc,43,4,output_vs_sourceRef,top5,gujarati5__1016,english200__667,seed_vc_top5_output_sentence1_timbre-gujarati5__1016__source-english200__667__seed_vc_s1.wav,source_sentence2_english200__667_s2.wav,no,NA,1539,mshx2qtr-tbs8zybb,,,,,,,,,,,,,,
8/6/2026,accent_dialect,63d023f75eaafe675b6fa5fd,seed_vc,37,3,timbreRef_vs_sourceRef,top5,hindi2__587,english584__2197,source_sentence1_english584__2197_s1.wav,reference_sentence2_hindi2__587_s2.wav,no,different,1750,mshx7x8l-33cmg89d,,,,,,,,,,,,,,
8/6/2026,accent_dialect,69fd502ade7763b4307a98af,seed_vc,37,1,output_vs_timbreRef,bottom5,hindi26__2354,english584__2197,reference_sentence1_hindi26__2354_s1.wav,seed_vc_bottom5_output_sentence2_timbre-hindi26__2354__source-english584__2197__seed_vc_s2.wav,yes,NA,2414,mshx66cb-lxo41smp,,,,,,,,,,,,,,
8/6/2026,accent_dialect,6678f7524c361fc66ef34d99,seed_vc,42,4,output_vs_sourceRef,bottom5,hindi16__1966,english584__2197,source_sentence1_english584__2197_s1.wav,seed_vc_bottom5_output_sentence2_timbre-hindi16__1966__source-english584__2197__seed_vc_s2.wav,yes,NA,2511,mshx5r4e-h9yu970k,,,,,,,,,,,,,,
8/6/2026,accent_dialect,650764c3a197814ab15f8237,seed_vc,38,2,timbreRef_vs_timbreRef,bottom5,hindi21__2236,english584__2197,reference_sentence1_hindi21__2236_s1.wav,reference_sentence2_hindi21__2236_s2.wav,yes,same,322,mshx9i4z-vauc11w3,,,,,,,,,,,,,,
8/6/2026,accent_dialect,671f12c5d2543b67c0f12e57,openvoice,44,3,timbreRef_vs_sourceRef,bottom5,gujarati8__1678,english200__667,source_sentence1_english200__667_s1.wav,reference_sentence2_gujarati8__1678_s2.wav,no,different,801,mshx8koq-rq3ad2pa,,,,,,,,,,,,,,
8/6/2026,accent_dialect,6a01521c28d64ac367f8fa55,seed_vc,42,5,sourceRef_vs_sourceRef,bottom5,hindi16__1966,english584__2197,source_sentence1_english584__2197_s1.wav,source_sentence2_english584__2197_s2.wav,yes,same,481,mshx1ey4-vlb0kgvi,,,,,,,,,,,,,,
8/6/2026,accent_dialect,610d6c481ca4797b863fe3d1,seed_vc,27,4,output_vs_sourceRef,top5,hindi19__2206,english584__2197,seed_vc_top5_output_sentence1_timbre-hindi19__2206__source-english584__2197__seed_vc_s1.wav,source_sentence2_english584__2197_s2.wav,yes,NA,1529,mshx5sv6-zpr5uppx,,,,,,,,,,,,,,
8/6/2026,accent_dialect,67f1626e4525cfea0f0a9753,openvoice,10,4,output_vs_sourceRef,bottom5,hindi12__1440,english200__667,source_sentence1_english200__667_s1.wav,openvoice_bottom5_output_sentence2_timbre-hindi12__1440__source-english200__667__openvoice_s2.wav,yes,NA,1211,mshx3agb-zxol7xys,,,,,,,,,,,,,,
8/6/2026,accent_dialect,5d1653de3935ca001b87ff71,openvoice,40,3,timbreRef_vs_sourceRef,top5,gujarati17__2824,english200__667,reference_sentence1_gujarati17__2824_s1.wav,source_sentence2_english200__667_s2.wav,no,different,932,mshx83ev-k9ogo00o,,,,,,,,,,,,,,
8/6/2026,accent_dialect,6678f7524c361fc66ef34d99,seed_vc,43,2,timbreRef_vs_timbreRef,top5,hindi10__1202,english200__667,reference_sentence1_hindi10__1202_s1.wav,reference_sentence2_hindi10__1202_s2.wav,yes,same,1034,mshx5r4e-h9yu970k,,,,,,,,,,,,,,
8/6/2026,accent_dialect,69eea7555d195a4d27877668,seed_vc,40,1,output_vs_timbreRef,top5,gujarati16__2558,english200__667,reference_sentence1_gujarati16__2558_s1.wav,seed_vc_top5_output_sentence2_timbre-gujarati16__2558__source-english200__667__seed_vc_s2.wav,yes,NA,797,mshx389f-ak77uyeh,,,,,,,,,,,,,,
8/6/2026,accent_dialect,650764c3a197814ab15f8237,seed_vc,39,2,timbreRef_vs_timbreRef,top5,hindi19__2206,english584__2197,reference_sentence1_hindi19__2206_s1.wav,reference_sentence2_hindi19__2206_s2.wav,yes,same,564,mshx9i4z-vauc11w3,,,,,,,,,,,,,,
8/6/2026,accent_dialect,610d6c481ca4797b863fe3d1,seed_vc,28,1,output_vs_timbreRef,bottom5,hindi13__1633,english200__667,reference_sentence1_hindi13__1633_s1.wav,seed_vc_bottom5_output_sentence2_timbre-hindi13__1633__source-english200__667__seed_vc_s2.wav,no,NA,1114,mshx5sv6-zpr5uppx,,,,,,,,,,,,,,
8/6/2026,accent_dialect,6943112231de947e3850dcfc,openvoice,32,3,timbreRef_vs_sourceRef,top5,hindi19__2206,english584__2197,source_sentence1_english584__2197_s1.wav,reference_sentence2_hindi19__2206_s2.wav,no,different,806,mshx26v3-pdvz2ca7,,,,,,,,,,,,,,
8/6/2026,accent_dialect,63d023f75eaafe675b6fa5fd,seed_vc,38,2,timbreRef_vs_timbreRef,bottom5,hindi21__2236,english584__2197,reference_sentence1_hindi21__2236_s1.wav,reference_sentence2_hindi21__2236_s2.wav,yes,same,1126,mshx7x8l-33cmg89d,,,,,,,,,,,,,,
8/6/2026,accent_dialect,5bdf8d7eee652a0001f0999c,seed_vc,38,1,output_vs_timbreRef,top5,gujarati16__2558,english200__667,seed_vc_top5_output_sentence1_timbre-gujarati16__2558__source-english200__667__seed_vc_s1.wav,reference_sentence2_gujarati16__2558_s2.wav,yes,NA,47184,mshx2exz-hb5k5jbj,,,,,,,,,,,,,,
8/6/2026,accent_dialect,6a01521c28d64ac367f8fa55,seed_vc,43,4,output_vs_sourceRef,top5,hindi2__587,english584__2197,source_sentence1_english584__2197_s1.wav,seed_vc_top5_output_sentence2_timbre-hindi2__587__source-english584__2197__seed_vc_s2.wav,yes,NA,2679,mshx1ey4-vlb0kgvi,,,,,,,,,,,,,,
8/6/2026,accent_dialect,5d0c10124b68150015fd5bca,seed_vc,demographics,,,,,,,,,,,mshx20qr-j6nfdb19,25–34,White American,Southeastern U.S.,English,,Male,No,,No,,Google Gemini Voice,About once per day,5,"I felt like several of the people I marked not having matching accents only had a very slight difference in accent such as when comparing male to female. Additionally, people from different races always seem to have a different accent to me."
8/6/2026,accent_dialect,5737620867421f000d181393,openvoice,10,4,output_vs_sourceRef,top5,gujarati11__2301,english584__2197,openvoice_top5_output_sentence1_timbre-gujarati11__2301__source-english584__2197__openvoice_s1.wav,source_sentence2_english584__2197_s2.wav,yes,NA,1403,mshx3ou5-sptjze1t,,,,,,,,,,,,,,
8/6/2026,accent_dialect,69fd502ade7763b4307a98af,seed_vc,38,3,timbreRef_vs_sourceRef,top5,hindi2__587,english584__2197,reference_sentence1_hindi2__587_s1.wav,source_sentence2_english584__2197_s2.wav,no,different,3454,mshx66cb-lxo41smp,,,,,,,,,,,,,,
8/6/2026,accent_dialect,650764c3a197814ab15f8237,seed_vc,40,3,timbreRef_vs_sourceRef,bottom5,hindi13__1633,english200__667,source_sentence1_english200__667_s1.wav,reference_sentence2_hindi13__1633_s2.wav,no,different,477,mshx9i4z-vauc11w3,,,,,,,,,,,,,,
8/6/2026,accent_dialect,6653ae434d386b6218f51efb,seed_vc,demographics,,,,,,,,,,,mshx62a8-mc5qv6aw,55+,White American,Northeastern U.S.,English,,Female,No,,No,,Google Gemini Voice,A few times per week,6,No issues.
8/6/2026,accent_dialect,69ff53f3401c96094c4b05ab,openvoice,22,4,output_vs_sourceRef,top5,hindi13__1633,english200__667,openvoice_top5_output_sentence1_timbre-hindi13__1633__source-english200__667__openvoice_s1.wav,source_sentence2_english200__667_s2.wav,no,NA,2065,mshx9y75-5ymlymia,,,,,,,,,,,,,,
8/6/2026,accent_dialect,608f2bae0ee0a74455533e4c,openvoice,42,5,sourceRef_vs_sourceRef,bottom5,gujarati7__1504,english200__667,source_sentence1_english200__667_s1.wav,source_sentence2_english200__667_s2.wav,yes,same,745,mshx6xma-jow0h9nm,,,,,,,,,,,,,,
8/6/2026,accent_dialect,63d023f75eaafe675b6fa5fd,seed_vc,39,4,output_vs_sourceRef,bottom5,hindi26__2354,english584__2197,source_sentence1_english584__2197_s1.wav,seed_vc_bottom5_output_sentence2_timbre-hindi26__2354__source-english584__2197__seed_vc_s2.wav,yes,NA,3164,mshx7x8l-33cmg89d,,,,,,,,,,,,,,
8/6/2026,accent_dialect,6722ceb13a02b06603b7b285,openvoice,demographics,,,,,,,,,,,mshx3lce-xrbvbazi,45–54,Black American,Southeastern U.S.,English and another language,Spanish,Female,No,,No,,ChatGPT Voice Assistant; Amazon Alexa; Apple Siri,Several times per day,4,
8/6/2026,accent_dialect,63614ad9841a7d16ad04512a,openvoice,7,4,output_vs_sourceRef,bottom5,hindi12__1440,english200__667,openvoice_bottom5_output_sentence1_timbre-hindi12__1440__source-english200__667__openvoice_s1.wav,source_sentence2_english200__667_s2.wav,no,NA,909,mshx0qio-udtmvs7l,,,,,,,,,,,,,,
8/6/2026,accent_dialect,610d6c481ca4797b863fe3d1,seed_vc,29,1,output_vs_timbreRef,top5,hindi10__1202,english200__667,seed_vc_top5_output_sentence1_timbre-hindi10__1202__source-english200__667__seed_vc_s1.wav,reference_sentence2_hindi10__1202_s2.wav,yes,NA,850,mshx5sv6-zpr5uppx,,,,,,,,,,,,,,
8/6/2026,accent_dialect,6943112231de947e3850dcfc,openvoice,33,4,output_vs_sourceRef,bottom5,gujarati7__1504,english200__667,source_sentence1_english200__667_s1.wav,openvoice_bottom5_output_sentence2_timbre-gujarati7__1504__source-english200__667__openvoice_s2.wav,no,NA,6726,mshx26v3-pdvz2ca7,,,,,,,,,,,,,,
8/6/2026,accent_dialect,6a01521c28d64ac367f8fa55,seed_vc,44,6,sourceRef_vs_sourceRef_cross,NA,NA,english584__2197__vs__english200__667,source_sentence1_english584__2197_s1.wav,source_sentence2_english200__667_s2.wav,yes,same,1193,mshx1ey4-vlb0kgvi,,,,,,,,,,,,,,
8/6/2026,accent_dialect,698a6f9a70f427ea2c5019e6,seed_vc,44,4,output_vs_sourceRef,top5,hindi2__587,english584__2197,seed_vc_top5_output_sentence1_timbre-hindi2__587__source-english584__2197__seed_vc_s1.wav,source_sentence2_english584__2197_s2.wav,yes,NA,941,mshx4dns-9alm2dpz,,,,,,,,,,,,,,
8/6/2026,accent_dialect,69ff53f3401c96094c4b05ab,openvoice,23,1,output_vs_timbreRef,bottom5,gujarati8__1678,english200__667,reference_sentence1_gujarati8__1678_s1.wav,openvoice_bottom5_output_sentence2_timbre-gujarati8__1678__source-english200__667__openvoice_s2.wav,yes,NA,1498,mshx9y75-5ymlymia,,,,,,,,,,,,,,
8/6/2026,accent_dialect,608f2bae0ee0a74455533e4c,openvoice,43,1,output_vs_timbreRef,bottom5,gujarati9__2041,english584__2197,reference_sentence1_gujarati9__2041_s1.wav,openvoice_bottom5_output_sentence2_timbre-gujarati9__2041__source-english584__2197__openvoice_s2.wav,no,NA,1104,mshx6xma-jow0h9nm,,,,,,,,,,,,,,
8/6/2026,accent_dialect,67f1626e4525cfea0f0a9753,openvoice,11,2,timbreRef_vs_timbreRef,bottom5,gujarati7__1504,english200__667,reference_sentence1_gujarati7__1504_s1.wav,reference_sentence2_gujarati7__1504_s2.wav,yes,same,2916,mshx3agb-zxol7xys,,,,,,,,,,,,,,
8/6/2026,accent_dialect,63614ad9841a7d16ad04512a,openvoice,8,3,timbreRef_vs_sourceRef,bottom5,gujarati7__1504,english200__667,reference_sentence1_gujarati7__1504_s1.wav,source_sentence2_english200__667_s2.wav,no,different,904,mshx0qio-udtmvs7l,,,,,,,,,,,,,,
8/6/2026,accent_dialect,650764c3a197814ab15f8237,seed_vc,41,3,timbreRef_vs_sourceRef,top5,hindi19__2206,english584__2197,reference_sentence1_hindi19__2206_s1.wav,source_sentence2_english584__2197_s2.wav,no,different,492,mshx9i4z-vauc11w3,,,,,,,,,,,,,,
8/6/2026,accent_dialect,6943112231de947e3850dcfc,openvoice,34,4,output_vs_sourceRef,top5,gujarati17__2824,english200__667,source_sentence1_english200__667_s1.wav,openvoice_top5_output_sentence2_timbre-gujarati17__2824__source-english200__667__openvoice_s2.wav,no,NA,679,mshx26v3-pdvz2ca7,,,,,,,,,,,,,,
8/6/2026,accent_dialect,610d6c481ca4797b863fe3d1,seed_vc,30,3,timbreRef_vs_sourceRef,top5,hindi10__1202,english200__667,source_sentence1_english200__667_s1.wav,reference_sentence2_hindi10__1202_s2.wav,yes,different,1223,mshx5sv6-zpr5uppx,,,,,,,,,,,,,,
8/6/2026,accent_dialect,6a269ff5749895f01921daf1,seed_vc,13,1,output_vs_timbreRef,top5,hindi19__2206,english584__2197,reference_sentence1_hindi19__2206_s1.wav,seed_vc_top5_output_sentence2_timbre-hindi19__2206__source-english584__2197__seed_vc_s2.wav,yes,NA,1901,mshx6mpk-rjlfuaij,,,,,,,,,,,,,,
8/6/2026,accent_dialect,6720c26f12695d0297414d2d,openvoice,37,3,timbreRef_vs_sourceRef,top5,hindi19__2206,english584__2197,reference_sentence1_hindi19__2206_s1.wav,source_sentence2_english584__2197_s2.wav,yes,different,2774,mshx8gfb-6hep8dbg,,,,,,,,,,,,,,
8/6/2026,accent_dialect,5d1653de3935ca001b87ff71,openvoice,42,6,sourceRef_vs_sourceRef_cross,NA,NA,english200__667__vs__english584__2197,source_sentence1_english200__667_s1.wav,source_sentence2_english584__2197_s2.wav,yes,same,1235,mshx83ev-k9ogo00o,,,,,,,,,,,,,,
8/6/2026,accent_dialect,67f1626e4525cfea0f0a9753,openvoice,12,2,timbreRef_vs_timbreRef,top5,gujarati13__2409,english200__667,reference_sentence1_gujarati13__2409_s1.wav,reference_sentence2_gujarati13__2409_s2.wav,yes,same,1931,mshx3agb-zxol7xys,,,,,,,,,,,,,,
8/6/2026,accent_dialect,6a08d24b7f6eccd08cd8ca75,seed_vc,28,4,output_vs_sourceRef,bottom5,gujarati4__610,english200__667,seed_vc_bottom5_output_sentence1_timbre-gujarati4__610__source-english200__667__seed_vc_s1.wav,source_sentence2_english200__667_s2.wav,yes,NA,1302,mshx7crv-ahd81gjp,,,,,,,,,,,,,,
8/6/2026,accent_dialect,69fd502ade7763b4307a98af,seed_vc,40,6,sourceRef_vs_sourceRef_cross,NA,NA,english584__2197__vs__english200__667,source_sentence1_english584__2197_s1.wav,source_sentence2_english200__667_s2.wav,no,same,1341,mshx66cb-lxo41smp,,,,,,,,,,,,,,
8/6/2026,accent_dialect,6a2601fe8e6d71a830c96a3d,openvoice,demographics,,,,,,,,,,,mshx4v2v-bp4h9c5l,18–24,Hispanic/Latino American,Northeastern U.S.,English,,Male,No,,No,,None of the above,Less than once per week,5,
8/6/2026,accent_dialect,5737620867421f000d181393,openvoice,11,5,sourceRef_vs_sourceRef,bottom5,gujarati7__1504,english200__667,source_sentence1_english200__667_s1.wav,source_sentence2_english200__667_s2.wav,yes,same,2051,mshx3ou5-sptjze1t,,,,,,,,,,,,,,
8/6/2026,accent_dialect,671f12c5d2543b67c0f12e57,openvoice,demographics,,,,,,,,,,,mshx8koq-rq3ad2pa,25–34,Asian American,Northwestern U.S.,English and another language,Cantonese,Female,No,,No,,None of the above,Never,4,
8/6/2026,accent_dialect,69ff53f3401c96094c4b05ab,openvoice,24,2,timbreRef_vs_timbreRef,top5,hindi13__1633,english200__667,reference_sentence1_hindi13__1633_s1.wav,reference_sentence2_hindi13__1633_s2.wav,yes,same,687,mshx9y75-5ymlymia,,,,,,,,,,,,,,
8/6/2026,accent_dialect,608f2bae0ee0a74455533e4c,openvoice,44,3,timbreRef_vs_sourceRef,top5,hindi13__1633,english200__667,reference_sentence1_hindi13__1633_s1.wav,source_sentence2_english200__667_s2.wav,no,different,946,mshx6xma-jow0h9nm,,,,,,,,,,,,,,
8/6/2026,accent_dialect,650764c3a197814ab15f8237,seed_vc,42,1,output_vs_timbreRef,bottom5,hindi16__1966,english584__2197,reference_sentence1_hindi16__1966_s1.wav,seed_vc_bottom5_output_sentence2_timbre-hindi16__1966__source-english584__2197__seed_vc_s2.wav,yes,NA,307,mshx9i4z-vauc11w3,,,,,,,,,,,,,,
8/6/2026,accent_dialect,5bdf8d7eee652a0001f0999c,seed_vc,39,3,timbreRef_vs_sourceRef,top5,gujarati16__2558,english200__667,reference_sentence1_gujarati16__2558_s1.wav,source_sentence2_english200__667_s2.wav,no,different,18689,mshx2exz-hb5k5jbj,,,,,,,,,,,,,,
8/6/2026,accent_dialect,63d023f75eaafe675b6fa5fd,seed_vc,40,3,timbreRef_vs_sourceRef,bottom5,hindi21__2236,english584__2197,reference_sentence1_hindi21__2236_s1.wav,source_sentence2_english584__2197_s2.wav,yes,different,12890,mshx7x8l-33cmg89d,,,,,,,,,,,,,,
8/6/2026,accent_dialect,650764c3a197814ab15f8237,seed_vc,43,4,output_vs_sourceRef,top5,gujarati5__1016,english200__667,seed_vc_top5_output_sentence1_timbre-gujarati5__1016__source-english200__667__seed_vc_s1.wav,source_sentence2_english200__667_s2.wav,no,NA,423,mshx9i4z-vauc11w3,,,,,,,,,,,,,,
8/6/2026,accent_dialect,664538d42f1f1e3371e3e3db,openvoice,44,2,timbreRef_vs_timbreRef,top5,hindi13__1633,english200__667,reference_sentence1_hindi13__1633_s1.wav,reference_sentence2_hindi13__1633_s2.wav,yes,same,1170,mshx6vkg-3stj714d,,,,,,,,,,,,,,
8/6/2026,accent_dialect,69eea7555d195a4d27877668,seed_vc,43,2,timbreRef_vs_timbreRef,bottom5,hindi21__2236,english584__2197,reference_sentence1_hindi21__2236_s1.wav,reference_sentence2_hindi21__2236_s2.wav,yes,same,1092,mshx389f-ak77uyeh,,,,,,,,,,,,,,
8/6/2026,accent_dialect,5737620867421f000d181393,openvoice,12,3,timbreRef_vs_sourceRef,top5,gujarati13__2409,english200__667,source_sentence1_english200__667_s1.wav,reference_sentence2_gujarati13__2409_s2.wav,no,different,952,mshx3ou5-sptjze1t,,,,,,,,,,,,,,
8/6/2026,accent_dialect,5d1653de3935ca001b87ff71,openvoice,43,2,timbreRef_vs_timbreRef,top5,hindi19__2206,english584__2197,reference_sentence1_hindi19__2206_s1.wav,reference_sentence2_hindi19__2206_s2.wav,no,same,1378,mshx83ev-k9ogo00o,,,,,,,,,,,,,,
8/6/2026,accent_dialect,6a08d24b7f6eccd08cd8ca75,seed_vc,29,6,sourceRef_vs_sourceRef_cross,NA,NA,english200__667__vs__english584__2197,source_sentence1_english200__667_s1.wav,source_sentence2_english584__2197_s2.wav,no,same,1104,mshx7crv-ahd81gjp,,,,,,,,,,,,,,
8/6/2026,accent_dialect,69fd502ade7763b4307a98af,seed_vc,41,2,timbreRef_vs_timbreRef,top5,hindi19__2206,english584__2197,reference_sentence1_hindi19__2206_s1.wav,reference_sentence2_hindi19__2206_s2.wav,yes,same,1153,mshx66cb-lxo41smp,,,,,,,,,,,,,,
8/6/2026,accent_dialect,6a01521c28d64ac367f8fa55,seed_vc,demographics,,,,,,,,,,,mshx1ey4-vlb0kgvi,35–44,White American,Northeastern U.S.,English,,Male,No,,No,,Google Gemini Voice,Less than once per week,6,
8/6/2026,accent_dialect,5d1653de3935ca001b87ff71,openvoice,44,4,output_vs_sourceRef,bottom5,gujarati7__1504,english200__667,source_sentence1_english200__667_s1.wav,openvoice_bottom5_output_sentence2_timbre-gujarati7__1504__source-english200__667__openvoice_s2.wav,yes,NA,1523,mshx83ev-k9ogo00o,,,,,,,,,,,,,,
8/6/2026,accent_dialect,6720c26f12695d0297414d2d,openvoice,39,5,sourceRef_vs_sourceRef,bottom5,gujarati9__2041,english584__2197,source_sentence1_english584__2197_s1.wav,source_sentence2_english584__2197_s2.wav,yes,same,1527,mshx8gfb-6hep8dbg,,,,,,,,,,,,,,
8/6/2026,accent_dialect,650764c3a197814ab15f8237,seed_vc,44,1,output_vs_timbreRef,top5,gujarati16__2558,english200__667,reference_sentence1_gujarati16__2558_s1.wav,seed_vc_top5_output_sentence2_timbre-gujarati16__2558__source-english200__667__seed_vc_s2.wav,yes,NA,435,mshx9i4z-vauc11w3,,,,,,,,,,,,,,
8/6/2026,accent_dialect,69eea7555d195a4d27877668,seed_vc,44,4,output_vs_sourceRef,top5,hindi10__1202,english200__667,seed_vc_top5_output_sentence1_timbre-hindi10__1202__source-english200__667__seed_vc_s1.wav,source_sentence2_english200__667_s2.wav,no,NA,790,mshx389f-ak77uyeh,,,,,,,,,,,,,,
8/6/2026,accent_dialect,67f1626e4525cfea0f0a9753,openvoice,13,1,output_vs_timbreRef,top5,gujarati11__2301,english584__2197,reference_sentence1_gujarati11__2301_s1.wav,openvoice_top5_output_sentence2_timbre-gujarati11__2301__source-english584__2197__openvoice_s2.wav,no,NA,1446,mshx3agb-zxol7xys,,,,,,,,,,,,,,
8/6/2026,accent_dialect,6943112231de947e3850dcfc,openvoice,37,6,sourceRef_vs_sourceRef_cross,NA,NA,english200__667__vs__english584__2197,source_sentence1_english200__667_s1.wav,source_sentence2_english584__2197_s2.wav,no,same,935,mshx26v3-pdvz2ca7,,,,,,,,,,,,,,
8/6/2026,accent_dialect,69fd502ade7763b4307a98af,seed_vc,42,4,output_vs_sourceRef,bottom5,hindi16__1966,english584__2197,source_sentence1_english584__2197_s1.wav,seed_vc_bottom5_output_sentence2_timbre-hindi16__1966__source-english584__2197__seed_vc_s2.wav,no,NA,1101,mshx66cb-lxo41smp,,,,,,,,,,,,,,
8/6/2026,accent_dialect,5f0a686635f72917e94c7a63,seed_vc,20,2,timbreRef_vs_timbreRef,top5,gujarati5__1016,english200__667,reference_sentence1_gujarati5__1016_s1.wav,reference_sentence2_gujarati5__1016_s2.wav,yes,same,539,mshx5yzf-j7rekqej,,,,,,,,,,,,,,
8/6/2026,accent_dialect,6678f7524c361fc66ef34d99,seed_vc,demographics,,,,,,,,,,,mshx5r4e-h9yu970k,25–34,Hispanic/Latino American,Southeastern U.S.,English,,Female,No,,No,,Amazon Alexa; Apple Siri; Other text-to-speech software,Less than once per week,4,
8/6/2026,accent_dialect,63d023f75eaafe675b6fa5fd,seed_vc,41,1,output_vs_timbreRef,bottom5,hindi16__1966,english584__2197,seed_vc_bottom5_output_sentence1_timbre-hindi16__1966__source-english584__2197__seed_vc_s1.wav,reference_sentence2_hindi16__1966_s2.wav,no,NA,740,mshx7x8l-33cmg89d,,,,,,,,,,,,,,
8/6/2026,accent_dialect,5737620867421f000d181393,openvoice,13,1,output_vs_timbreRef,bottom5,gujarati8__1678,english200__667,reference_sentence1_gujarati8__1678_s1.wav,openvoice_bottom5_output_sentence2_timbre-gujarati8__1678__source-english200__667__openvoice_s2.wav,yes,NA,1119,mshx3ou5-sptjze1t,,,,,,,,,,,,,,
8/6/2026,accent_dialect,6720c26f12695d0297414d2d,openvoice,40,3,timbreRef_vs_sourceRef,top5,gujarati11__2301,english584__2197,reference_sentence1_gujarati11__2301_s1.wav,source_sentence2_english584__2197_s2.wav,no,different,3388,mshx8gfb-6hep8dbg,,,,,,,,,,,,,,
8/6/2026,accent_dialect,67f1626e4525cfea0f0a9753,openvoice,14,3,timbreRef_vs_sourceRef,bottom5,gujarati9__2041,english584__2197,reference_sentence1_gujarati9__2041_s1.wav,source_sentence2_english584__2197_s2.wav,no,different,2746,mshx3agb-zxol7xys,,,,,,,,,,,,,,
8/6/2026,accent_dialect,6943112231de947e3850dcfc,openvoice,38,3,timbreRef_vs_sourceRef,bottom5,gujarati9__2041,english584__2197,reference_sentence1_gujarati9__2041_s1.wav,source_sentence2_english584__2197_s2.wav,no,different,740,mshx26v3-pdvz2ca7,,,,,,,,,,,,,,
8/6/2026,accent_dialect,63d023f75eaafe675b6fa5fd,seed_vc,42,1,output_vs_timbreRef,top5,gujarati5__1016,english200__667,seed_vc_top5_output_sentence1_timbre-gujarati5__1016__source-english200__667__seed_vc_s1.wav,reference_sentence2_gujarati5__1016_s2.wav,no,NA,808,mshx7x8l-33cmg89d,,,,,,,,,,,,,,
8/6/2026,accent_dialect,69fd502ade7763b4307a98af,seed_vc,43,2,timbreRef_vs_timbreRef,top5,gujarati16__2558,english200__667,reference_sentence1_gujarati16__2558_s1.wav,reference_sentence2_gujarati16__2558_s2.wav,yes,same,2086,mshx66cb-lxo41smp,,,,,,,,,,,,,,
8/6/2026,accent_dialect,63614ad9841a7d16ad04512a,openvoice,7,4,output_vs_sourceRef,bottom5,hindi12__1440,english200__667,openvoice_bottom5_output_sentence1_timbre-hindi12__1440__source-english200__667__openvoice_s1.wav,source_sentence2_english200__667_s2.wav,no,NA,909,mshx0qio-udtmvs7l,,,,,,,,,,,,,,
8/6/2026,accent_dialect,610d6c481ca4797b863fe3d1,seed_vc,33,3,timbreRef_vs_sourceRef,top5,hindi2__587,english584__2197,source_sentence1_english584__2197_s1.wav,reference_sentence2_hindi2__587_s2.wav,no,different,1279,mshx5sv6-zpr5uppx,,,,,,,,,,,,,,
8/6/2026,accent_dialect,69ff53f3401c96094c4b05ab,openvoice,27,3,timbreRef_vs_sourceRef,top5,gujarati13__2409,english200__667,reference_sentence1_gujarati13__2409_s1.wav,source_sentence2_english200__667_s2.wav,no,different,1224,mshx9y75-5ymlymia,,,,,,,,,,,,,,
8/6/2026,accent_dialect,6a08d24b7f6eccd08cd8ca75,seed_vc,31,2,timbreRef_vs_timbreRef,top5,gujarati5__1016,english200__667,reference_sentence1_gujarati5__1016_s1.wav,reference_sentence2_gujarati5__1016_s2.wav,yes,same,1395,mshx7crv-ahd81gjp,,,,,,,,,,,,,,
8/6/2026,accent_dialect,5737620867421f000d181393,openvoice,14,3,timbreRef_vs_sourceRef,top5,hindi19__2206,english584__2197,source_sentence1_english584__2197_s1.wav,reference_sentence2_hindi19__2206_s2.wav,no,different,1746,mshx3ou5-sptjze1t,,,,,,,,,,,,,,
8/6/2026,accent_dialect,5f0a686635f72917e94c7a63,seed_vc,21,2,timbreRef_vs_timbreRef,bottom5,hindi16__1966,english584__2197,reference_sentence1_hindi16__1966_s1.wav,reference_sentence2_hindi16__1966_s2.wav,yes,same,731,mshx5yzf-j7rekqej,,,,,,,,,,,,,,
8/6/2026,accent_dialect,63d023f75eaafe675b6fa5fd,seed_vc,43,6,sourceRef_vs_sourceRef_cross,NA,NA,english584__2197__vs__english200__667,source_sentence1_english584__2197_s1.wav,source_sentence2_english200__667_s2.wav,yes,same,762,mshx7x8l-33cmg89d,,,,,,,,,,,,,,
8/6/2026,accent_dialect,69ff53f3401c96094c4b05ab,openvoice,28,3,timbreRef_vs_sourceRef,top5,gujarati17__2824,english200__667,reference_sentence1_gujarati17__2824_s1.wav,source_sentence2_english200__667_s2.wav,no,different,711,mshx9y75-5ymlymia,,,,,,,,,,,,,,
8/6/2026,accent_dialect,6a08d24b7f6eccd08cd8ca75,seed_vc,32,3,timbreRef_vs_sourceRef,top5,hindi2__587,english584__2197,reference_sentence1_hindi2__587_s1.wav,source_sentence2_english584__2197_s2.wav,yes,different,973,mshx7crv-ahd81gjp,,,,,,,,,,,,,,
8/6/2026,accent_dialect,63d023f75eaafe675b6fa5fd,seed_vc,44,3,timbreRef_vs_sourceRef,top5,hindi19__2206,english584__2197,source_sentence1_english584__2197_s1.wav,reference_sentence2_hindi19__2206_s2.wav,no,different,653,mshx7x8l-33cmg89d,,,,,,,,,,,,,,
8/6/2026,accent_dialect,56aa90d5638440000c8b506f,seed_vc,44,2,timbreRef_vs_timbreRef,bottom5,gujarati4__610,english200__667,reference_sentence1_gujarati4__610_s1.wav,reference_sentence2_gujarati4__610_s2.wav,yes,same,1469,mshx2qtr-tbs8zybb,,,,,,,,,,,,,,
8/6/2026,accent_dialect,6943112231de947e3850dcfc,openvoice,40,5,sourceRef_vs_sourceRef,bottom5,gujarati9__2041,english584__2197,source_sentence1_english584__2197_s1.wav,source_sentence2_english584__2197_s2.wav,no,same,1020,mshx26v3-pdvz2ca7,,,,,,,,,,,,,,
8/6/2026,accent_dialect,650764c3a197814ab15f8237,seed_vc,demographics,,,,,,,,,,,mshx9i4z-vauc11w3,18–24,White American,Northeastern U.S.,English,,Male,No,,No,,None of the above,Less than once per week,2,
8/6/2026,accent_dialect,610d6c481ca4797b863fe3d1,seed_vc,35,4,output_vs_sourceRef,top5,hindi10__1202,english200__667,source_sentence1_english200__667_s1.wav,seed_vc_top5_output_sentence2_timbre-hindi10__1202__source-english200__667__seed_vc_s2.wav,yes,NA,1930,mshx5sv6-zpr5uppx,,,,,,,,,,,,,,
8/6/2026,accent_dialect,6720c26f12695d0297414d2d,openvoice,41,3,timbreRef_vs_sourceRef,bottom5,hindi7__867,english200__667,reference_sentence1_hindi7__867_s1.wav,source_sentence2_english200__667_s2.wav,no,different,2225,mshx8gfb-6hep8dbg,,,,,,,,,,,,,,
8/6/2026,accent_dialect,5737620867421f000d181393,openvoice,15,4,output_vs_sourceRef,top5,gujarati17__2824,english200__667,source_sentence1_english200__667_s1.wav,openvoice_top5_output_sentence2_timbre-gujarati17__2824__source-english200__667__openvoice_s2.wav,yes,NA,1152,mshx3ou5-sptjze1t,,,,,,,,,,,,,,
8/6/2026,accent_dialect,6a08d24b7f6eccd08cd8ca75,seed_vc,33,2,timbreRef_vs_timbreRef,bottom5,hindi21__2236,english584__2197,reference_sentence1_hindi21__2236_s1.wav,reference_sentence2_hindi21__2236_s2.wav,yes,same,927,mshx7crv-ahd81gjp,,,,,,,,,,,,,,
8/6/2026,accent_dialect,5f0a686635f72917e94c7a63,seed_vc,22,3,timbreRef_vs_sourceRef,bottom5,hindi16__1966,english584__2197,reference_sentence1_hindi16__1966_s1.wav,source_sentence2_english584__2197_s2.wav,no,different,797,mshx5yzf-j7rekqej,,,,,,,,,,,,,,
8/6/2026,accent_dialect,639b9ab341f4429b1b3c06a2,openvoice,2,4,output_vs_sourceRef,bottom5,gujarati8__1678,english200__667,openvoice_bottom5_output_sentence1_timbre-gujarati8__1678__source-english200__667__openvoice_s1.wav,source_sentence2_english200__667_s2.wav,yes,NA,2167,mshxd6ke-f0fxnrpq,,,,,,,,,,,,,,
8/6/2026,accent_dialect,698a6f9a70f427ea2c5019e6,seed_vc,demographics,,,,,,,,,,,mshx4dns-9alm2dpz,25–34,Hispanic/Latino American; White American,Southwestern U.S.,English and another language,Spanish,Female,No,,Yes,ADHD,None of the above,Less than once per week,3,
8/6/2026,accent_dialect,6a08d24b7f6eccd08cd8ca75,seed_vc,34,1,output_vs_timbreRef,bottom5,hindi26__2354,english584__2197,reference_sentence1_hindi26__2354_s1.wav,seed_vc_bottom5_output_sentence2_timbre-hindi26__2354__source-english584__2197__seed_vc_s2.wav,yes,NA,818,mshx7crv-ahd81gjp,,,,,,,,,,,,,,
8/6/2026,accent_dialect,639b9ab341f4429b1b3c06a2,openvoice,3,3,timbreRef_vs_sourceRef,top5,hindi19__2206,english584__2197,source_sentence1_english584__2197_s1.wav,reference_sentence2_hindi19__2206_s2.wav,yes,different,9546,mshxd6ke-f0fxnrpq,,,,,,,,,,,,,,
8/6/2026,accent_dialect,69eea7555d195a4d27877668,seed_vc,demographics,,,,,,,,,,,mshx389f-ak77uyeh,45–54,Black American,Southeastern U.S.,English,,Female,No,,No,,ChatGPT Voice Assistant; Google Gemini Voice; Amazon Alexa; Apple Siri,Several times per day,6,
8/6/2026,accent_dialect,608f2bae0ee0a74455533e4c,openvoice,demographics,,,,,,,,,,,mshx6xma-jow0h9nm,55+,Asian American,Southwestern U.S.,English,,Female,No,,No,,ChatGPT Voice Assistant; Google Gemini Voice; Amazon Alexa; Apple Siri; Microsoft Cortana; Voice-based navigation apps,About once per day,4,
8/6/2026,accent_dialect,6943112231de947e3850dcfc,openvoice,42,1,output_vs_timbreRef,top5,gujarati11__2301,english584__2197,openvoice_top5_output_sentence1_timbre-gujarati11__2301__source-english584__2197__openvoice_s1.wav,reference_sentence2_gujarati11__2301_s2.wav,yes,NA,1099,mshx26v3-pdvz2ca7,,,,,,,,,,,,,,
8/6/2026,accent_dialect,610d6c481ca4797b863fe3d1,seed_vc,37,4,output_vs_sourceRef,bottom5,hindi26__2354,english584__2197,seed_vc_bottom5_output_sentence1_timbre-hindi26__2354__source-english584__2197__seed_vc_s1.wav,source_sentence2_english584__2197_s2.wav,yes,NA,841,mshx5sv6-zpr5uppx,,,,,,,,,,,,,,
8/6/2026,accent_dialect,5bdf8d7eee652a0001f0999c,seed_vc,41,1,output_vs_timbreRef,bottom5,hindi13__1633,english200__667,seed_vc_bottom5_output_sentence1_timbre-hindi13__1633__source-english200__667__seed_vc_s1.wav,reference_sentence2_hindi13__1633_s2.wav,no,NA,1216,mshx2exz-hb5k5jbj,,,,,,,,,,,,,,
8/6/2026,accent_dialect,69fef2baef4c76d1fd6b0db8,openvoice,16,3,timbreRef_vs_sourceRef,top5,gujarati13__2409,english200__667,source_sentence1_english200__667_s1.wav,reference_sentence2_gujarati13__2409_s2.wav,no,different,3154,mshx1bgv-htxpkxbn,,,,,,,,,,,,,,
8/6/2026,accent_dialect,629082739390703f993b12bd,seed_vc,1,2,timbreRef_vs_timbreRef,bottom5,hindi13__1633,english200__667,reference_sentence1_hindi13__1633_s1.wav,reference_sentence2_hindi13__1633_s2.wav,yes,same,2918,mshxhvgr-hjmqctau,,,,,,,,,,,,,,
8/6/2026,accent_dialect,5f0a686635f72917e94c7a63,seed_vc,23,3,timbreRef_vs_sourceRef,bottom5,hindi26__2354,english584__2197,source_sentence1_english584__2197_s1.wav,reference_sentence2_hindi26__2354_s2.wav,no,different,788,mshx5yzf-j7rekqej,,,,,,,,,,,,,,
8/6/2026,accent_dialect,6720c26f12695d0297414d2d,openvoice,43,6,sourceRef_vs_sourceRef_cross,NA,NA,english200__667__vs__english584__2197,source_sentence1_english200__667_s1.wav,source_sentence2_english584__2197_s2.wav,yes,same,3317,mshx8gfb-6hep8dbg,,,,,,,,,,,,,,
8/6/2026,accent_dialect,69ff53f3401c96094c4b05ab,openvoice,29,2,timbreRef_vs_timbreRef,bottom5,gujarati7__1504,english200__667,reference_sentence1_gujarati7__1504_s1.wav,reference_sentence2_gujarati7__1504_s2.wav,yes,same,1360,mshx9y75-5ymlymia,,,,,,,,,,,,,,
8/6/2026,accent_dialect,639b9ab341f4429b1b3c06a2,openvoice,4,1,output_vs_timbreRef,bottom5,gujarati7__1504,english200__667,reference_sentence1_gujarati7__1504_s1.wav,openvoice_bottom5_output_sentence2_timbre-gujarati7__1504__source-english200__667__openvoice_s2.wav,no,NA,4410,mshxd6ke-f0fxnrpq,,,,,,,,,,,,,,
8/6/2026,accent_dialect,6943112231de947e3850dcfc,openvoice,43,1,output_vs_timbreRef,bottom5,hindi7__867,english200__667,reference_sentence1_hindi7__867_s1.wav,openvoice_bottom5_output_sentence2_timbre-hindi7__867__source-english200__667__openvoice_s2.wav,no,NA,928,mshx26v3-pdvz2ca7,,,,,,,,,,,,,,
8/6/2026,accent_dialect,5737620867421f000d181393,openvoice,16,4,output_vs_sourceRef,bottom5,hindi12__1440,english200__667,source_sentence1_english200__667_s1.wav,openvoice_bottom5_output_sentence2_timbre-hindi12__1440__source-english200__667__openvoice_s2.wav,yes,NA,2182,mshx3ou5-sptjze1t,,,,,,,,,,,,,,
8/6/2026,accent_dialect,629082739390703f993b12bd,seed_vc,2,1,output_vs_timbreRef,top5,hindi10__1202,english200__667,reference_sentence1_hindi10__1202_s1.wav,seed_vc_top5_output_sentence2_timbre-hindi10__1202__source-english200__667__seed_vc_s2.wav,yes,NA,1202,mshxhvgr-hjmqctau,,,,,,,,,,,,,,
8/6/2026,accent_dialect,610d6c481ca4797b863fe3d1,seed_vc,38,2,timbreRef_vs_timbreRef,top5,hindi19__2206,english584__2197,reference_sentence1_hindi19__2206_s1.wav,reference_sentence2_hindi19__2206_s2.wav,yes,same,1030,mshx5sv6-zpr5uppx,,,,,,,,,,,,,,
8/6/2026,accent_dialect,69fef2baef4c76d1fd6b0db8,openvoice,17,1,output_vs_timbreRef,bottom5,gujarati7__1504,english200__667,openvoice_bottom5_output_sentence1_timbre-gujarati7__1504__source-english200__667__openvoice_s1.wav,reference_sentence2_gujarati7__1504_s2.wav,no,NA,987,mshx1bgv-htxpkxbn,,,,,,,,,,,,,,
8/6/2026,accent_dialect,63614ad9841a7d16ad04512a,openvoice,9,3,timbreRef_vs_sourceRef,top5,hindi19__2206,english584__2197,source_sentence1_english584__2197_s1.wav,reference_sentence2_hindi19__2206_s2.wav,no,different,5722,mshx0qio-udtmvs7l,,,,,,,,,,,,,,
8/6/2026,accent_dialect,6a269ff5749895f01921daf1,seed_vc,14,2,timbreRef_vs_timbreRef,bottom5,gujarati4__610,english200__667,reference_sentence1_gujarati4__610_s1.wav,reference_sentence2_gujarati4__610_s2.wav,yes,same,65587,mshx6mpk-rjlfuaij,,,,,,,,,,,,,,
8/6/2026,accent_dialect,69ff53f3401c96094c4b05ab,openvoice,30,1,output_vs_timbreRef,bottom5,hindi12__1440,english200__667,openvoice_bottom5_output_sentence1_timbre-hindi12__1440__source-english200__667__openvoice_s1.wav,reference_sentence2_hindi12__1440_s2.wav,yes,NA,1131,mshx9y75-5ymlymia,,,,,,,,,,,,,,
8/6/2026,accent_dialect,6943112231de947e3850dcfc,openvoice,44,3,timbreRef_vs_sourceRef,top5,gujarati11__2301,english584__2197,source_sentence1_english584__2197_s1.wav,reference_sentence2_gujarati11__2301_s2.wav,no,different,723,mshx26v3-pdvz2ca7,,,,,,,,,,,,,,
8/6/2026,accent_dialect,664538d42f1f1e3371e3e3db,openvoice,demographics,,,,,,,,,,,mshx6vkg-3stj714d,55+,White American,Southeastern U.S.,English,,Female,No,,No,,ChatGPT Voice Assistant; Apple Siri,About once per day,5,
8/6/2026,accent_dialect,639b9ab341f4429b1b3c06a2,openvoice,5,2,timbreRef_vs_timbreRef,top5,hindi13__1633,english200__667,reference_sentence1_hindi13__1633_s1.wav,reference_sentence2_hindi13__1633_s2.wav,yes,same,1283,mshxd6ke-f0fxnrpq,,,,,,,,,,,,,,
8/6/2026,accent_dialect,5f0a686635f72917e94c7a63,seed_vc,24,2,timbreRef_vs_timbreRef,top5,hindi10__1202,english200__667,reference_sentence1_hindi10__1202_s1.wav,reference_sentence2_hindi10__1202_s2.wav,yes,same,1431,mshx5yzf-j7rekqej,,,,,,,,,,,,,,
8/6/2026,accent_dialect,610d6c481ca4797b863fe3d1,seed_vc,39,1,output_vs_timbreRef,top5,gujarati16__2558,english200__667,reference_sentence1_gujarati16__2558_s1.wav,seed_vc_top5_output_sentence2_timbre-gujarati16__2558__source-english200__667__seed_vc_s2.wav,yes,NA,922,mshx5sv6-zpr5uppx,,,,,,,,,,,,,,
8/6/2026,accent_dialect,6720c26f12695d0297414d2d,openvoice,44,3,timbreRef_vs_sourceRef,bottom5,hindi12__1440,english200__667,source_sentence1_english200__667_s1.wav,reference_sentence2_hindi12__1440_s2.wav,no,different,2156,mshx8gfb-6hep8dbg,,,,,,,,,,,,,,
8/6/2026,accent_dialect,5737620867421f000d181393,openvoice,17,4,output_vs_sourceRef,bottom5,gujarati9__2041,english584__2197,openvoice_bottom5_output_sentence1_timbre-gujarati9__2041__source-english584__2197__openvoice_s1.wav,source_sentence2_english584__2197_s2.wav,yes,NA,4150,mshx3ou5-sptjze1t,,,,,,,,,,,,,,
8/6/2026,accent_dialect,63614ad9841a7d16ad04512a,openvoice,10,2,timbreRef_vs_timbreRef,bottom5,hindi7__867,english200__667,reference_sentence1_hindi7__867_s1.wav,reference_sentence2_hindi7__867_s2.wav,yes,same,1708,mshx0qio-udtmvs7l,,,,,,,,,,,,,,
8/6/2026,accent_dialect,6a08d24b7f6eccd08cd8ca75,seed_vc,36,4,output_vs_sourceRef,bottom5,hindi21__2236,english584__2197,source_sentence1_english584__2197_s1.wav,seed_vc_bottom5_output_sentence2_timbre-hindi21__2236__source-english584__2197__seed_vc_s2.wav,yes,NA,1028,mshx7crv-ahd81gjp,,,,,,,,,,,,,,
8/6/2026,accent_dialect,69ff53f3401c96094c4b05ab,openvoice,31,4,output_vs_sourceRef,top5,hindi19__2206,english584__2197,source_sentence1_english584__2197_s1.wav,openvoice_top5_output_sentence2_timbre-hindi19__2206__source-english584__2197__openvoice_s2.wav,no,NA,1114,mshx9y75-5ymlymia,,,,,,,,,,,,,,
8/6/2026,accent_dialect,629082739390703f993b12bd,seed_vc,4,2,timbreRef_vs_timbreRef,top5,gujarati16__2558,english200__667,reference_sentence1_gujarati16__2558_s1.wav,reference_sentence2_gujarati16__2558_s2.wav,yes,same,1568,mshxhvgr-hjmqctau,,,,,,,,,,,,,,
8/6/2026,accent_dialect,67f1626e4525cfea0f0a9753,openvoice,18,3,timbreRef_vs_sourceRef,top5,gujarati13__2409,english200__667,source_sentence1_english200__667_s1.wav,reference_sentence2_gujarati13__2409_s2.wav,no,different,1269,mshx3agb-zxol7xys,,,,,,,,,,,,,,
8/6/2026,accent_dialect,639b9ab341f4429b1b3c06a2,openvoice,6,3,timbreRef_vs_sourceRef,top5,gujarati17__2824,english200__667,reference_sentence1_gujarati17__2824_s1.wav,source_sentence2_english200__667_s2.wav,no,different,5036,mshxd6ke-f0fxnrpq,,,,,,,,,,,,,,
8/6/2026,accent_dialect,610d6c481ca4797b863fe3d1,seed_vc,40,1,output_vs_timbreRef,bottom5,hindi26__2354,english584__2197,seed_vc_bottom5_output_sentence1_timbre-hindi26__2354__source-english584__2197__seed_vc_s1.wav,reference_sentence2_hindi26__2354_s2.wav,yes,NA,2219,mshx5sv6-zpr5uppx,,,,,,,,,,,,,,
8/6/2026,accent_dialect,629082739390703f993b12bd,seed_vc,5,6,sourceRef_vs_sourceRef_cross,NA,NA,english200__667__vs__english584__2197,source_sentence1_english200__667_s1.wav,source_sentence2_english584__2197_s2.wav,no,same,1082,mshxhvgr-hjmqctau,,,,,,,,,,,,,,
8/6/2026,accent_dialect,639b9ab341f4429b1b3c06a2,openvoice,7,4,output_vs_sourceRef,top5,hindi13__1633,english200__667,source_sentence1_english200__667_s1.wav,openvoice_top5_output_sentence2_timbre-hindi13__1633__source-english200__667__openvoice_s2.wav,yes,NA,1116,mshxd6ke-f0fxnrpq,,,,,,,,,,,,,,
8/6/2026,accent_dialect,67f1626e4525cfea0f0a9753,openvoice,19,4,output_vs_sourceRef,bottom5,hindi7__867,english200__667,source_sentence1_english200__667_s1.wav,openvoice_bottom5_output_sentence2_timbre-hindi7__867__source-english200__667__openvoice_s2.wav,yes,NA,2571,mshx3agb-zxol7xys,,,,,,,,,,,,,,
8/6/2026,accent_dialect,5f0a686635f72917e94c7a63,seed_vc,25,4,output_vs_sourceRef,bottom5,gujarati4__610,english200__667,seed_vc_bottom5_output_sentence1_timbre-gujarati4__610__source-english200__667__seed_vc_s1.wav,source_sentence2_english200__667_s2.wav,yes,NA,788,mshx5yzf-j7rekqej,,,,,,,,,,,,,,
8/6/2026,accent_dialect,69ff53f3401c96094c4b05ab,openvoice,32,3,timbreRef_vs_sourceRef,bottom5,gujarati8__1678,english200__667,source_sentence1_english200__667_s1.wav,reference_sentence2_gujarati8__1678_s2.wav,no,different,2815,mshx9y75-5ymlymia,,,,,,,,,,,,,,
8/6/2026,accent_dialect,69fef2baef4c76d1fd6b0db8,openvoice,18,3,timbreRef_vs_sourceRef,top5,hindi13__1633,english200__667,reference_sentence1_hindi13__1633_s1.wav,source_sentence2_english200__667_s2.wav,no,different,21424,mshx1bgv-htxpkxbn,,,,,,,,,,,,,,
8/6/2026,accent_dialect,629082739390703f993b12bd,seed_vc,6,4,output_vs_sourceRef,bottom5,gujarati4__610,english200__667,seed_vc_bottom5_output_sentence1_timbre-gujarati4__610__source-english200__667__seed_vc_s1.wav,source_sentence2_english200__667_s2.wav,no,NA,1106,mshxhvgr-hjmqctau,,,,,,,,,,,,,,
8/6/2026,accent_dialect,639b9ab341f4429b1b3c06a2,openvoice,8,4,output_vs_sourceRef,bottom5,gujarati9__2041,english584__2197,openvoice_bottom5_output_sentence1_timbre-gujarati9__2041__source-english584__2197__openvoice_s1.wav,source_sentence2_english584__2197_s2.wav,yes,NA,1041,mshxd6ke-f0fxnrpq,,,,,,,,,,,,,,
8/6/2026,accent_dialect,610d6c481ca4797b863fe3d1,seed_vc,41,1,output_vs_timbreRef,top5,hindi19__2206,english584__2197,reference_sentence1_hindi19__2206_s1.wav,seed_vc_top5_output_sentence2_timbre-hindi19__2206__source-english584__2197__seed_vc_s2.wav,yes,NA,7790,mshx5sv6-zpr5uppx,,,,,,,,,,,,,,
8/6/2026,accent_dialect,63614ad9841a7d16ad04512a,openvoice,13,1,output_vs_timbreRef,top5,gujarati11__2301,english584__2197,openvoice_top5_output_sentence1_timbre-gujarati11__2301__source-english584__2197__openvoice_s1.wav,reference_sentence2_gujarati11__2301_s2.wav,yes,NA,469,mshx0qio-udtmvs7l,,,,,,,,,,,,,,
8/6/2026,accent_dialect,69ff53f3401c96094c4b05ab,openvoice,33,2,timbreRef_vs_timbreRef,bottom5,gujarati8__1678,english200__667,reference_sentence1_gujarati8__1678_s1.wav,reference_sentence2_gujarati8__1678_s2.wav,no,same,3179,mshx9y75-5ymlymia,,,,,,,,,,,,,,
8/6/2026,accent_dialect,5737620867421f000d181393,openvoice,19,2,timbreRef_vs_timbreRef,bottom5,hindi12__1440,english200__667,reference_sentence1_hindi12__1440_s1.wav,reference_sentence2_hindi12__1440_s2.wav,yes,same,1570,mshx3ou5-sptjze1t,,,,,,,,,,,,,,
8/6/2026,accent_dialect,69fef2baef4c76d1fd6b0db8,openvoice,20,4,output_vs_sourceRef,top5,hindi13__1633,english200__667,source_sentence1_english200__667_s1.wav,openvoice_top5_output_sentence2_timbre-hindi13__1633__source-english200__667__openvoice_s2.wav,no,NA,725,mshx1bgv-htxpkxbn,,,,,,,,,,,,,,
8/6/2026,accent_dialect,629082739390703f993b12bd,seed_vc,7,1,output_vs_timbreRef,bottom5,hindi21__2236,english584__2197,seed_vc_bottom5_output_sentence1_timbre-hindi21__2236__source-english584__2197__seed_vc_s1.wav,reference_sentence2_hindi21__2236_s2.wav,no,NA,1068,mshxhvgr-hjmqctau,,,,,,,,,,,,,,
8/6/2026,accent_dialect,6943112231de947e3850dcfc,openvoice,demographics,,,,,,,,,,,mshx26v3-pdvz2ca7,45–54,White American,Southeastern U.S.,English,,Male,No,,No,,None of the above,Never,4,
8/6/2026,accent_dialect,6a269ff5749895f01921daf1,seed_vc,15,2,timbreRef_vs_timbreRef,bottom5,hindi16__1966,english584__2197,reference_sentence1_hindi16__1966_s1.wav,reference_sentence2_hindi16__1966_s2.wav,yes,same,32073,mshx6mpk-rjlfuaij,,,,,,,,,,,,,,
8/6/2026,accent_dialect,639b9ab341f4429b1b3c06a2,openvoice,9,4,output_vs_sourceRef,top5,gujarati11__2301,english584__2197,source_sentence1_english584__2197_s1.wav,openvoice_top5_output_sentence2_timbre-gujarati11__2301__source-english584__2197__openvoice_s2.wav,yes,NA,2816,mshxd6ke-f0fxnrpq,,,,,,,,,,,,,,
8/6/2026,accent_dialect,5737620867421f000d181393,openvoice,20,2,timbreRef_vs_timbreRef,bottom5,gujarati9__2041,english584__2197,reference_sentence1_gujarati9__2041_s1.wav,reference_sentence2_gujarati9__2041_s2.wav,yes,same,2067,mshx3ou5-sptjze1t,,,,,,,,,,,,,,
8/6/2026,accent_dialect,63614ad9841a7d16ad04512a,openvoice,11,2,timbreRef_vs_timbreRef,top5,hindi19__2206,english584__2197,reference_sentence1_hindi19__2206_s1.wav,reference_sentence2_hindi19__2206_s2.wav,yes,same,563,mshx0qio-udtmvs7l,,,,,,,,,,,,,,
8/6/2026,accent_dialect,69ff53f3401c96094c4b05ab,openvoice,34,2,timbreRef_vs_timbreRef,top5,hindi19__2206,english584__2197,reference_sentence1_hindi19__2206_s1.wav,reference_sentence2_hindi19__2206_s2.wav,yes,same,1096,mshx9y75-5ymlymia,,,,,,,,,,,,,,
8/6/2026,accent_dialect,629082739390703f993b12bd,seed_vc,8,1,output_vs_timbreRef,top5,hindi2__587,english584__2197,seed_vc_top5_output_sentence1_timbre-hindi2__587__source-english584__2197__seed_vc_s1.wav,reference_sentence2_hindi2__587_s2.wav,yes,NA,2217,mshxhvgr-hjmqctau,,,,,,,,,,,,,,
8/6/2026,accent_dialect,610d6c481ca4797b863fe3d1,seed_vc,42,2,timbreRef_vs_timbreRef,top5,hindi2__587,english584__2197,reference_sentence1_hindi2__587_s1.wav,reference_sentence2_hindi2__587_s2.wav,no,same,5377,mshx5sv6-zpr5uppx,,,,,,,,,,,,,,
8/6/2026,accent_dialect,63d023f75eaafe675b6fa5fd,seed_vc,demographics,,,,,,,,,,,mshx7x8l-33cmg89d,45–54,Hispanic/Latino American,Southeastern U.S.,English and another language,Spanish,Female,No,,No,,ChatGPT Voice Assistant; Google Gemini Voice; Amazon Alexa,Several times per day,6,
8/6/2026,accent_dialect,639b9ab341f4429b1b3c06a2,openvoice,10,1,output_vs_timbreRef,top5,gujarati17__2824,english200__667,openvoice_top5_output_sentence1_timbre-gujarati17__2824__source-english200__667__openvoice_s1.wav,reference_sentence2_gujarati17__2824_s2.wav,no,NA,1368,mshxd6ke-f0fxnrpq,,,,,,,,,,,,,,
8/6/2026,accent_dialect,5bdf8d7eee652a0001f0999c,seed_vc,42,3,timbreRef_vs_sourceRef,bottom5,hindi13__1633,english200__667,source_sentence1_english200__667_s1.wav,reference_sentence2_hindi13__1633_s2.wav,no,different,5252,mshx2exz-hb5k5jbj,,,,,,,,,,,,,,
8/6/2026,accent_dialect,63614ad9841a7d16ad04512a,openvoice,15,2,timbreRef_vs_timbreRef,bottom5,gujarati9__2041,english584__2197,reference_sentence1_gujarati9__2041_s1.wav,reference_sentence2_gujarati9__2041_s2.wav,yes,same,594,mshx0qio-udtmvs7l,,,,,,,,,,,,,,
8/6/2026,accent_dialect,69fef2baef4c76d1fd6b0db8,openvoice,21,3,timbreRef_vs_sourceRef,bottom5,hindi12__1440,english200__667,source_sentence1_english200__667_s1.wav,reference_sentence2_hindi12__1440_s2.wav,no,different,1239,mshx1bgv-htxpkxbn,,,,,,,,,,,,,,
8/6/2026,accent_dialect,69ff53f3401c96094c4b05ab,openvoice,35,4,output_vs_sourceRef,bottom5,gujarati9__2041,english584__2197,openvoice_bottom5_output_sentence1_timbre-gujarati9__2041__source-english584__2197__openvoice_s1.wav,source_sentence2_english584__2197_s2.wav,no,NA,1261,mshx9y75-5ymlymia,,,,,,,,,,,,,,
8/6/2026,accent_dialect,67f1626e4525cfea0f0a9753,openvoice,20,1,output_vs_timbreRef,bottom5,gujarati8__1678,english200__667,reference_sentence1_gujarati8__1678_s1.wav,openvoice_bottom5_output_sentence2_timbre-gujarati8__1678__source-english200__667__openvoice_s2.wav,no,NA,2464,mshx3agb-zxol7xys,,,,,,,,,,,,,,
8/6/2026,accent_dialect,6a08d24b7f6eccd08cd8ca75,seed_vc,38,1,output_vs_timbreRef,bottom5,hindi16__1966,english584__2197,seed_vc_bottom5_output_sentence1_timbre-hindi16__1966__source-english584__2197__seed_vc_s1.wav,reference_sentence2_hindi16__1966_s2.wav,yes,NA,2328,mshx7crv-ahd81gjp,,,,,,,,,,,,,,
8/6/2026,accent_dialect,610d6c481ca4797b863fe3d1,seed_vc,43,3,timbreRef_vs_sourceRef,bottom5,hindi13__1633,english200__667,source_sentence1_english200__667_s1.wav,reference_sentence2_hindi13__1633_s2.wav,no,different,847,mshx5sv6-zpr5uppx,,,,,,,,,,,,,,
8/6/2026,accent_dialect,629082739390703f993b12bd,seed_vc,9,1,output_vs_timbreRef,bottom5,hindi16__1966,english584__2197,seed_vc_bottom5_output_sentence1_timbre-hindi16__1966__source-english584__2197__seed_vc_s1.wav,reference_sentence2_hindi16__1966_s2.wav,no,NA,1803,mshxhvgr-hjmqctau,,,,,,,,,,,,,,
8/6/2026,accent_dialect,63614ad9841a7d16ad04512a,openvoice,16,2,timbreRef_vs_timbreRef,bottom5,gujarati7__1504,english200__667,reference_sentence1_gujarati7__1504_s1.wav,reference_sentence2_gujarati7__1504_s2.wav,yes,same,444,mshx0qio-udtmvs7l,,,,,,,,,,,,,,
8/6/2026,accent_dialect,5bdf8d7eee652a0001f0999c,seed_vc,43,4,output_vs_sourceRef,top5,hindi19__2206,english584__2197,source_sentence1_english584__2197_s1.wav,seed_vc_top5_output_sentence2_timbre-hindi19__2206__source-english584__2197__seed_vc_s2.wav,no,NA,1039,mshx2exz-hb5k5jbj,,,,,,,,,,,,,,
8/6/2026,accent_dialect,5737620867421f000d181393,openvoice,21,3,timbreRef_vs_sourceRef,bottom5,hindi12__1440,english200__667,source_sentence1_english200__667_s1.wav,reference_sentence2_hindi12__1440_s2.wav,no,different,4036,mshx3ou5-sptjze1t,,,,,,,,,,,,,,
8/6/2026,accent_dialect,6a269ff5749895f01921daf1,seed_vc,16,3,timbreRef_vs_sourceRef,top5,gujarati5__1016,english200__667,source_sentence1_english200__667_s1.wav,reference_sentence2_gujarati5__1016_s2.wav,yes,different,7539,mshx6mpk-rjlfuaij,,,,,,,,,,,,,,
8/6/2026,accent_dialect,69fef2baef4c76d1fd6b0db8,openvoice,22,5,sourceRef_vs_sourceRef,bottom5,gujarati7__1504,english200__667,source_sentence1_english200__667_s1.wav,source_sentence2_english200__667_s2.wav,yes,same,877,mshx1bgv-htxpkxbn,,,,,,,,,,,,,,
8/6/2026,accent_dialect,629082739390703f993b12bd,seed_vc,10,3,timbreRef_vs_sourceRef,bottom5,hindi26__2354,english584__2197,source_sentence1_english584__2197_s1.wav,reference_sentence2_hindi26__2354_s2.wav,no,different,1110,mshxhvgr-hjmqctau,,,,,,,,,,,,,,
8/6/2026,accent_dialect,6a08d24b7f6eccd08cd8ca75,seed_vc,39,4,output_vs_sourceRef,top5,hindi19__2206,english584__2197,seed_vc_top5_output_sentence1_timbre-hindi19__2206__source-english584__2197__seed_vc_s1.wav,source_sentence2_english584__2197_s2.wav,yes,NA,3199,mshx7crv-ahd81gjp,,,,,,,,,,,,,,
8/6/2026,accent_dialect,63614ad9841a7d16ad04512a,openvoice,17,3,timbreRef_vs_sourceRef,top5,gujarati13__2409,english200__667,reference_sentence1_gujarati13__2409_s1.wav,source_sentence2_english200__667_s2.wav,no,different,498,mshx0qio-udtmvs7l,,,,,,,,,,,,,,
8/6/2026,accent_dialect,5f0a686635f72917e94c7a63,seed_vc,26,2,timbreRef_vs_timbreRef,top5,hindi19__2206,english584__2197,reference_sentence1_hindi19__2206_s1.wav,reference_sentence2_hindi19__2206_s2.wav,yes,same,1107,mshx5yzf-j7rekqej,,,,,,,,,,,,,,
8/6/2026,accent_dialect,610d6c481ca4797b863fe3d1,seed_vc,44,3,timbreRef_vs_sourceRef,top5,gujarati16__2558,english200__667,source_sentence1_english200__667_s1.wav,reference_sentence2_gujarati16__2558_s2.wav,yes,different,4453,mshx5sv6-zpr5uppx,,,,,,,,,,,,,,
8/6/2026,accent_dialect,69fef2baef4c76d1fd6b0db8,openvoice,23,2,timbreRef_vs_timbreRef,bottom5,gujarati8__1678,english200__667,reference_sentence1_gujarati8__1678_s1.wav,reference_sentence2_gujarati8__1678_s2.wav,yes,same,722,mshx1bgv-htxpkxbn,,,,,,,,,,,,,,
8/6/2026,accent_dialect,63614ad9841a7d16ad04512a,openvoice,18,4,output_vs_sourceRef,top5,gujarati17__2824,english200__667,openvoice_top5_output_sentence1_timbre-gujarati17__2824__source-english200__667__openvoice_s1.wav,source_sentence2_english200__667_s2.wav,no,NA,354,mshx0qio-udtmvs7l,,,,,,,,,,,,,,
8/6/2026,accent_dialect,69ff53f3401c96094c4b05ab,openvoice,37,3,timbreRef_vs_sourceRef,bottom5,gujarati9__2041,english584__2197,reference_sentence1_gujarati9__2041_s1.wav,source_sentence2_english584__2197_s2.wav,no,different,1000,mshx9y75-5ymlymia,,,,,,,,,,,,,,
8/6/2026,accent_dialect,5f0a686635f72917e94c7a63,seed_vc,27,1,output_vs_timbreRef,top5,gujarati5__1016,english200__667,reference_sentence1_gujarati5__1016_s1.wav,seed_vc_top5_output_sentence2_timbre-gujarati5__1016__source-english200__667__seed_vc_s2.wav,no,NA,899,mshx5yzf-j7rekqej,,,,,,,,,,,,,,
8/6/2026,accent_dialect,639b9ab341f4429b1b3c06a2,openvoice,12,3,timbreRef_vs_sourceRef,bottom5,hindi12__1440,english200__667,source_sentence1_english200__667_s1.wav,reference_sentence2_hindi12__1440_s2.wav,no,different,1243,mshxd6ke-f0fxnrpq,,,,,,,,,,,,,,
8/6/2026,accent_dialect,63614ad9841a7d16ad04512a,openvoice,19,2,timbreRef_vs_timbreRef,top5,gujarati13__2409,english200__667,reference_sentence1_gujarati13__2409_s1.wav,reference_sentence2_gujarati13__2409_s2.wav,yes,same,448,mshx0qio-udtmvs7l,,,,,,,,,,,,,,
8/6/2026,accent_dialect,69fd502ade7763b4307a98af,seed_vc,demographics,,,,,,,,,,,mshx66cb-lxo41smp,35–44,Black American,Southeastern U.S.,English,,Female,No,,No,,ChatGPT Voice Assistant,A few times per week,5,
8/6/2026,accent_dialect,6a08d24b7f6eccd08cd8ca75,seed_vc,40,1,output_vs_timbreRef,bottom5,hindi13__1633,english200__667,seed_vc_bottom5_output_sentence1_timbre-hindi13__1633__source-english200__667__seed_vc_s1.wav,reference_sentence2_hindi13__1633_s2.wav,yes,NA,873,mshx7crv-ahd81gjp,,,,,,,,,,,,,,
8/6/2026,accent_dialect,629082739390703f993b12bd,seed_vc,11,3,timbreRef_vs_sourceRef,top5,hindi19__2206,english584__2197,reference_sentence1_hindi19__2206_s1.wav,source_sentence2_english584__2197_s2.wav,no,different,1149,mshxhvgr-hjmqctau,,,,,,,,,,,,,,
8/6/2026,accent_dialect,6a269ff5749895f01921daf1,seed_vc,17,5,sourceRef_vs_sourceRef,bottom5,hindi16__1966,english584__2197,source_sentence1_english584__2197_s1.wav,source_sentence2_english584__2197_s2.wav,yes,same,9962,mshx6mpk-rjlfuaij,,,,,,,,,,,,,,
8/6/2026,accent_dialect,69ff53f3401c96094c4b05ab,openvoice,38,4,output_vs_sourceRef,bottom5,hindi7__867,english200__667,source_sentence1_english200__667_s1.wav,openvoice_bottom5_output_sentence2_timbre-hindi7__867__source-english200__667__openvoice_s2.wav,no,NA,1201,mshx9y75-5ymlymia,,,,,,,,,,,,,,
8/6/2026,accent_dialect,67f1626e4525cfea0f0a9753,openvoice,21,1,output_vs_timbreRef,top5,hindi13__1633,english200__667,openvoice_top5_output_sentence1_timbre-hindi13__1633__source-english200__667__openvoice_s1.wav,reference_sentence2_hindi13__1633_s2.wav,no,NA,2446,mshx3agb-zxol7xys,,,,,,,,,,,,,,
8/6/2026,accent_dialect,63614ad9841a7d16ad04512a,openvoice,20,1,output_vs_timbreRef,bottom5,hindi12__1440,english200__667,reference_sentence1_hindi12__1440_s1.wav,openvoice_bottom5_output_sentence2_timbre-hindi12__1440__source-english200__667__openvoice_s2.wav,yes,NA,621,mshx0qio-udtmvs7l,,,,,,,,,,,,,,
8/6/2026,accent_dialect,639b9ab341f4429b1b3c06a2,openvoice,13,2,timbreRef_vs_timbreRef,bottom5,hindi7__867,english200__667,reference_sentence1_hindi7__867_s1.wav,reference_sentence2_hindi7__867_s2.wav,yes,same,1876,mshxd6ke-f0fxnrpq,,,,,,,,,,,,,,
8/6/2026,accent_dialect,629082739390703f993b12bd,seed_vc,12,3,timbreRef_vs_sourceRef,top5,gujarati16__2558,english200__667,source_sentence1_english200__667_s1.wav,reference_sentence2_gujarati16__2558_s2.wav,no,different,1173,mshxhvgr-hjmqctau,,,,,,,,,,,,,,
8/6/2026,accent_dialect,69ff53f3401c96094c4b05ab,openvoice,39,1,output_vs_timbreRef,top5,gujarati13__2409,english200__667,openvoice_top5_output_sentence1_timbre-gujarati13__2409__source-english200__667__openvoice_s1.wav,reference_sentence2_gujarati13__2409_s2.wav,yes,NA,1028,mshx9y75-5ymlymia,,,,,,,,,,,,,,
8/6/2026,accent_dialect,6a269ff5749895f01921daf1,seed_vc,18,4,output_vs_sourceRef,top5,hindi10__1202,english200__667,source_sentence1_english200__667_s1.wav,seed_vc_top5_output_sentence2_timbre-hindi10__1202__source-english200__667__seed_vc_s2.wav,no,NA,4732,mshx6mpk-rjlfuaij,,,,,,,,,,,,,,
8/6/2026,accent_dialect,5737620867421f000d181393,openvoice,22,3,timbreRef_vs_sourceRef,top5,gujarati17__2824,english200__667,reference_sentence1_gujarati17__2824_s1.wav,source_sentence2_english200__667_s2.wav,no,different,770,mshx3ou5-sptjze1t,,,,,,,,,,,,,,
8/6/2026,accent_dialect,63614ad9841a7d16ad04512a,openvoice,21,5,sourceRef_vs_sourceRef,bottom5,gujarati9__2041,english584__2197,source_sentence1_english584__2197_s1.wav,source_sentence2_english584__2197_s2.wav,yes,same,371,mshx0qio-udtmvs7l,,,,,,,,,,,,,,
8/6/2026,accent_dialect,629082739390703f993b12bd,seed_vc,13,4,output_vs_sourceRef,bottom5,hindi26__2354,english584__2197,seed_vc_bottom5_output_sentence1_timbre-hindi26__2354__source-english584__2197__seed_vc_s1.wav,source_sentence2_english584__2197_s2.wav,no,NA,1069,mshxhvgr-hjmqctau,,,,,,,,,,,,,,
8/6/2026,accent_dialect,6a08d24b7f6eccd08cd8ca75,seed_vc,41,3,timbreRef_vs_sourceRef,top5,hindi10__1202,english200__667,reference_sentence1_hindi10__1202_s1.wav,source_sentence2_english200__667_s2.wav,yes,different,1235,mshx7crv-ahd81gjp,,,,,,,,,,,,,,
8/6/2026,accent_dialect,639b9ab341f4429b1b3c06a2,openvoice,14,1,output_vs_timbreRef,top5,gujarati13__2409,english200__667,openvoice_top5_output_sentence1_timbre-gujarati13__2409__source-english200__667__openvoice_s1.wav,reference_sentence2_gujarati13__2409_s2.wav,no,NA,2729,mshxd6ke-f0fxnrpq,,,,,,,,,,,,,,
8/6/2026,accent_dialect,69ff53f3401c96094c4b05ab,openvoice,40,4,output_vs_sourceRef,bottom5,hindi12__1440,english200__667,source_sentence1_english200__667_s1.wav,openvoice_bottom5_output_sentence2_timbre-hindi12__1440__source-english200__667__openvoice_s2.wav,no,NA,879,mshx9y75-5ymlymia,,,,,,,,,,,,,,
8/6/2026,accent_dialect,69fef2baef4c76d1fd6b0db8,openvoice,24,2,timbreRef_vs_timbreRef,top5,hindi13__1633,english200__667,reference_sentence1_hindi13__1633_s1.wav,reference_sentence2_hindi13__1633_s2.wav,no,same,19286,mshx1bgv-htxpkxbn,,,,,,,,,,,,,,
8/6/2026,accent_dialect,5737620867421f000d181393,openvoice,23,5,sourceRef_vs_sourceRef,bottom5,gujarati9__2041,english584__2197,source_sentence1_english584__2197_s1.wav,source_sentence2_english584__2197_s2.wav,yes,same,1552,mshx3ou5-sptjze1t,,,,,,,,,,,,,,
8/6/2026,accent_dialect,63614ad9841a7d16ad04512a,openvoice,22,1,output_vs_timbreRef,bottom5,gujarati9__2041,english584__2197,openvoice_bottom5_output_sentence1_timbre-gujarati9__2041__source-english584__2197__openvoice_s1.wav,reference_sentence2_gujarati9__2041_s2.wav,yes,NA,538,mshx0qio-udtmvs7l,,,,,,,,,,,,,,
8/6/2026,accent_dialect,629082739390703f993b12bd,seed_vc,14,2,timbreRef_vs_timbreRef,top5,hindi19__2206,english584__2197,reference_sentence1_hindi19__2206_s1.wav,reference_sentence2_hindi19__2206_s2.wav,no,same,984,mshxhvgr-hjmqctau,,,,,,,,,,,,,,
8/6/2026,accent_dialect,69fef2baef4c76d1fd6b0db8,openvoice,25,4,output_vs_sourceRef,top5,gujarati11__2301,english584__2197,openvoice_top5_output_sentence1_timbre-gujarati11__2301__source-english584__2197__openvoice_s1.wav,source_sentence2_english584__2197_s2.wav,yes,NA,687,mshx1bgv-htxpkxbn,,,,,,,,,,,,,,
8/6/2026,accent_dialect,6a08d24b7f6eccd08cd8ca75,seed_vc,42,3,timbreRef_vs_sourceRef,top5,gujarati16__2558,english200__667,reference_sentence1_gujarati16__2558_s1.wav,source_sentence2_english200__667_s2.wav,yes,different,829,mshx7crv-ahd81gjp,,,,,,,,,,,,,,
8/6/2026,accent_dialect,6a269ff5749895f01921daf1,seed_vc,19,1,output_vs_timbreRef,top5,gujarati16__2558,english200__667,seed_vc_top5_output_sentence1_timbre-gujarati16__2558__source-english200__667__seed_vc_s1.wav,reference_sentence2_gujarati16__2558_s2.wav,no,NA,10057,mshx6mpk-rjlfuaij,,,,,,,,,,,,,,
8/6/2026,accent_dialect,63614ad9841a7d16ad04512a,openvoice,23,3,timbreRef_vs_sourceRef,top5,hindi13__1633,english200__667,reference_sentence1_hindi13__1633_s1.wav,source_sentence2_english200__667_s2.wav,no,different,395,mshx0qio-udtmvs7l,,,,,,,,,,,,,,
8/6/2026,accent_dialect,69ff53f3401c96094c4b05ab,openvoice,41,4,output_vs_sourceRef,top5,gujarati17__2824,english200__667,openvoice_top5_output_sentence1_timbre-gujarati17__2824__source-english200__667__openvoice_s1.wav,source_sentence2_english200__667_s2.wav,no,NA,1098,mshx9y75-5ymlymia,,,,,,,,,,,,,,
8/6/2026,accent_dialect,5f828a47a08cb43c715fe3a2,seed_vc,22,2,timbreRef_vs_timbreRef,bottom5,hindi16__1966,english584__2197,reference_sentence1_hindi16__1966_s1.wav,reference_sentence2_hindi16__1966_s2.wav,yes,same,1574,mshx1o2k-hsj8d5iw,,,,,,,,,,,,,,
8/6/2026,accent_dialect,629082739390703f993b12bd,seed_vc,15,4,output_vs_sourceRef,bottom5,hindi16__1966,english584__2197,source_sentence1_english584__2197_s1.wav,seed_vc_bottom5_output_sentence2_timbre-hindi16__1966__source-english584__2197__seed_vc_s2.wav,no,NA,1021,mshxhvgr-hjmqctau,,,,,,,,,,,,,,
8/6/2026,accent_dialect,63614ad9841a7d16ad04512a,openvoice,24,3,timbreRef_vs_sourceRef,bottom5,gujarati8__1678,english200__667,source_sentence1_english200__667_s1.wav,reference_sentence2_gujarati8__1678_s2.wav,no,different,428,mshx0qio-udtmvs7l,,,,,,,,,,,,,,
8/6/2026,accent_dialect,639b9ab341f4429b1b3c06a2,openvoice,16,3,timbreRef_vs_sourceRef,top5,gujarati13__2409,english200__667,source_sentence1_english200__667_s1.wav,reference_sentence2_gujarati13__2409_s2.wav,no,different,894,mshxd6ke-f0fxnrpq,,,,,,,,,,,,,,
8/6/2026,accent_dialect,6a08d24b7f6eccd08cd8ca75,seed_vc,43,2,timbreRef_vs_timbreRef,bottom5,hindi26__2354,english584__2197,reference_sentence1_hindi26__2354_s1.wav,reference_sentence2_hindi26__2354_s2.wav,yes,same,1783,mshx7crv-ahd81gjp,,,,,,,,,,,,,,
8/6/2026,accent_dialect,67f1626e4525cfea0f0a9753,openvoice,22,6,sourceRef_vs_sourceRef_cross,NA,NA,english200__667__vs__english584__2197,source_sentence1_english200__667_s1.wav,source_sentence2_english584__2197_s2.wav,yes,same,2112,mshx3agb-zxol7xys,,,,,,,,,,,,,,
8/6/2026,accent_dialect,629082739390703f993b12bd,seed_vc,16,2,timbreRef_vs_timbreRef,top5,gujarati5__1016,english200__667,reference_sentence1_gujarati5__1016_s1.wav,reference_sentence2_gujarati5__1016_s2.wav,yes,same,909,mshxhvgr-hjmqctau,,,,,,,,,,,,,,
8/6/2026,accent_dialect,5f828a47a08cb43c715fe3a2,seed_vc,23,3,timbreRef_vs_sourceRef,bottom5,hindi21__2236,english584__2197,reference_sentence1_hindi21__2236_s1.wav,source_sentence2_english584__2197_s2.wav,no,different,660,mshx1o2k-hsj8d5iw,,,,,,,,,,,,,,
8/6/2026,accent_dialect,5737620867421f000d181393,openvoice,25,4,output_vs_sourceRef,bottom5,hindi7__867,english200__667,source_sentence1_english200__667_s1.wav,openvoice_bottom5_output_sentence2_timbre-hindi7__867__source-english200__667__openvoice_s2.wav,yes,NA,1408,mshx3ou5-sptjze1t,,,,,,,,,,,,,,
8/6/2026,accent_dialect,639b9ab341f4429b1b3c06a2,openvoice,17,3,timbreRef_vs_sourceRef,bottom5,gujarati7__1504,english200__667,reference_sentence1_gujarati7__1504_s1.wav,source_sentence2_english200__667_s2.wav,no,different,1610,mshxd6ke-f0fxnrpq,,,,,,,,,,,,,,
8/6/2026,accent_dialect,6a269ff5749895f01921daf1,seed_vc,20,4,output_vs_sourceRef,bottom5,hindi21__2236,english584__2197,source_sentence1_english584__2197_s1.wav,seed_vc_bottom5_output_sentence2_timbre-hindi21__2236__source-english584__2197__seed_vc_s2.wav,yes,NA,5255,mshx6mpk-rjlfuaij,,,,,,,,,,,,,,
8/6/2026,accent_dialect,69ff53f3401c96094c4b05ab,openvoice,42,1,output_vs_timbreRef,bottom5,hindi7__867,english200__667,openvoice_bottom5_output_sentence1_timbre-hindi7__867__source-english200__667__openvoice_s1.wav,reference_sentence2_hindi7__867_s2.wav,no,NA,836,mshx9y75-5ymlymia,,,,,,,,,,,,,,
8/6/2026,accent_dialect,6a08d24b7f6eccd08cd8ca75,seed_vc,44,1,output_vs_timbreRef,top5,gujarati5__1016,english200__667,seed_vc_top5_output_sentence1_timbre-gujarati5__1016__source-english200__667__seed_vc_s1.wav,reference_sentence2_gujarati5__1016_s2.wav,yes,NA,714,mshx7crv-ahd81gjp,,,,,,,,,,,,,,
8/6/2026,accent_dialect,629082739390703f993b12bd,seed_vc,17,4,output_vs_sourceRef,bottom5,hindi21__2236,english584__2197,source_sentence1_english584__2197_s1.wav,seed_vc_bottom5_output_sentence2_timbre-hindi21__2236__source-english584__2197__seed_vc_s2.wav,no,NA,1917,mshxhvgr-hjmqctau,,,,,,,,,,,,,,
8/6/2026,accent_dialect,67f1626e4525cfea0f0a9753,openvoice,23,4,output_vs_sourceRef,top5,hindi19__2206,english584__2197,openvoice_top5_output_sentence1_timbre-hindi19__2206__source-english584__2197__openvoice_s1.wav,source_sentence2_english584__2197_s2.wav,yes,NA,1897,mshx3agb-zxol7xys,,,,,,,,,,,,,,
8/6/2026,accent_dialect,5f828a47a08cb43c715fe3a2,seed_vc,24,1,output_vs_timbreRef,top5,hindi19__2206,english584__2197,reference_sentence1_hindi19__2206_s1.wav,seed_vc_top5_output_sentence2_timbre-hindi19__2206__source-english584__2197__seed_vc_s2.wav,yes,NA,521,mshx1o2k-hsj8d5iw,,,,,,,,,,,,,,
8/6/2026,accent_dialect,639b9ab341f4429b1b3c06a2,openvoice,18,2,timbreRef_vs_timbreRef,top5,gujarati13__2409,english200__667,reference_sentence1_gujarati13__2409_s1.wav,reference_sentence2_gujarati13__2409_s2.wav,yes,same,1858,mshxd6ke-f0fxnrpq,,,,,,,,,,,,,,
8/6/2026,accent_dialect,69ff53f3401c96094c4b05ab,openvoice,43,5,sourceRef_vs_sourceRef,bottom5,gujarati9__2041,english584__2197,source_sentence1_english584__2197_s1.wav,source_sentence2_english584__2197_s2.wav,yes,same,1006,mshx9y75-5ymlymia,,,,,,,,,,,,,,
8/6/2026,accent_dialect,5f828a47a08cb43c715fe3a2,seed_vc,25,1,output_vs_timbreRef,top5,gujarati16__2558,english200__667,reference_sentence1_gujarati16__2558_s1.wav,seed_vc_top5_output_sentence2_timbre-gujarati16__2558__source-english200__667__seed_vc_s2.wav,yes,NA,518,mshx1o2k-hsj8d5iw,,,,,,,,,,,,,,
8/6/2026,accent_dialect,5737620867421f000d181393,openvoice,26,2,timbreRef_vs_timbreRef,top5,gujarati13__2409,english200__667,reference_sentence1_gujarati13__2409_s1.wav,reference_sentence2_gujarati13__2409_s2.wav,yes,same,2244,mshx3ou5-sptjze1t,,,,,,,,,,,,,,
8/6/2026,accent_dialect,67f1626e4525cfea0f0a9753,openvoice,24,6,sourceRef_vs_sourceRef_cross,NA,NA,english584__2197__vs__english200__667,source_sentence1_english584__2197_s1.wav,source_sentence2_english200__667_s2.wav,yes,same,1396,mshx3agb-zxol7xys,,,,,,,,,,,,,,
8/6/2026,accent_dialect,610d6c481ca4797b863fe3d1,seed_vc,demographics,,,,,,,,,,,mshx5sv6-zpr5uppx,55+,White American,Northeastern U.S.,English,,Male,No,,No,,Amazon Alexa; Apple Siri,A few times per week,6,
8/6/2026,accent_dialect,639b9ab341f4429b1b3c06a2,openvoice,19,2,timbreRef_vs_timbreRef,top5,gujarati11__2301,english584__2197,reference_sentence1_gujarati11__2301_s1.wav,reference_sentence2_gujarati11__2301_s2.wav,yes,same,1588,mshxd6ke-f0fxnrpq,,,,,,,,,,,,,,
8/6/2026,accent_dialect,69ff53f3401c96094c4b05ab,openvoice,44,3,timbreRef_vs_sourceRef,top5,hindi13__1633,english200__667,reference_sentence1_hindi13__1633_s1.wav,source_sentence2_english200__667_s2.wav,no,different,2152,mshx9y75-5ymlymia,,,,,,,,,,,,,,
8/6/2026,accent_dialect,6a269ff5749895f01921daf1,seed_vc,21,1,output_vs_timbreRef,bottom5,hindi16__1966,english584__2197,reference_sentence1_hindi16__1966_s1.wav,seed_vc_bottom5_output_sentence2_timbre-hindi16__1966__source-english584__2197__seed_vc_s2.wav,yes,NA,7382,mshx6mpk-rjlfuaij,,,,,,,,,,,,,,
8/6/2026,accent_dialect,629082739390703f993b12bd,seed_vc,18,4,output_vs_sourceRef,top5,hindi2__587,english584__2197,source_sentence1_english584__2197_s1.wav,seed_vc_top5_output_sentence2_timbre-hindi2__587__source-english584__2197__seed_vc_s2.wav,no,NA,1189,mshxhvgr-hjmqctau,,,,,,,,,,,,,,
8/6/2026,accent_dialect,5737620867421f000d181393,openvoice,27,4,output_vs_sourceRef,bottom5,gujarati8__1678,english200__667,openvoice_bottom5_output_sentence1_timbre-gujarati8__1678__source-english200__667__openvoice_s1.wav,source_sentence2_english200__667_s2.wav,yes,NA,3234,mshx3ou5-sptjze1t,,,,,,,,,,,,,,
8/6/2026,accent_dialect,67f1626e4525cfea0f0a9753,openvoice,25,2,timbreRef_vs_timbreRef,bottom5,gujarati9__2041,english584__2197,reference_sentence1_gujarati9__2041_s1.wav,reference_sentence2_gujarati9__2041_s2.wav,no,same,1692,mshx3agb-zxol7xys,,,,,,,,,,,,,,
8/6/2026,accent_dialect,639b9ab341f4429b1b3c06a2,openvoice,20,4,output_vs_sourceRef,top5,hindi19__2206,english584__2197,source_sentence1_english584__2197_s1.wav,openvoice_top5_output_sentence2_timbre-hindi19__2206__source-english584__2197__openvoice_s2.wav,yes,NA,1520,mshxd6ke-f0fxnrpq,,,,,,,,,,,,,,
8/6/2026,accent_dialect,5f828a47a08cb43c715fe3a2,seed_vc,26,4,output_vs_sourceRef,top5,hindi2__587,english584__2197,seed_vc_top5_output_sentence1_timbre-hindi2__587__source-english584__2197__seed_vc_s1.wav,source_sentence2_english584__2197_s2.wav,yes,NA,3996,mshx1o2k-hsj8d5iw,,,,,,,,,,,,,,
8/6/2026,accent_dialect,629082739390703f993b12bd,seed_vc,19,1,output_vs_timbreRef,bottom5,hindi26__2354,english584__2197,reference_sentence1_hindi26__2354_s1.wav,seed_vc_bottom5_output_sentence2_timbre-hindi26__2354__source-english584__2197__seed_vc_s2.wav,no,NA,1025,mshxhvgr-hjmqctau,,,,,,,,,,,,,,
8/6/2026,accent_dialect,6a269ff5749895f01921daf1,seed_vc,22,4,output_vs_sourceRef,bottom5,hindi13__1633,english200__667,seed_vc_bottom5_output_sentence1_timbre-hindi13__1633__source-english200__667__seed_vc_s1.wav,source_sentence2_english200__667_s2.wav,no,NA,3405,mshx6mpk-rjlfuaij,,,,,,,,,,,,,,
8/6/2026,accent_dialect,5737620867421f000d181393,openvoice,28,1,output_vs_timbreRef,bottom5,gujarati9__2041,english584__2197,openvoice_bottom5_output_sentence1_timbre-gujarati9__2041__source-english584__2197__openvoice_s1.wav,reference_sentence2_gujarati9__2041_s2.wav,no,NA,1615,mshx3ou5-sptjze1t,,,,,,,,,,,,,,
8/6/2026,accent_dialect,5f828a47a08cb43c715fe3a2,seed_vc,27,2,timbreRef_vs_timbreRef,bottom5,hindi21__2236,english584__2197,reference_sentence1_hindi21__2236_s1.wav,reference_sentence2_hindi21__2236_s2.wav,yes,same,603,mshx1o2k-hsj8d5iw,,,,,,,,,,,,,,
8/6/2026,accent_dialect,69fef2baef4c76d1fd6b0db8,openvoice,26,2,timbreRef_vs_timbreRef,top5,hindi19__2206,english584__2197,reference_sentence1_hindi19__2206_s1.wav,reference_sentence2_hindi19__2206_s2.wav,no,same,41643,mshx1bgv-htxpkxbn,,,,,,,,,,,,,,
8/6/2026,accent_dialect,629082739390703f993b12bd,seed_vc,20,3,timbreRef_vs_sourceRef,bottom5,hindi13__1633,english200__667,reference_sentence1_hindi13__1633_s1.wav,source_sentence2_english200__667_s2.wav,no,different,840,mshxhvgr-hjmqctau,,,,,,,,,,,,,,
8/6/2026,accent_dialect,639b9ab341f4429b1b3c06a2,openvoice,21,3,timbreRef_vs_sourceRef,top5,hindi13__1633,english200__667,source_sentence1_english200__667_s1.wav,reference_sentence2_hindi13__1633_s2.wav,no,different,1014,mshxd6ke-f0fxnrpq,,,,,,,,,,,,,,
8/6/2026,accent_dialect,6720c26f12695d0297414d2d,openvoice,demographics,,,,,,,,,,,mshx8gfb-6hep8dbg,25–34,Asian American,Northeastern U.S.,English and another language,Mandarin,Male,No,,No,,None of the above,Never,1,"fun study, thank you."
8/6/2026,accent_dialect,6a269ff5749895f01921daf1,seed_vc,23,1,output_vs_timbreRef,top5,gujarati5__1016,english200__667,reference_sentence1_gujarati5__1016_s1.wav,seed_vc_top5_output_sentence2_timbre-gujarati5__1016__source-english200__667__seed_vc_s2.wav,yes,NA,7119,mshx6mpk-rjlfuaij,,,,,,,,,,,,,,
8/6/2026,accent_dialect,5f828a47a08cb43c715fe3a2,seed_vc,28,3,timbreRef_vs_sourceRef,bottom5,hindi16__1966,english584__2197,reference_sentence1_hindi16__1966_s1.wav,source_sentence2_english584__2197_s2.wav,no,different,1199,mshx1o2k-hsj8d5iw,,,,,,,,,,,,,,
8/6/2026,accent_dialect,67f1626e4525cfea0f0a9753,openvoice,26,1,output_vs_timbreRef,bottom5,gujarati7__1504,english200__667,reference_sentence1_gujarati7__1504_s1.wav,openvoice_bottom5_output_sentence2_timbre-gujarati7__1504__source-english200__667__openvoice_s2.wav,no,NA,7148,mshx3agb-zxol7xys,,,,,,,,,,,,,,
8/6/2026,accent_dialect,69fef2baef4c76d1fd6b0db8,openvoice,27,1,output_vs_timbreRef,bottom5,hindi12__1440,english200__667,reference_sentence1_hindi12__1440_s1.wav,openvoice_bottom5_output_sentence2_timbre-hindi12__1440__source-english200__667__openvoice_s2.wav,no,NA,2175,mshx1bgv-htxpkxbn,,,,,,,,,,,,,,
8/6/2026,accent_dialect,639b9ab341f4429b1b3c06a2,openvoice,22,1,output_vs_timbreRef,top5,hindi13__1633,english200__667,reference_sentence1_hindi13__1633_s1.wav,openvoice_top5_output_sentence2_timbre-hindi13__1633__source-english200__667__openvoice_s2.wav,no,NA,1667,mshxd6ke-f0fxnrpq,,,,,,,,,,,,,,
8/6/2026,accent_dialect,5737620867421f000d181393,openvoice,29,6,sourceRef_vs_sourceRef_cross,NA,NA,english584__2197__vs__english200__667,source_sentence1_english584__2197_s1.wav,source_sentence2_english200__667_s2.wav,yes,same,2339,mshx3ou5-sptjze1t,,,,,,,,,,,,,,
8/6/2026,accent_dialect,6a08d24b7f6eccd08cd8ca75,seed_vc,demographics,,,,,,,,,,,mshx7crv-ahd81gjp,25–34,Hispanic/Latino American,Southeastern U.S.,English,,Female,No,,No,,None of the above,A few times per week,1,
8/6/2026,accent_dialect,5f828a47a08cb43c715fe3a2,seed_vc,29,4,output_vs_sourceRef,bottom5,hindi16__1966,english584__2197,seed_vc_bottom5_output_sentence1_timbre-hindi16__1966__source-english584__2197__seed_vc_s1.wav,source_sentence2_english584__2197_s2.wav,no,NA,522,mshx1o2k-hsj8d5iw,,,,,,,,,,,,,,
8/6/2026,accent_dialect,69fef2baef4c76d1fd6b0db8,openvoice,28,4,output_vs_sourceRef,bottom5,hindi12__1440,english200__667,source_sentence1_english200__667_s1.wav,openvoice_bottom5_output_sentence2_timbre-hindi12__1440__source-english200__667__openvoice_s2.wav,no,NA,951,mshx1bgv-htxpkxbn,,,,,,,,,,,,,,
8/6/2026,accent_dialect,67f1626e4525cfea0f0a9753,openvoice,27,5,sourceRef_vs_sourceRef,bottom5,gujarati7__1504,english200__667,source_sentence1_english200__667_s1.wav,source_sentence2_english200__667_s2.wav,yes,same,3481,mshx3agb-zxol7xys,,,,,,,,,,,,,,
8/6/2026,accent_dialect,639b9ab341f4429b1b3c06a2,openvoice,23,6,sourceRef_vs_sourceRef_cross,NA,NA,english200__667__vs__english584__2197,source_sentence1_english200__667_s1.wav,source_sentence2_english584__2197_s2.wav,yes,same,976,mshxd6ke-f0fxnrpq,,,,,,,,,,,,,,
8/6/2026,accent_dialect,69fef2baef4c76d1fd6b0db8,openvoice,29,3,timbreRef_vs_sourceRef,bottom5,gujarati7__1504,english200__667,source_sentence1_english200__667_s1.wav,reference_sentence2_gujarati7__1504_s2.wav,no,different,489,mshx1bgv-htxpkxbn,,,,,,,,,,,,,,
8/6/2026,accent_dialect,629082739390703f993b12bd,seed_vc,22,3,timbreRef_vs_sourceRef,top5,gujarati5__1016,english200__667,reference_sentence1_gujarati5__1016_s1.wav,source_sentence2_english200__667_s2.wav,no,different,1366,mshxhvgr-hjmqctau,,,,,,,,,,,,,,
8/6/2026,accent_dialect,5f828a47a08cb43c715fe3a2,seed_vc,30,1,output_vs_timbreRef,top5,hindi10__1202,english200__667,seed_vc_top5_output_sentence1_timbre-hindi10__1202__source-english200__667__seed_vc_s1.wav,reference_sentence2_hindi10__1202_s2.wav,yes,NA,546,mshx1o2k-hsj8d5iw,,,,,,,,,,,,,,
8/6/2026,accent_dialect,6a0e579710108dbe9059ee97,openvoice,demographics,,,,,,,,,,,mshx28gv-dmc7dcfa,55+,White American,Southwestern U.S.,English,,Female,No,,No,,None of the above,Less than once per week,4,
8/6/2026,accent_dialect,639b9ab341f4429b1b3c06a2,openvoice,24,1,output_vs_timbreRef,bottom5,gujarati8__1678,english200__667,openvoice_bottom5_output_sentence1_timbre-gujarati8__1678__source-english200__667__openvoice_s1.wav,reference_sentence2_gujarati8__1678_s2.wav,yes,NA,1328,mshxd6ke-f0fxnrpq,,,,,,,,,,,,,,
8/6/2026,accent_dialect,5737620867421f000d181393,openvoice,30,4,output_vs_sourceRef,bottom5,gujarati7__1504,english200__667,openvoice_bottom5_output_sentence1_timbre-gujarati7__1504__source-english200__667__openvoice_s1.wav,source_sentence2_english200__667_s2.wav,yes,NA,6378,mshx3ou5-sptjze1t,,,,,,,,,,,,,,
8/6/2026,accent_dialect,5f0a686635f72917e94c7a63,seed_vc,29,3,timbreRef_vs_sourceRef,top5,hindi10__1202,english200__667,reference_sentence1_hindi10__1202_s1.wav,source_sentence2_english200__667_s2.wav,yes,different,689,mshx5yzf-j7rekqej,,,,,,,,,,,,,,
8/6/2026,accent_dialect,56aa90d5638440000c8b506f,seed_vc,demographics,,,,,,,,,,,mshx2qtr-tbs8zybb,45–54,Hispanic/Latino American,Southwestern U.S.,English,,Male,No,,No,,ChatGPT Voice Assistant; Google Gemini Voice,Several times per day,5,"Nice task, enjoyed it"
8/6/2026,accent_dialect,639b9ab341f4429b1b3c06a2,openvoice,25,1,output_vs_timbreRef,bottom5,hindi12__1440,english200__667,openvoice_bottom5_output_sentence1_timbre-hindi12__1440__source-english200__667__openvoice_s1.wav,reference_sentence2_hindi12__1440_s2.wav,no,NA,1174,mshxd6ke-f0fxnrpq,,,,,,,,,,,,,,
8/6/2026,accent_dialect,629082739390703f993b12bd,seed_vc,23,3,timbreRef_vs_sourceRef,bottom5,gujarati4__610,english200__667,source_sentence1_english200__667_s1.wav,reference_sentence2_gujarati4__610_s2.wav,no,different,982,mshxhvgr-hjmqctau,,,,,,,,,,,,,,
8/6/2026,accent_dialect,69fef2baef4c76d1fd6b0db8,openvoice,30,1,output_vs_timbreRef,top5,hindi13__1633,english200__667,openvoice_top5_output_sentence1_timbre-hindi13__1633__source-english200__667__openvoice_s1.wav,reference_sentence2_hindi13__1633_s2.wav,no,NA,660,mshx1bgv-htxpkxbn,,,,,,,,,,,,,,
8/6/2026,accent_dialect,629082739390703f993b12bd,seed_vc,24,2,timbreRef_vs_timbreRef,bottom5,hindi26__2354,english584__2197,reference_sentence1_hindi26__2354_s1.wav,reference_sentence2_hindi26__2354_s2.wav,yes,same,1139,mshxhvgr-hjmqctau,,,,,,,,,,,,,,
8/6/2026,accent_dialect,639b9ab341f4429b1b3c06a2,openvoice,26,4,output_vs_sourceRef,bottom5,gujarati7__1504,english200__667,source_sentence1_english200__667_s1.wav,openvoice_bottom5_output_sentence2_timbre-gujarati7__1504__source-english200__667__openvoice_s2.wav,yes,NA,902,mshxd6ke-f0fxnrpq,,,,,,,,,,,,,,
8/6/2026,accent_dialect,5d1653de3935ca001b87ff71,openvoice,demographics,,,,,,,,,,,mshx83ev-k9ogo00o,25–34,Hispanic/Latino American; White American,Northwestern U.S.,English and another language,Spanish,Male,No,,No,,None of the above,Never,2,"The only thing that comes to mind is that the math attention check questions came up immediately after I picked ""different accents"" for what might have been ambiguous differences in regional US accents two different times, so I'm not sure if that was just coincidence or if ""regional"" was meant to be interpreted in a more general way."
8/6/2026,accent_dialect,6a269ff5749895f01921daf1,seed_vc,24,2,timbreRef_vs_timbreRef,bottom5,hindi21__2236,english584__2197,reference_sentence1_hindi21__2236_s1.wav,reference_sentence2_hindi21__2236_s2.wav,yes,same,30754,mshx6mpk-rjlfuaij,,,,,,,,,,,,,,
8/6/2026,accent_dialect,639b9ab341f4429b1b3c06a2,openvoice,27,4,output_vs_sourceRef,top5,gujarati13__2409,english200__667,openvoice_top5_output_sentence1_timbre-gujarati13__2409__source-english200__667__openvoice_s1.wav,source_sentence2_english200__667_s2.wav,yes,NA,1318,mshxd6ke-f0fxnrpq,,,,,,,,,,,,,,
8/6/2026,accent_dialect,629082739390703f993b12bd,seed_vc,25,2,timbreRef_vs_timbreRef,bottom5,hindi21__2236,english584__2197,reference_sentence1_hindi21__2236_s1.wav,reference_sentence2_hindi21__2236_s2.wav,yes,same,1259,mshxhvgr-hjmqctau,,,,,,,,,,,,,,
8/6/2026,accent_dialect,5f828a47a08cb43c715fe3a2,seed_vc,32,1,output_vs_timbreRef,bottom5,hindi21__2236,english584__2197,seed_vc_bottom5_output_sentence1_timbre-hindi21__2236__source-english584__2197__seed_vc_s1.wav,reference_sentence2_hindi21__2236_s2.wav,yes,NA,551,mshx1o2k-hsj8d5iw,,,,,,,,,,,,,,
8/6/2026,accent_dialect,6a269ff5749895f01921daf1,seed_vc,25,3,timbreRef_vs_sourceRef,bottom5,hindi21__2236,english584__2197,source_sentence1_english584__2197_s1.wav,reference_sentence2_hindi21__2236_s2.wav,no,different,1205,mshx6mpk-rjlfuaij,,,,,,,,,,,,,,
8/6/2026,accent_dialect,67f1626e4525cfea0f0a9753,openvoice,28,4,output_vs_sourceRef,bottom5,gujarati7__1504,english200__667,source_sentence1_english200__667_s1.wav,openvoice_bottom5_output_sentence2_timbre-gujarati7__1504__source-english200__667__openvoice_s2.wav,yes,NA,2133,mshx3agb-zxol7xys,,,,,,,,,,,,,,
8/6/2026,accent_dialect,629082739390703f993b12bd,seed_vc,26,4,output_vs_sourceRef,top5,gujarati5__1016,english200__667,seed_vc_top5_output_sentence1_timbre-gujarati5__1016__source-english200__667__seed_vc_s1.wav,source_sentence2_english200__667_s2.wav,no,NA,1067,mshxhvgr-hjmqctau,,,,,,,,,,,,,,
8/6/2026,accent_dialect,639b9ab341f4429b1b3c06a2,openvoice,28,3,timbreRef_vs_sourceRef,bottom5,hindi7__867,english200__667,reference_sentence1_hindi7__867_s1.wav,source_sentence2_english200__667_s2.wav,no,different,1154,mshxd6ke-f0fxnrpq,,,,,,,,,,,,,,
8/6/2026,accent_dialect,69fef2baef4c76d1fd6b0db8,openvoice,31,4,output_vs_sourceRef,bottom5,gujarati7__1504,english200__667,source_sentence1_english200__667_s1.wav,openvoice_bottom5_output_sentence2_timbre-gujarati7__1504__source-english200__667__openvoice_s2.wav,yes,NA,768,mshx1bgv-htxpkxbn,,,,,,,,,,,,,,
8/6/2026,accent_dialect,5f828a47a08cb43c715fe3a2,seed_vc,33,4,output_vs_sourceRef,bottom5,gujarati4__610,english200__667,seed_vc_bottom5_output_sentence1_timbre-gujarati4__610__source-english200__667__seed_vc_s1.wav,source_sentence2_english200__667_s2.wav,yes,NA,777,mshx1o2k-hsj8d5iw,,,,,,,,,,,,,,
8/6/2026,accent_dialect,57d0a0bee3221e00015fe385,openvoice,demographics,,,,,,,,,,,mshx2x72-qzgbiby2,35–44,Hispanic/Latino American,Southwestern U.S.,English,,Male,No,,No,,None of the above,Less than once per week,1,insanely good pay. i would have preferred audio attention checks instead of the math problems which interrupted the flow. but that's a nitpick and for the pay you could have deafened me for all i care. bye
8/6/2026,accent_dialect,614dd304ed948bbfe8c22215,seed_vc,demographics,,,,,,,,,,,mshx50cv-xkdut2r8,35–44,Hispanic/Latino American; White American,Southeastern U.S.,English,,Female,No,,Yes,"ADHD, Autism",Amazon Alexa,A few times per week,5,
8/6/2026,accent_dialect,629082739390703f993b12bd,seed_vc,27,3,timbreRef_vs_sourceRef,top5,hindi10__1202,english200__667,reference_sentence1_hindi10__1202_s1.wav,source_sentence2_english200__667_s2.wav,no,different,1383,mshxhvgr-hjmqctau,,,,,,,,,,,,,,
8/6/2026,accent_dialect,639b9ab341f4429b1b3c06a2,openvoice,29,5,sourceRef_vs_sourceRef,bottom5,gujarati7__1504,english200__667,source_sentence1_english200__667_s1.wav,source_sentence2_english200__667_s2.wav,yes,same,902,mshxd6ke-f0fxnrpq,,,,,,,,,,,,,,
8/6/2026,accent_dialect,67f1626e4525cfea0f0a9753,openvoice,29,1,output_vs_timbreRef,top5,gujarati13__2409,english200__667,openvoice_top5_output_sentence1_timbre-gujarati13__2409__source-english200__667__openvoice_s1.wav,reference_sentence2_gujarati13__2409_s2.wav,no,NA,1373,mshx3agb-zxol7xys,,,,,,,,,,,,,,
8/6/2026,accent_dialect,69fef2baef4c76d1fd6b0db8,openvoice,32,1,output_vs_timbreRef,top5,gujarati11__2301,english584__2197,reference_sentence1_gujarati11__2301_s1.wav,openvoice_top5_output_sentence2_timbre-gujarati11__2301__source-english584__2197__openvoice_s2.wav,yes,NA,714,mshx1bgv-htxpkxbn,,,,,,,,,,,,,,
8/6/2026,accent_dialect,5f828a47a08cb43c715fe3a2,seed_vc,34,1,output_vs_timbreRef,bottom5,hindi13__1633,english200__667,reference_sentence1_hindi13__1633_s1.wav,seed_vc_bottom5_output_sentence2_timbre-hindi13__1633__source-english200__667__seed_vc_s2.wav,yes,NA,1341,mshx1o2k-hsj8d5iw,,,,,,,,,,,,,,
8/6/2026,accent_dialect,5737620867421f000d181393,openvoice,31,2,timbreRef_vs_timbreRef,top5,hindi19__2206,english584__2197,reference_sentence1_hindi19__2206_s1.wav,reference_sentence2_hindi19__2206_s2.wav,no,same,2848,mshx3ou5-sptjze1t,,,,,,,,,,,,,,
8/6/2026,accent_dialect,69fef2baef4c76d1fd6b0db8,openvoice,33,4,output_vs_sourceRef,top5,gujarati17__2824,english200__667,source_sentence1_english200__667_s1.wav,openvoice_top5_output_sentence2_timbre-gujarati17__2824__source-english200__667__openvoice_s2.wav,yes,NA,563,mshx1bgv-htxpkxbn,,,,,,,,,,,,,,
8/6/2026,accent_dialect,629082739390703f993b12bd,seed_vc,28,4,output_vs_sourceRef,top5,hindi19__2206,english584__2197,seed_vc_top5_output_sentence1_timbre-hindi19__2206__source-english584__2197__seed_vc_s1.wav,source_sentence2_english584__2197_s2.wav,no,NA,1089,mshxhvgr-hjmqctau,,,,,,,,,,,,,,
8/6/2026,accent_dialect,639b9ab341f4429b1b3c06a2,openvoice,30,5,sourceRef_vs_sourceRef,bottom5,gujarati9__2041,english584__2197,source_sentence1_english584__2197_s1.wav,source_sentence2_english584__2197_s2.wav,yes,same,846,mshxd6ke-f0fxnrpq,,,,,,,,,,,,,,
8/6/2026,accent_dialect,5f828a47a08cb43c715fe3a2,seed_vc,35,2,timbreRef_vs_timbreRef,top5,hindi19__2206,english584__2197,reference_sentence1_hindi19__2206_s1.wav,reference_sentence2_hindi19__2206_s2.wav,yes,same,664,mshx1o2k-hsj8d5iw,,,,,,,,,,,,,,
8/6/2026,accent_dialect,67f1626e4525cfea0f0a9753,openvoice,30,2,timbreRef_vs_timbreRef,bottom5,hindi7__867,english200__667,reference_sentence1_hindi7__867_s1.wav,reference_sentence2_hindi7__867_s2.wav,yes,same,1685,mshx3agb-zxol7xys,,,,,,,,,,,,,,
8/6/2026,accent_dialect,5737620867421f000d181393,openvoice,32,4,output_vs_sourceRef,top5,hindi19__2206,english584__2197,source_sentence1_english584__2197_s1.wav,openvoice_top5_output_sentence2_timbre-hindi19__2206__source-english584__2197__openvoice_s2.wav,no,NA,2281,mshx3ou5-sptjze1t,,,,,,,,,,,,,,
8/6/2026,accent_dialect,5bdf8d7eee652a0001f0999c,seed_vc,demographics,,,,,,,,,,,mshx2exz-hb5k5jbj,25–34,White American,Southwestern U.S.,English,,Female,No,,No,,ChatGPT Voice Assistant; Apple Siri; Voice-based navigation apps,About once per day,6,very nice but some are hard to tell the difference because of the quality
8/6/2026,accent_dialect,629082739390703f993b12bd,seed_vc,29,1,output_vs_timbreRef,bottom5,gujarati4__610,english200__667,reference_sentence1_gujarati4__610_s1.wav,seed_vc_bottom5_output_sentence2_timbre-gujarati4__610__source-english200__667__seed_vc_s2.wav,yes,NA,1079,mshxhvgr-hjmqctau,,,,,,,,,,,,,,
8/6/2026,accent_dialect,5737620867421f000d181393,openvoice,33,1,output_vs_timbreRef,top5,gujarati17__2824,english200__667,reference_sentence1_gujarati17__2824_s1.wav,openvoice_top5_output_sentence2_timbre-gujarati17__2824__source-english200__667__openvoice_s2.wav,no,NA,1085,mshx3ou5-sptjze1t,,,,,,,,,,,,,,
8/6/2026,accent_dialect,6a269ff5749895f01921daf1,seed_vc,26,2,timbreRef_vs_timbreRef,top5,hindi2__587,english584__2197,reference_sentence1_hindi2__587_s1.wav,reference_sentence2_hindi2__587_s2.wav,yes,same,2381,mshx6mpk-rjlfuaij,,,,,,,,,,,,,,
8/6/2026,accent_dialect,629082739390703f993b12bd,seed_vc,30,3,timbreRef_vs_sourceRef,bottom5,hindi16__1966,english584__2197,reference_sentence1_hindi16__1966_s1.wav,source_sentence2_english584__2197_s2.wav,no,different,807,mshxhvgr-hjmqctau,,,,,,,,,,,,,,
8/6/2026,accent_dialect,639b9ab341f4429b1b3c06a2,openvoice,31,4,output_vs_sourceRef,bottom5,hindi12__1440,english200__667,source_sentence1_english200__667_s1.wav,openvoice_bottom5_output_sentence2_timbre-hindi12__1440__source-english200__667__openvoice_s2.wav,yes,NA,989,mshxd6ke-f0fxnrpq,,,,,,,,,,,,,,
8/6/2026,accent_dialect,5f828a47a08cb43c715fe3a2,seed_vc,37,4,output_vs_sourceRef,top5,gujarati5__1016,english200__667,source_sentence1_english200__667_s1.wav,seed_vc_top5_output_sentence2_timbre-gujarati5__1016__source-english200__667__seed_vc_s2.wav,no,NA,686,mshx1o2k-hsj8d5iw,,,,,,,,,,,,,,
8/6/2026,accent_dialect,5f828a47a08cb43c715fe3a2,seed_vc,36,2,timbreRef_vs_timbreRef,top5,hindi10__1202,english200__667,reference_sentence1_hindi10__1202_s1.wav,reference_sentence2_hindi10__1202_s2.wav,yes,same,708,mshx1o2k-hsj8d5iw,,,,,,,,,,,,,,
8/6/2026,accent_dialect,5737620867421f000d181393,openvoice,34,1,output_vs_timbreRef,top5,hindi13__1633,english200__667,reference_sentence1_hindi13__1633_s1.wav,openvoice_top5_output_sentence2_timbre-hindi13__1633__source-english200__667__openvoice_s2.wav,no,NA,637,mshx3ou5-sptjze1t,,,,,,,,,,,,,,
8/6/2026,accent_dialect,639b9ab341f4429b1b3c06a2,openvoice,32,4,output_vs_sourceRef,bottom5,hindi7__867,english200__667,source_sentence1_english200__667_s1.wav,openvoice_bottom5_output_sentence2_timbre-hindi7__867__source-english200__667__openvoice_s2.wav,yes,NA,1320,mshxd6ke-f0fxnrpq,,,,,,,,,,,,,,
8/6/2026,accent_dialect,6a269ff5749895f01921daf1,seed_vc,27,1,output_vs_timbreRef,top5,hindi10__1202,english200__667,seed_vc_top5_output_sentence1_timbre-hindi10__1202__source-english200__667__seed_vc_s1.wav,reference_sentence2_hindi10__1202_s2.wav,yes,NA,3032,mshx6mpk-rjlfuaij,,,,,,,,,,,,,,
8/6/2026,accent_dialect,69ff53f3401c96094c4b05ab,openvoice,demographics,,,,,,,,,,,mshx9y75-5ymlymia,18–24,White American,Southwestern U.S.,English,,Male,No,,No,,ChatGPT Voice Assistant; Google Gemini Voice; Apple Siri,A few times per week,6,Thanks
8/6/2026,accent_dialect,5f828a47a08cb43c715fe3a2,seed_vc,38,3,timbreRef_vs_sourceRef,top5,gujarati5__1016,english200__667,source_sentence1_english200__667_s1.wav,reference_sentence2_gujarati5__1016_s2.wav,no,different,894,mshx1o2k-hsj8d5iw,,,,,,,,,,,,,,
8/6/2026,accent_dialect,629082739390703f993b12bd,seed_vc,31,5,sourceRef_vs_sourceRef,bottom5,gujarati4__610,english200__667,source_sentence1_english200__667_s1.wav,source_sentence2_english200__667_s2.wav,yes,same,1053,mshxhvgr-hjmqctau,,,,,,,,,,,,,,
8/6/2026,accent_dialect,69fef2baef4c76d1fd6b0db8,openvoice,34,1,output_vs_timbreRef,top5,hindi19__2206,english584__2197,openvoice_top5_output_sentence1_timbre-hindi19__2206__source-english584__2197__openvoice_s1.wav,reference_sentence2_hindi19__2206_s2.wav,no,NA,8279,mshx1bgv-htxpkxbn,,,,,,,,,,,,,,
8/6/2026,accent_dialect,5737620867421f000d181393,openvoice,35,1,output_vs_timbreRef,bottom5,hindi12__1440,english200__667,openvoice_bottom5_output_sentence1_timbre-hindi12__1440__source-english200__667__openvoice_s1.wav,reference_sentence2_hindi12__1440_s2.wav,no,NA,1405,mshx3ou5-sptjze1t,,,,,,,,,,,,,,
8/6/2026,accent_dialect,639b9ab341f4429b1b3c06a2,openvoice,33,3,timbreRef_vs_sourceRef,bottom5,gujarati9__2041,english584__2197,reference_sentence1_gujarati9__2041_s1.wav,source_sentence2_english584__2197_s2.wav,no,different,1260,mshxd6ke-f0fxnrpq,,,,,,,,,,,,,,
8/6/2026,accent_dialect,5f828a47a08cb43c715fe3a2,seed_vc,39,3,timbreRef_vs_sourceRef,top5,hindi2__587,english584__2197,source_sentence1_english584__2197_s1.wav,reference_sentence2_hindi2__587_s2.wav,no,different,658,mshx1o2k-hsj8d5iw,,,,,,,,,,,,,,
8/6/2026,accent_dialect,67f1626e4525cfea0f0a9753,openvoice,31,1,output_vs_timbreRef,bottom5,gujarati9__2041,english584__2197,reference_sentence1_gujarati9__2041_s1.wav,openvoice_bottom5_output_sentence2_timbre-gujarati9__2041__source-english584__2197__openvoice_s2.wav,no,NA,1601,mshx3agb-zxol7xys,,,,,,,,,,,,,,
8/6/2026,accent_dialect,629082739390703f993b12bd,seed_vc,32,3,timbreRef_vs_sourceRef,top5,hindi2__587,english584__2197,source_sentence1_english584__2197_s1.wav,reference_sentence2_hindi2__587_s2.wav,no,different,1121,mshxhvgr-hjmqctau,,,,,,,,,,,,,,
8/6/2026,accent_dialect,69fef2baef4c76d1fd6b0db8,openvoice,35,4,output_vs_sourceRef,top5,hindi19__2206,english584__2197,openvoice_top5_output_sentence1_timbre-hindi19__2206__source-english584__2197__openvoice_s1.wav,source_sentence2_english584__2197_s2.wav,yes,NA,3764,mshx1bgv-htxpkxbn,,,,,,,,,,,,,,
8/6/2026,accent_dialect,639b9ab341f4429b1b3c06a2,openvoice,34,2,timbreRef_vs_timbreRef,top5,gujarati17__2824,english200__667,reference_sentence1_gujarati17__2824_s1.wav,reference_sentence2_gujarati17__2824_s2.wav,yes,same,1246,mshxd6ke-f0fxnrpq,,,,,,,,,,,,,,
8/6/2026,accent_dialect,5f828a47a08cb43c715fe3a2,seed_vc,40,2,timbreRef_vs_timbreRef,top5,hindi2__587,english584__2197,reference_sentence1_hindi2__587_s1.wav,reference_sentence2_hindi2__587_s2.wav,yes,same,872,mshx1o2k-hsj8d5iw,,,,,,,,,,,,,,
8/6/2026,accent_dialect,5737620867421f000d181393,openvoice,36,2,timbreRef_vs_timbreRef,top5,hindi13__1633,english200__667,reference_sentence1_hindi13__1633_s1.wav,reference_sentence2_hindi13__1633_s2.wav,yes,same,1303,mshx3ou5-sptjze1t,,,,,,,,,,,,,,
8/6/2026,accent_dialect,629082739390703f993b12bd,seed_vc,33,6,sourceRef_vs_sourceRef_cross,NA,NA,english584__2197__vs__english200__667,source_sentence1_english584__2197_s1.wav,source_sentence2_english200__667_s2.wav,no,same,5187,mshxhvgr-hjmqctau,,,,,,,,,,,,,,
8/6/2026,accent_dialect,639b9ab341f4429b1b3c06a2,openvoice,35,2,timbreRef_vs_timbreRef,bottom5,gujarati9__2041,english584__2197,reference_sentence1_gujarati9__2041_s1.wav,reference_sentence2_gujarati9__2041_s2.wav,yes,same,951,mshxd6ke-f0fxnrpq,,,,,,,,,,,,,,
8/6/2026,accent_dialect,5f828a47a08cb43c715fe3a2,seed_vc,41,3,timbreRef_vs_sourceRef,top5,hindi10__1202,english200__667,reference_sentence1_hindi10__1202_s1.wav,source_sentence2_english200__667_s2.wav,yes,different,525,mshx1o2k-hsj8d5iw,,,,,,,,,,,,,,
8/6/2026,accent_dialect,69fef2baef4c76d1fd6b0db8,openvoice,36,1,output_vs_timbreRef,top5,gujarati17__2824,english200__667,openvoice_top5_output_sentence1_timbre-gujarati17__2824__source-english200__667__openvoice_s1.wav,reference_sentence2_gujarati17__2824_s2.wav,no,NA,1678,mshx1bgv-htxpkxbn,,,,,,,,,,,,,,
8/6/2026,accent_dialect,67f1626e4525cfea0f0a9753,openvoice,32,4,output_vs_sourceRef,top5,gujarati11__2301,english584__2197,openvoice_top5_output_sentence1_timbre-gujarati11__2301__source-english584__2197__openvoice_s1.wav,source_sentence2_english584__2197_s2.wav,yes,NA,1861,mshx3agb-zxol7xys,,,,,,,,,,,,,,
8/6/2026,accent_dialect,5737620867421f000d181393,openvoice,37,2,timbreRef_vs_timbreRef,bottom5,gujarati7__1504,english200__667,reference_sentence1_gujarati7__1504_s1.wav,reference_sentence2_gujarati7__1504_s2.wav,yes,same,1475,mshx3ou5-sptjze1t,,,,,,,,,,,,,,
8/6/2026,accent_dialect,629082739390703f993b12bd,seed_vc,34,5,sourceRef_vs_sourceRef,bottom5,hindi16__1966,english584__2197,source_sentence1_english584__2197_s1.wav,source_sentence2_english584__2197_s2.wav,yes,same,1419,mshxhvgr-hjmqctau,,,,,,,,,,,,,,
8/6/2026,accent_dialect,639b9ab341f4429b1b3c06a2,openvoice,36,6,sourceRef_vs_sourceRef_cross,NA,NA,english584__2197__vs__english200__667,source_sentence1_english584__2197_s1.wav,source_sentence2_english200__667_s2.wav,yes,same,905,mshxd6ke-f0fxnrpq,,,,,,,,,,,,,,
8/6/2026,accent_dialect,5f828a47a08cb43c715fe3a2,seed_vc,42,4,output_vs_sourceRef,top5,hindi19__2206,english584__2197,source_sentence1_english584__2197_s1.wav,seed_vc_top5_output_sentence2_timbre-hindi19__2206__source-english584__2197__seed_vc_s2.wav,yes,NA,932,mshx1o2k-hsj8d5iw,,,,,,,,,,,,,,
8/6/2026,accent_dialect,6a269ff5749895f01921daf1,seed_vc,28,6,sourceRef_vs_sourceRef_cross,NA,NA,english584__2197__vs__english200__667,source_sentence1_english584__2197_s1.wav,source_sentence2_english200__667_s2.wav,yes,same,25777,mshx6mpk-rjlfuaij,,,,,,,,,,,,,,
8/6/2026,accent_dialect,629082739390703f993b12bd,seed_vc,35,1,output_vs_timbreRef,top5,hindi19__2206,english584__2197,seed_vc_top5_output_sentence1_timbre-hindi19__2206__source-english584__2197__seed_vc_s1.wav,reference_sentence2_hindi19__2206_s2.wav,yes,NA,1151,mshxhvgr-hjmqctau,,,,,,,,,,,,,,
8/6/2026,accent_dialect,67f1626e4525cfea0f0a9753,openvoice,33,3,timbreRef_vs_sourceRef,top5,gujarati11__2301,english584__2197,reference_sentence1_gujarati11__2301_s1.wav,source_sentence2_english584__2197_s2.wav,no,different,1881,mshx3agb-zxol7xys,,,,,,,,,,,,,,
8/6/2026,accent_dialect,639b9ab341f4429b1b3c06a2,openvoice,37,3,timbreRef_vs_sourceRef,bottom5,gujarati8__1678,english200__667,source_sentence1_english200__667_s1.wav,reference_sentence2_gujarati8__1678_s2.wav,yes,different,1288,mshxd6ke-f0fxnrpq,,,,,,,,,,,,,,
8/6/2026,accent_dialect,5737620867421f000d181393,openvoice,38,3,timbreRef_vs_sourceRef,bottom5,gujarati8__1678,english200__667,source_sentence1_english200__667_s1.wav,reference_sentence2_gujarati8__1678_s2.wav,yes,different,1372,mshx3ou5-sptjze1t,,,,,,,,,,,,,,
8/6/2026,accent_dialect,5f828a47a08cb43c715fe3a2,seed_vc,43,5,sourceRef_vs_sourceRef,bottom5,hindi16__1966,english584__2197,source_sentence1_english584__2197_s1.wav,source_sentence2_english584__2197_s2.wav,yes,same,493,mshx1o2k-hsj8d5iw,,,,,,,,,,,,,,
8/6/2026,accent_dialect,639b9ab341f4429b1b3c06a2,openvoice,38,2,timbreRef_vs_timbreRef,bottom5,gujarati8__1678,english200__667,reference_sentence1_gujarati8__1678_s1.wav,reference_sentence2_gujarati8__1678_s2.wav,yes,same,789,mshxd6ke-f0fxnrpq,,,,,,,,,,,,,,
8/6/2026,accent_dialect,67f1626e4525cfea0f0a9753,openvoice,34,1,output_vs_timbreRef,top5,hindi19__2206,english584__2197,reference_sentence1_hindi19__2206_s1.wav,openvoice_top5_output_sentence2_timbre-hindi19__2206__source-english584__2197__openvoice_s2.wav,yes,NA,1285,mshx3agb-zxol7xys,,,,,,,,,,,,,,
8/6/2026,accent_dialect,5f828a47a08cb43c715fe3a2,seed_vc,44,1,output_vs_timbreRef,bottom5,hindi26__2354,english584__2197,reference_sentence1_hindi26__2354_s1.wav,seed_vc_bottom5_output_sentence2_timbre-hindi26__2354__source-english584__2197__seed_vc_s2.wav,yes,NA,590,mshx1o2k-hsj8d5iw,,,,,,,,,,,,,,
8/6/2026,accent_dialect,629082739390703f993b12bd,seed_vc,36,2,timbreRef_vs_timbreRef,bottom5,hindi16__1966,english584__2197,reference_sentence1_hindi16__1966_s1.wav,reference_sentence2_hindi16__1966_s2.wav,yes,same,6800,mshxhvgr-hjmqctau,,,,,,,,,,,,,,
8/6/2026,accent_dialect,69fef2baef4c76d1fd6b0db8,openvoice,37,3,timbreRef_vs_sourceRef,bottom5,hindi7__867,english200__667,source_sentence1_english200__667_s1.wav,reference_sentence2_hindi7__867_s2.wav,yes,different,2762,mshx1bgv-htxpkxbn,,,,,,,,,,,,,,
8/6/2026,accent_dialect,5737620867421f000d181393,openvoice,39,2,timbreRef_vs_timbreRef,top5,gujarati11__2301,english584__2197,reference_sentence1_gujarati11__2301_s1.wav,reference_sentence2_gujarati11__2301_s2.wav,yes,same,2348,mshx3ou5-sptjze1t,,,,,,,,,,,,,,
8/6/2026,accent_dialect,639b9ab341f4429b1b3c06a2,openvoice,39,2,timbreRef_vs_timbreRef,top5,hindi19__2206,english584__2197,reference_sentence1_hindi19__2206_s1.wav,reference_sentence2_hindi19__2206_s2.wav,yes,same,866,mshxd6ke-f0fxnrpq,,,,,,,,,,,,,,
8/6/2026,accent_dialect,67f1626e4525cfea0f0a9753,openvoice,35,4,output_vs_sourceRef,top5,gujarati17__2824,english200__667,openvoice_top5_output_sentence1_timbre-gujarati17__2824__source-english200__667__openvoice_s1.wav,source_sentence2_english200__667_s2.wav,yes,NA,1330,mshx3agb-zxol7xys,,,,,,,,,,,,,,
8/6/2026,accent_dialect,6a269ff5749895f01921daf1,seed_vc,29,3,timbreRef_vs_sourceRef,top5,hindi10__1202,english200__667,reference_sentence1_hindi10__1202_s1.wav,source_sentence2_english200__667_s2.wav,yes,different,13201,mshx6mpk-rjlfuaij,,,,,,,,,,,,,,
8/6/2026,accent_dialect,629082739390703f993b12bd,seed_vc,37,4,output_vs_sourceRef,top5,hindi10__1202,english200__667,seed_vc_top5_output_sentence1_timbre-hindi10__1202__source-english200__667__seed_vc_s1.wav,source_sentence2_english200__667_s2.wav,no,NA,2465,mshxhvgr-hjmqctau,,,,,,,,,,,,,,
8/6/2026,accent_dialect,639b9ab341f4429b1b3c06a2,openvoice,40,1,output_vs_timbreRef,top5,hindi19__2206,english584__2197,reference_sentence1_hindi19__2206_s1.wav,openvoice_top5_output_sentence2_timbre-hindi19__2206__source-english584__2197__openvoice_s2.wav,yes,NA,1499,mshxd6ke-f0fxnrpq,,,,,,,,,,,,,,
8/6/2026,accent_dialect,69fef2baef4c76d1fd6b0db8,openvoice,38,1,output_vs_timbreRef,bottom5,hindi7__867,english200__667,reference_sentence1_hindi7__867_s1.wav,openvoice_bottom5_output_sentence2_timbre-hindi7__867__source-english200__667__openvoice_s2.wav,no,NA,4734,mshx1bgv-htxpkxbn,,,,,,,,,,,,,,
8/6/2026,accent_dialect,5f0a686635f72917e94c7a63,seed_vc,30,1,output_vs_timbreRef,bottom5,hindi21__2236,english584__2197,seed_vc_bottom5_output_sentence1_timbre-hindi21__2236__source-english584__2197__seed_vc_s1.wav,reference_sentence2_hindi21__2236_s2.wav,no,NA,797,mshx5yzf-j7rekqej,,,,,,,,,,,,,,
8/6/2026,accent_dialect,5737620867421f000d181393,openvoice,40,2,timbreRef_vs_timbreRef,top5,gujarati17__2824,english200__667,reference_sentence1_gujarati17__2824_s1.wav,reference_sentence2_gujarati17__2824_s2.wav,yes,same,1834,mshx3ou5-sptjze1t,,,,,,,,,,,,,,
8/6/2026,accent_dialect,67f1626e4525cfea0f0a9753,openvoice,36,3,timbreRef_vs_sourceRef,top5,hindi13__1633,english200__667,source_sentence1_english200__667_s1.wav,reference_sentence2_hindi13__1633_s2.wav,no,different,1640,mshx3agb-zxol7xys,,,,,,,,,,,,,,
8/6/2026,accent_dialect,6a269ff5749895f01921daf1,seed_vc,30,2,timbreRef_vs_timbreRef,bottom5,hindi13__1633,english200__667,reference_sentence1_hindi13__1633_s1.wav,reference_sentence2_hindi13__1633_s2.wav,yes,same,1105,mshx6mpk-rjlfuaij,,,,,,,,,,,,,,
8/6/2026,accent_dialect,629082739390703f993b12bd,seed_vc,38,3,timbreRef_vs_sourceRef,bottom5,hindi21__2236,english584__2197,reference_sentence1_hindi21__2236_s1.wav,source_sentence2_english584__2197_s2.wav,no,different,1790,mshxhvgr-hjmqctau,,,,,,,,,,,,,,
8/6/2026,accent_dialect,67f1626e4525cfea0f0a9753,openvoice,37,3,timbreRef_vs_sourceRef,top5,hindi19__2206,english584__2197,reference_sentence1_hindi19__2206_s1.wav,source_sentence2_english584__2197_s2.wav,no,different,1344,mshx3agb-zxol7xys,,,,,,,,,,,,,,
8/6/2026,accent_dialect,5f828a47a08cb43c715fe3a2,seed_vc,demographics,,,,,,,,,,,mshx1o2k-hsj8d5iw,35–44,White American,Northeastern U.S.,English,,Male,No,,No,,Amazon Alexa; Apple Siri,About once per day,4,
8/6/2026,accent_dialect,629082739390703f993b12bd,seed_vc,39,1,output_vs_timbreRef,bottom5,hindi13__1633,english200__667,reference_sentence1_hindi13__1633_s1.wav,seed_vc_bottom5_output_sentence2_timbre-hindi13__1633__source-english200__667__seed_vc_s2.wav,no,NA,1574,mshxhvgr-hjmqctau,,,,,,,,,,,,,,
8/6/2026,accent_dialect,69fef2baef4c76d1fd6b0db8,openvoice,39,2,timbreRef_vs_timbreRef,top5,gujarati17__2824,english200__667,reference_sentence1_gujarati17__2824_s1.wav,reference_sentence2_gujarati17__2824_s2.wav,no,same,6577,mshx1bgv-htxpkxbn,,,,,,,,,,,,,,
8/6/2026,accent_dialect,639b9ab341f4429b1b3c06a2,openvoice,41,1,output_vs_timbreRef,bottom5,hindi7__867,english200__667,reference_sentence1_hindi7__867_s1.wav,openvoice_bottom5_output_sentence2_timbre-hindi7__867__source-english200__667__openvoice_s2.wav,no,NA,1486,mshxd6ke-f0fxnrpq,,,,,,,,,,,,,,
8/6/2026,accent_dialect,5f0a686635f72917e94c7a63,seed_vc,31,2,timbreRef_vs_timbreRef,top5,hindi2__587,english584__2197,reference_sentence1_hindi2__587_s1.wav,reference_sentence2_hindi2__587_s2.wav,no,same,751,mshx5yzf-j7rekqej,,,,,,,,,,,,,,
8/6/2026,accent_dialect,5737620867421f000d181393,openvoice,41,2,timbreRef_vs_timbreRef,bottom5,hindi7__867,english200__667,reference_sentence1_hindi7__867_s1.wav,reference_sentence2_hindi7__867_s2.wav,yes,same,1176,mshx3ou5-sptjze1t,,,,,,,,,,,,,,
8/6/2026,accent_dialect,639b9ab341f4429b1b3c06a2,openvoice,42,4,output_vs_sourceRef,top5,gujarati17__2824,english200__667,openvoice_top5_output_sentence1_timbre-gujarati17__2824__source-english200__667__openvoice_s1.wav,source_sentence2_english200__667_s2.wav,yes,NA,910,mshxd6ke-f0fxnrpq,,,,,,,,,,,,,,
8/6/2026,accent_dialect,629082739390703f993b12bd,seed_vc,40,2,timbreRef_vs_timbreRef,bottom5,gujarati4__610,english200__667,reference_sentence1_gujarati4__610_s1.wav,reference_sentence2_gujarati4__610_s2.wav,yes,same,4559,mshxhvgr-hjmqctau,,,,,,,,,,,,,,
8/6/2026,accent_dialect,5737620867421f000d181393,openvoice,42,1,output_vs_timbreRef,top5,gujarati13__2409,english200__667,reference_sentence1_gujarati13__2409_s1.wav,openvoice_top5_output_sentence2_timbre-gujarati13__2409__source-english200__667__openvoice_s2.wav,no,NA,2814,mshx3ou5-sptjze1t,,,,,,,,,,,,,,
8/6/2026,accent_dialect,69fef2baef4c76d1fd6b0db8,openvoice,40,6,sourceRef_vs_sourceRef_cross,NA,NA,english200__667__vs__english584__2197,source_sentence1_english200__667_s1.wav,source_sentence2_english584__2197_s2.wav,yes,same,3476,mshx1bgv-htxpkxbn,,,,,,,,,,,,,,
8/6/2026,accent_dialect,639b9ab341f4429b1b3c06a2,openvoice,43,1,output_vs_timbreRef,top5,gujarati11__2301,english584__2197,reference_sentence1_gujarati11__2301_s1.wav,openvoice_top5_output_sentence2_timbre-gujarati11__2301__source-english584__2197__openvoice_s2.wav,no,NA,4127,mshxd6ke-f0fxnrpq,,,,,,,,,,,,,,
8/6/2026,accent_dialect,67f1626e4525cfea0f0a9753,openvoice,38,4,output_vs_sourceRef,top5,hindi13__1633,english200__667,openvoice_top5_output_sentence1_timbre-hindi13__1633__source-english200__667__openvoice_s1.wav,source_sentence2_english200__667_s2.wav,yes,NA,1353,mshx3agb-zxol7xys,,,,,,,,,,,,,,
8/6/2026,accent_dialect,5737620867421f000d181393,openvoice,43,3,timbreRef_vs_sourceRef,top5,hindi13__1633,english200__667,reference_sentence1_hindi13__1633_s1.wav,source_sentence2_english200__667_s2.wav,no,different,1166,mshx3ou5-sptjze1t,,,,,,,,,,,,,,
8/6/2026,accent_dialect,639b9ab341f4429b1b3c06a2,openvoice,44,1,output_vs_timbreRef,bottom5,gujarati9__2041,english584__2197,openvoice_bottom5_output_sentence1_timbre-gujarati9__2041__source-english584__2197__openvoice_s1.wav,reference_sentence2_gujarati9__2041_s2.wav,no,NA,939,mshxd6ke-f0fxnrpq,,,,,,,,,,,,,,
8/6/2026,accent_dialect,5737620867421f000d181393,openvoice,44,3,timbreRef_vs_sourceRef,top5,gujarati11__2301,english584__2197,reference_sentence1_gujarati11__2301_s1.wav,source_sentence2_english584__2197_s2.wav,no,different,1936,mshx3ou5-sptjze1t,,,,,,,,,,,,,,
8/6/2026,accent_dialect,67f1626e4525cfea0f0a9753,openvoice,39,4,output_vs_sourceRef,bottom5,gujarati8__1678,english200__667,source_sentence1_english200__667_s1.wav,openvoice_bottom5_output_sentence2_timbre-gujarati8__1678__source-english200__667__openvoice_s2.wav,yes,NA,1552,mshx3agb-zxol7xys,,,,,,,,,,,,,,
8/6/2026,accent_dialect,629082739390703f993b12bd,seed_vc,41,2,timbreRef_vs_timbreRef,top5,hindi10__1202,english200__667,reference_sentence1_hindi10__1202_s1.wav,reference_sentence2_hindi10__1202_s2.wav,yes,same,1285,mshxhvgr-hjmqctau,,,,,,,,,,,,,,
8/6/2026,accent_dialect,69fef2baef4c76d1fd6b0db8,openvoice,41,2,timbreRef_vs_timbreRef,top5,gujarati11__2301,english584__2197,reference_sentence1_gujarati11__2301_s1.wav,reference_sentence2_gujarati11__2301_s2.wav,yes,same,2930,mshx1bgv-htxpkxbn,,,,,,,,,,,,,,
8/6/2026,accent_dialect,629082739390703f993b12bd,seed_vc,42,1,output_vs_timbreRef,top5,gujarati16__2558,english200__667,reference_sentence1_gujarati16__2558_s1.wav,seed_vc_top5_output_sentence2_timbre-gujarati16__2558__source-english200__667__seed_vc_s2.wav,yes,NA,1078,mshxhvgr-hjmqctau,,,,,,,,,,,,,,
8/6/2026,accent_dialect,67f1626e4525cfea0f0a9753,openvoice,40,3,timbreRef_vs_sourceRef,bottom5,gujarati7__1504,english200__667,source_sentence1_english200__667_s1.wav,reference_sentence2_gujarati7__1504_s2.wav,no,different,1372,mshx3agb-zxol7xys,,,,,,,,,,,,,,
8/6/2026,accent_dialect,69fef2baef4c76d1fd6b0db8,openvoice,42,2,timbreRef_vs_timbreRef,bottom5,gujarati9__2041,english584__2197,reference_sentence1_gujarati9__2041_s1.wav,reference_sentence2_gujarati9__2041_s2.wav,yes,same,727,mshx1bgv-htxpkxbn,,,,,,,,,,,,,,
8/6/2026,accent_dialect,629082739390703f993b12bd,seed_vc,43,2,timbreRef_vs_timbreRef,top5,hindi2__587,english584__2197,reference_sentence1_hindi2__587_s1.wav,reference_sentence2_hindi2__587_s2.wav,yes,same,987,mshxhvgr-hjmqctau,,,,,,,,,,,,,,
8/6/2026,accent_dialect,69fef2baef4c76d1fd6b0db8,openvoice,43,6,sourceRef_vs_sourceRef_cross,NA,NA,english584__2197__vs__english200__667,source_sentence1_english584__2197_s1.wav,source_sentence2_english200__667_s2.wav,yes,same,1610,mshx1bgv-htxpkxbn,,,,,,,,,,,,,,
8/6/2026,accent_dialect,629082739390703f993b12bd,seed_vc,44,4,output_vs_sourceRef,bottom5,hindi13__1633,english200__667,source_sentence1_english200__667_s1.wav,seed_vc_bottom5_output_sentence2_timbre-hindi13__1633__source-english200__667__seed_vc_s2.wav,no,NA,851,mshxhvgr-hjmqctau,,,,,,,,,,,,,,
8/6/2026,accent_dialect,69fef2baef4c76d1fd6b0db8,openvoice,44,3,timbreRef_vs_sourceRef,top5,gujarati11__2301,english584__2197,source_sentence1_english584__2197_s1.wav,reference_sentence2_gujarati11__2301_s2.wav,no,different,783,mshx1bgv-htxpkxbn,,,,,,,,,,,,,,
8/6/2026,accent_dialect,67f1626e4525cfea0f0a9753,openvoice,41,3,timbreRef_vs_sourceRef,bottom5,hindi7__867,english200__667,reference_sentence1_hindi7__867_s1.wav,source_sentence2_english200__667_s2.wav,no,different,1781,mshx3agb-zxol7xys,,,,,,,,,,,,,,
8/6/2026,accent_dialect,5737620867421f000d181393,openvoice,demographics,,,,,,,,,,,mshx3ou5-sptjze1t,45–54,White American,Midwestern U.S.,English,,Female,No,,No,,None of the above,Less than once per week,2,
8/6/2026,accent_dialect,67f1626e4525cfea0f0a9753,openvoice,42,3,timbreRef_vs_sourceRef,bottom5,hindi12__1440,english200__667,reference_sentence1_hindi12__1440_s1.wav,source_sentence2_english200__667_s2.wav,no,different,1342,mshx3agb-zxol7xys,,,,,,,,,,,,,,
8/6/2026,accent_dialect,639b9ab341f4429b1b3c06a2,openvoice,demographics,,,,,,,,,,,mshxd6ke-f0fxnrpq,55+,White American,Northwestern U.S.,English,,Male,No,,No,,Amazon Alexa,Several times per day,6,
8/6/2026,accent_dialect,67f1626e4525cfea0f0a9753,openvoice,43,3,timbreRef_vs_sourceRef,bottom5,gujarati8__1678,english200__667,source_sentence1_english200__667_s1.wav,reference_sentence2_gujarati8__1678_s2.wav,yes,different,13662,mshx3agb-zxol7xys,,,,,,,,,,,,,,
8/6/2026,accent_dialect,67f1626e4525cfea0f0a9753,openvoice,44,2,timbreRef_vs_timbreRef,bottom5,hindi12__1440,english200__667,reference_sentence1_hindi12__1440_s1.wav,reference_sentence2_hindi12__1440_s2.wav,yes,same,1171,mshx3agb-zxol7xys,,,,,,,,,,,,,,
8/6/2026,accent_dialect,5f0a686635f72917e94c7a63,seed_vc,32,4,output_vs_sourceRef,top5,gujarati5__1016,english200__667,seed_vc_top5_output_sentence1_timbre-gujarati5__1016__source-english200__667__seed_vc_s1.wav,source_sentence2_english200__667_s2.wav,yes,NA,765,mshx5yzf-j7rekqej,,,,,,,,,,,,,,
8/6/2026,accent_dialect,69fef2baef4c76d1fd6b0db8,openvoice,demographics,,,,,,,,,,,mshx1bgv-htxpkxbn,35–44,Black American,Midwestern U.S.,English,,Male,No,,No,,Apple Siri,Several times per day,7,
8/6/2026,accent_dialect,5f0a686635f72917e94c7a63,seed_vc,33,4,output_vs_sourceRef,top5,gujarati16__2558,english200__667,seed_vc_top5_output_sentence1_timbre-gujarati16__2558__source-english200__667__seed_vc_s1.wav,source_sentence2_english200__667_s2.wav,yes,NA,928,mshx5yzf-j7rekqej,,,,,,,,,,,,,,
8/6/2026,accent_dialect,629082739390703f993b12bd,seed_vc,demographics,,,,,,,,,,,mshxhvgr-hjmqctau,25–34,White American,Southwestern U.S.,English,,Male,No,,Yes,"High functioning autism, ADHD",ChatGPT Voice Assistant; Google Gemini Voice; Amazon Alexa; Microsoft Cortana; Voice-based navigation apps; Other text-to-speech software,A few times per week,4,
8/6/2026,accent_dialect,6a269ff5749895f01921daf1,seed_vc,31,2,timbreRef_vs_timbreRef,bottom5,hindi26__2354,english584__2197,reference_sentence1_hindi26__2354_s1.wav,reference_sentence2_hindi26__2354_s2.wav,yes,same,6890,mshx6mpk-rjlfuaij,,,,,,,,,,,,,,
8/6/2026,accent_dialect,6a269ff5749895f01921daf1,seed_vc,32,4,output_vs_sourceRef,bottom5,gujarati4__610,english200__667,seed_vc_bottom5_output_sentence1_timbre-gujarati4__610__source-english200__667__seed_vc_s1.wav,source_sentence2_english200__667_s2.wav,no,NA,4472,mshx6mpk-rjlfuaij,,,,,,,,,,,,,,
8/6/2026,accent_dialect,6a269ff5749895f01921daf1,seed_vc,33,3,timbreRef_vs_sourceRef,bottom5,hindi26__2354,english584__2197,source_sentence1_english584__2197_s1.wav,reference_sentence2_hindi26__2354_s2.wav,no,different,3279,mshx6mpk-rjlfuaij,,,,,,,,,,,,,,
8/6/2026,accent_dialect,67f1626e4525cfea0f0a9753,openvoice,demographics,,,,,,,,,,,mshx3agb-zxol7xys,25–34,Black American,Midwestern U.S.,English,,Male,No,,No,,Google Gemini Voice; Apple Siri,A few times per week,6,
8/6/2026,accent_dialect,5f0a686635f72917e94c7a63,seed_vc,34,3,timbreRef_vs_sourceRef,bottom5,hindi21__2236,english584__2197,reference_sentence1_hindi21__2236_s1.wav,source_sentence2_english584__2197_s2.wav,no,different,902,mshx5yzf-j7rekqej,,,,,,,,,,,,,,
8/6/2026,accent_dialect,5f0a686635f72917e94c7a63,seed_vc,35,3,timbreRef_vs_sourceRef,bottom5,hindi13__1633,english200__667,source_sentence1_english200__667_s1.wav,reference_sentence2_hindi13__1633_s2.wav,no,different,820,mshx5yzf-j7rekqej,,,,,,,,,,,,,,
8/6/2026,accent_dialect,6a269ff5749895f01921daf1,seed_vc,34,1,output_vs_timbreRef,bottom5,hindi13__1633,english200__667,reference_sentence1_hindi13__1633_s1.wav,seed_vc_bottom5_output_sentence2_timbre-hindi13__1633__source-english200__667__seed_vc_s2.wav,yes,NA,8800,mshx6mpk-rjlfuaij,,,,,,,,,,,,,,
8/6/2026,accent_dialect,5f0a686635f72917e94c7a63,seed_vc,36,2,timbreRef_vs_timbreRef,bottom5,gujarati4__610,english200__667,reference_sentence1_gujarati4__610_s1.wav,reference_sentence2_gujarati4__610_s2.wav,yes,same,774,mshx5yzf-j7rekqej,,,,,,,,,,,,,,
8/6/2026,accent_dialect,69d8eab7b04ea057a65bdb4d,seed_vc,demographics,,,,,,,,,,,mshx26fg-o3ecmoil,25–34,White American,Midwestern U.S.,English,,Male,No,,No,,ChatGPT Voice Assistant,A few times per week,4,
8/6/2026,accent_dialect,6a269ff5749895f01921daf1,seed_vc,35,2,timbreRef_vs_timbreRef,top5,gujarati16__2558,english200__667,reference_sentence1_gujarati16__2558_s1.wav,reference_sentence2_gujarati16__2558_s2.wav,yes,same,56250,mshx6mpk-rjlfuaij,,,,,,,,,,,,,,
8/6/2026,accent_dialect,5f0a686635f72917e94c7a63,seed_vc,38,1,output_vs_timbreRef,bottom5,hindi16__1966,english584__2197,reference_sentence1_hindi16__1966_s1.wav,seed_vc_bottom5_output_sentence2_timbre-hindi16__1966__source-english584__2197__seed_vc_s2.wav,no,NA,938,mshx5yzf-j7rekqej,,,,,,,,,,,,,,
8/6/2026,accent_dialect,5f0a686635f72917e94c7a63,seed_vc,37,2,timbreRef_vs_timbreRef,bottom5,hindi21__2236,english584__2197,reference_sentence1_hindi21__2236_s1.wav,reference_sentence2_hindi21__2236_s2.wav,yes,same,1526,mshx5yzf-j7rekqej,,,,,,,,,,,,,,
8/6/2026,accent_dialect,63614ad9841a7d16ad04512a,openvoice,25,2,timbreRef_vs_timbreRef,top5,gujarati11__2301,english584__2197,reference_sentence1_gujarati11__2301_s1.wav,reference_sentence2_gujarati11__2301_s2.wav,yes,same,74748,mshx0qio-udtmvs7l,,,,,,,,,,,,,,
8/6/2026,accent_dialect,6a269ff5749895f01921daf1,seed_vc,36,1,output_vs_timbreRef,top5,hindi2__587,english584__2197,seed_vc_top5_output_sentence1_timbre-hindi2__587__source-english584__2197__seed_vc_s1.wav,reference_sentence2_hindi2__587_s2.wav,yes,NA,14430,mshx6mpk-rjlfuaij,,,,,,,,,,,,,,
8/6/2026,accent_dialect,63614ad9841a7d16ad04512a,openvoice,26,1,output_vs_timbreRef,top5,hindi19__2206,english584__2197,reference_sentence1_hindi19__2206_s1.wav,openvoice_top5_output_sentence2_timbre-hindi19__2206__source-english584__2197__openvoice_s2.wav,yes,NA,441,mshx0qio-udtmvs7l,,,,,,,,,,,,,,
8/6/2026,accent_dialect,63614ad9841a7d16ad04512a,openvoice,27,4,output_vs_sourceRef,top5,hindi13__1633,english200__667,source_sentence1_english200__667_s1.wav,openvoice_top5_output_sentence2_timbre-hindi13__1633__source-english200__667__openvoice_s2.wav,yes,NA,1339,mshx0qio-udtmvs7l,,,,,,,,,,,,,,
8/6/2026,accent_dialect,63614ad9841a7d16ad04512a,openvoice,28,4,output_vs_sourceRef,top5,hindi19__2206,english584__2197,openvoice_top5_output_sentence1_timbre-hindi19__2206__source-english584__2197__openvoice_s1.wav,source_sentence2_english584__2197_s2.wav,no,NA,559,mshx0qio-udtmvs7l,,,,,,,,,,,,,,
8/6/2026,accent_dialect,6a269ff5749895f01921daf1,seed_vc,37,4,output_vs_sourceRef,top5,hindi19__2206,english584__2197,source_sentence1_english584__2197_s1.wav,seed_vc_top5_output_sentence2_timbre-hindi19__2206__source-english584__2197__seed_vc_s2.wav,yes,NA,7514,mshx6mpk-rjlfuaij,,,,,,,,,,,,,,
8/6/2026,accent_dialect,63614ad9841a7d16ad04512a,openvoice,29,1,output_vs_timbreRef,top5,hindi13__1633,english200__667,reference_sentence1_hindi13__1633_s1.wav,openvoice_top5_output_sentence2_timbre-hindi13__1633__source-english200__667__openvoice_s2.wav,no,NA,1822,mshx0qio-udtmvs7l,,,,,,,,,,,,,,
8/6/2026,accent_dialect,63614ad9841a7d16ad04512a,openvoice,30,1,output_vs_timbreRef,bottom5,gujarati7__1504,english200__667,openvoice_bottom5_output_sentence1_timbre-gujarati7__1504__source-english200__667__openvoice_s1.wav,reference_sentence2_gujarati7__1504_s2.wav,yes,NA,724,mshx0qio-udtmvs7l,,,,,,,,,,,,,,
8/6/2026,accent_dialect,6a269ff5749895f01921daf1,seed_vc,38,2,timbreRef_vs_timbreRef,top5,gujarati5__1016,english200__667,reference_sentence1_gujarati5__1016_s1.wav,reference_sentence2_gujarati5__1016_s2.wav,yes,same,3296,mshx6mpk-rjlfuaij,,,,,,,,,,,,,,
8/6/2026,accent_dialect,63614ad9841a7d16ad04512a,openvoice,31,2,timbreRef_vs_timbreRef,bottom5,hindi12__1440,english200__667,reference_sentence1_hindi12__1440_s1.wav,reference_sentence2_hindi12__1440_s2.wav,yes,same,440,mshx0qio-udtmvs7l,,,,,,,,,,,,,,
8/6/2026,accent_dialect,5f0a686635f72917e94c7a63,seed_vc,39,4,output_vs_sourceRef,bottom5,hindi13__1633,english200__667,seed_vc_bottom5_output_sentence1_timbre-hindi13__1633__source-english200__667__seed_vc_s1.wav,source_sentence2_english200__667_s2.wav,yes,NA,645,mshx5yzf-j7rekqej,,,,,,,,,,,,,,
8/6/2026,accent_dialect,63614ad9841a7d16ad04512a,openvoice,32,4,output_vs_sourceRef,bottom5,gujarati9__2041,english584__2197,source_sentence1_english584__2197_s1.wav,openvoice_bottom5_output_sentence2_timbre-gujarati9__2041__source-english584__2197__openvoice_s2.wav,no,NA,1643,mshx0qio-udtmvs7l,,,,,,,,,,,,,,
8/6/2026,accent_dialect,63614ad9841a7d16ad04512a,openvoice,33,4,output_vs_sourceRef,bottom5,hindi7__867,english200__667,source_sentence1_english200__667_s1.wav,openvoice_bottom5_output_sentence2_timbre-hindi7__867__source-english200__667__openvoice_s2.wav,no,NA,1925,mshx0qio-udtmvs7l,,,,,,,,,,,,,,
8/6/2026,accent_dialect,63614ad9841a7d16ad04512a,openvoice,34,3,timbreRef_vs_sourceRef,bottom5,hindi7__867,english200__667,source_sentence1_english200__667_s1.wav,reference_sentence2_hindi7__867_s2.wav,no,different,1022,mshx0qio-udtmvs7l,,,,,,,,,,,,,,
8/6/2026,accent_dialect,63614ad9841a7d16ad04512a,openvoice,35,1,output_vs_timbreRef,bottom5,hindi7__867,english200__667,openvoice_bottom5_output_sentence1_timbre-hindi7__867__source-english200__667__openvoice_s1.wav,reference_sentence2_hindi7__867_s2.wav,yes,NA,591,mshx0qio-udtmvs7l,,,,,,,,,,,,,,
8/6/2026,accent_dialect,698b70d95529cc75f2634783,openvoice,demographics,,,,,,,,,,,mshx1fqp-5zh159ax,35–44,Black American,Northeastern U.S.,English,,Male,No,,Yes,ADHD,ChatGPT Voice Assistant,About once per day,6,
8/6/2026,accent_dialect,63614ad9841a7d16ad04512a,openvoice,36,4,output_vs_sourceRef,bottom5,gujarati8__1678,english200__667,openvoice_bottom5_output_sentence1_timbre-gujarati8__1678__source-english200__667__openvoice_s1.wav,source_sentence2_english200__667_s2.wav,no,NA,1631,mshx0qio-udtmvs7l,,,,,,,,,,,,,,
8/6/2026,accent_dialect,63614ad9841a7d16ad04512a,openvoice,37,5,sourceRef_vs_sourceRef,bottom5,gujarati7__1504,english200__667,source_sentence1_english200__667_s1.wav,source_sentence2_english200__667_s2.wav,yes,same,5010,mshx0qio-udtmvs7l,,,,,,,,,,,,,,
8/6/2026,accent_dialect,63614ad9841a7d16ad04512a,openvoice,38,3,timbreRef_vs_sourceRef,bottom5,hindi12__1440,english200__667,reference_sentence1_hindi12__1440_s1.wav,source_sentence2_english200__667_s2.wav,no,different,1474,mshx0qio-udtmvs7l,,,,,,,,,,,,,,
8/6/2026,accent_dialect,63614ad9841a7d16ad04512a,openvoice,39,1,output_vs_timbreRef,top5,gujarati17__2824,english200__667,openvoice_top5_output_sentence1_timbre-gujarati17__2824__source-english200__667__openvoice_s1.wav,reference_sentence2_gujarati17__2824_s2.wav,yes,NA,2772,mshx0qio-udtmvs7l,,,,,,,,,,,,,,
8/6/2026,accent_dialect,5f0a686635f72917e94c7a63,seed_vc,40,4,output_vs_sourceRef,bottom5,hindi16__1966,english584__2197,source_sentence1_english584__2197_s1.wav,seed_vc_bottom5_output_sentence2_timbre-hindi16__1966__source-english584__2197__seed_vc_s2.wav,yes,NA,1059,mshx5yzf-j7rekqej,,,,,,,,,,,,,,
8/6/2026,accent_dialect,5f0a686635f72917e94c7a63,seed_vc,41,4,output_vs_sourceRef,top5,hindi10__1202,english200__667,seed_vc_top5_output_sentence1_timbre-hindi10__1202__source-english200__667__seed_vc_s1.wav,source_sentence2_english200__667_s2.wav,yes,NA,692,mshx5yzf-j7rekqej,,,,,,,,,,,,,,
8/6/2026,accent_dialect,63614ad9841a7d16ad04512a,openvoice,40,4,output_vs_sourceRef,top5,gujarati13__2409,english200__667,source_sentence1_english200__667_s1.wav,openvoice_top5_output_sentence2_timbre-gujarati13__2409__source-english200__667__openvoice_s2.wav,no,NA,1624,mshx0qio-udtmvs7l,,,,,,,,,,,,,,
8/6/2026,accent_dialect,5f0a686635f72917e94c7a63,seed_vc,42,4,output_vs_sourceRef,top5,hindi2__587,english584__2197,source_sentence1_english584__2197_s1.wav,seed_vc_top5_output_sentence2_timbre-hindi2__587__source-english584__2197__seed_vc_s2.wav,yes,NA,768,mshx5yzf-j7rekqej,,,,,,,,,,,,,,
8/6/2026,accent_dialect,5f0a686635f72917e94c7a63,seed_vc,43,6,sourceRef_vs_sourceRef_cross,NA,NA,english200__667__vs__english584__2197,source_sentence1_english200__667_s1.wav,source_sentence2_english584__2197_s2.wav,yes,same,722,mshx5yzf-j7rekqej,,,,,,,,,,,,,,
8/6/2026,accent_dialect,5f0a686635f72917e94c7a63,seed_vc,44,2,timbreRef_vs_timbreRef,top5,gujarati16__2558,english200__667,reference_sentence1_gujarati16__2558_s1.wav,reference_sentence2_gujarati16__2558_s2.wav,yes,same,807,mshx5yzf-j7rekqej,,,,,,,,,,,,,,
8/6/2026,accent_dialect,695c47f824a839c308d41292,openvoice,1,3,timbreRef_vs_sourceRef,bottom5,hindi7__867,english200__667,source_sentence1_english200__667_s1.wav,reference_sentence2_hindi7__867_s2.wav,no,different,1248,mshxuph0-fya52xs5,,,,,,,,,,,,,,
8/6/2026,accent_dialect,63614ad9841a7d16ad04512a,openvoice,41,1,output_vs_timbreRef,top5,gujarati13__2409,english200__667,reference_sentence1_gujarati13__2409_s1.wav,openvoice_top5_output_sentence2_timbre-gujarati13__2409__source-english200__667__openvoice_s2.wav,yes,NA,40014,mshx0qio-udtmvs7l,,,,,,,,,,,,,,
8/6/2026,accent_dialect,695c47f824a839c308d41292,openvoice,2,1,output_vs_timbreRef,top5,hindi13__1633,english200__667,reference_sentence1_hindi13__1633_s1.wav,openvoice_top5_output_sentence2_timbre-hindi13__1633__source-english200__667__openvoice_s2.wav,no,NA,1389,mshxuph0-fya52xs5,,,,,,,,,,,,,,
8/6/2026,accent_dialect,63614ad9841a7d16ad04512a,openvoice,42,2,timbreRef_vs_timbreRef,bottom5,gujarati8__1678,english200__667,reference_sentence1_gujarati8__1678_s1.wav,reference_sentence2_gujarati8__1678_s2.wav,yes,same,363,mshx0qio-udtmvs7l,,,,,,,,,,,,,,
8/6/2026,accent_dialect,63614ad9841a7d16ad04512a,openvoice,43,6,sourceRef_vs_sourceRef_cross,NA,NA,english584__2197__vs__english200__667,source_sentence1_english584__2197_s1.wav,source_sentence2_english200__667_s2.wav,no,same,622,mshx0qio-udtmvs7l,,,,,,,,,,,,,,
8/6/2026,accent_dialect,695c47f824a839c308d41292,openvoice,3,4,output_vs_sourceRef,top5,hindi19__2206,english584__2197,openvoice_top5_output_sentence1_timbre-hindi19__2206__source-english584__2197__openvoice_s1.wav,source_sentence2_english584__2197_s2.wav,yes,NA,1460,mshxuph0-fya52xs5,,,,,,,,,,,,,,
8/6/2026,accent_dialect,63614ad9841a7d16ad04512a,openvoice,44,3,timbreRef_vs_sourceRef,top5,gujarati11__2301,english584__2197,reference_sentence1_gujarati11__2301_s1.wav,source_sentence2_english584__2197_s2.wav,no,different,852,mshx0qio-udtmvs7l,,,,,,,,,,,,,,
8/6/2026,accent_dialect,695c47f824a839c308d41292,openvoice,4,4,output_vs_sourceRef,bottom5,gujarati7__1504,english200__667,openvoice_bottom5_output_sentence1_timbre-gujarati7__1504__source-english200__667__openvoice_s1.wav,source_sentence2_english200__667_s2.wav,no,NA,4270,mshxuph0-fya52xs5,,,,,,,,,,,,,,
8/6/2026,accent_dialect,5f0a686635f72917e94c7a63,seed_vc,demographics,,,,,,,,,,,mshx5yzf-j7rekqej,45–54,Hispanic/Latino American,Northwestern U.S.,English,,Female,No,,No,,None of the above,Never,2,
8/6/2026,accent_dialect,695c47f824a839c308d41292,openvoice,5,2,timbreRef_vs_timbreRef,bottom5,gujarati8__1678,english200__667,reference_sentence1_gujarati8__1678_s1.wav,reference_sentence2_gujarati8__1678_s2.wav,yes,same,1071,mshxuph0-fya52xs5,,,,,,,,,,,,,,
8/6/2026,accent_dialect,695c47f824a839c308d41292,openvoice,6,3,timbreRef_vs_sourceRef,top5,gujarati17__2824,english200__667,source_sentence1_english200__667_s1.wav,reference_sentence2_gujarati17__2824_s2.wav,no,different,1094,mshxuph0-fya52xs5,,,,,,,,,,,,,,
8/6/2026,accent_dialect,695c47f824a839c308d41292,openvoice,7,6,sourceRef_vs_sourceRef_cross,NA,NA,english200__667__vs__english584__2197,source_sentence1_english200__667_s1.wav,source_sentence2_english584__2197_s2.wav,yes,same,1307,mshxuph0-fya52xs5,,,,,,,,,,,,,,
8/6/2026,accent_dialect,63614ad9841a7d16ad04512a,openvoice,demographics,,,,,,,,,,,mshx0qio-udtmvs7l,25–34,Black American,Midwestern U.S.,English,,Male,No,,No,,Google Gemini Voice; Voice-based navigation apps; Other text-to-speech software,A few times per week,4,
8/6/2026,accent_dialect,695c47f824a839c308d41292,openvoice,8,1,output_vs_timbreRef,bottom5,gujarati7__1504,english200__667,reference_sentence1_gujarati7__1504_s1.wav,openvoice_bottom5_output_sentence2_timbre-gujarati7__1504__source-english200__667__openvoice_s2.wav,no,NA,6424,mshxuph0-fya52xs5,,,,,,,,,,,,,,
8/6/2026,accent_dialect,695c47f824a839c308d41292,openvoice,9,1,output_vs_timbreRef,top5,hindi19__2206,english584__2197,reference_sentence1_hindi19__2206_s1.wav,openvoice_top5_output_sentence2_timbre-hindi19__2206__source-english584__2197__openvoice_s2.wav,yes,NA,1429,mshxuph0-fya52xs5,,,,,,,,,,,,,,
8/6/2026,accent_dialect,695c47f824a839c308d41292,openvoice,10,4,output_vs_sourceRef,top5,hindi13__1633,english200__667,openvoice_top5_output_sentence1_timbre-hindi13__1633__source-english200__667__openvoice_s1.wav,source_sentence2_english200__667_s2.wav,yes,NA,1563,mshxuph0-fya52xs5,,,,,,,,,,,,,,
8/6/2026,accent_dialect,6a269ff5749895f01921daf1,seed_vc,39,2,timbreRef_vs_timbreRef,top5,hindi19__2206,english584__2197,reference_sentence1_hindi19__2206_s1.wav,reference_sentence2_hindi19__2206_s2.wav,yes,same,37459,mshx6mpk-rjlfuaij,,,,,,,,,,,,,,
8/6/2026,accent_dialect,6a269ff5749895f01921daf1,seed_vc,40,4,output_vs_sourceRef,top5,gujarati16__2558,english200__667,source_sentence1_english200__667_s1.wav,seed_vc_top5_output_sentence2_timbre-gujarati16__2558__source-english200__667__seed_vc_s2.wav,yes,NA,4596,mshx6mpk-rjlfuaij,,,,,,,,,,,,,,
8/6/2026,accent_dialect,695c47f824a839c308d41292,openvoice,11,4,output_vs_sourceRef,top5,gujarati13__2409,english200__667,source_sentence1_english200__667_s1.wav,openvoice_top5_output_sentence2_timbre-gujarati13__2409__source-english200__667__openvoice_s2.wav,no,NA,3146,mshxuph0-fya52xs5,,,,,,,,,,,,,,
8/6/2026,accent_dialect,695c47f824a839c308d41292,openvoice,12,3,timbreRef_vs_sourceRef,top5,hindi19__2206,english584__2197,reference_sentence1_hindi19__2206_s1.wav,source_sentence2_english584__2197_s2.wav,yes,different,3690,mshxuph0-fya52xs5,,,,,,,,,,,,,,
8/6/2026,accent_dialect,695c47f824a839c308d41292,openvoice,13,1,output_vs_timbreRef,bottom5,gujarati9__2041,english584__2197,reference_sentence1_gujarati9__2041_s1.wav,openvoice_bottom5_output_sentence2_timbre-gujarati9__2041__source-english584__2197__openvoice_s2.wav,no,NA,1208,mshxuph0-fya52xs5,,,,,,,,,,,,,,
8/6/2026,accent_dialect,695c47f824a839c308d41292,openvoice,14,4,output_vs_sourceRef,top5,gujarati17__2824,english200__667,source_sentence1_english200__667_s1.wav,openvoice_top5_output_sentence2_timbre-gujarati17__2824__source-english200__667__openvoice_s2.wav,yes,NA,2280,mshxuph0-fya52xs5,,,,,,,,,,,,,,
8/6/2026,accent_dialect,695c47f824a839c308d41292,openvoice,15,2,timbreRef_vs_timbreRef,bottom5,gujarati7__1504,english200__667,reference_sentence1_gujarati7__1504_s1.wav,reference_sentence2_gujarati7__1504_s2.wav,yes,same,2437,mshxuph0-fya52xs5,,,,,,,,,,,,,,
8/6/2026,accent_dialect,695c47f824a839c308d41292,openvoice,16,1,output_vs_timbreRef,bottom5,hindi12__1440,english200__667,reference_sentence1_hindi12__1440_s1.wav,openvoice_bottom5_output_sentence2_timbre-hindi12__1440__source-english200__667__openvoice_s2.wav,no,NA,963,mshxuph0-fya52xs5,,,,,,,,,,,,,,
8/6/2026,accent_dialect,695c47f824a839c308d41292,openvoice,17,3,timbreRef_vs_sourceRef,bottom5,hindi12__1440,english200__667,source_sentence1_english200__667_s1.wav,reference_sentence2_hindi12__1440_s2.wav,no,different,8208,mshxuph0-fya52xs5,,,,,,,,,,,,,,
8/6/2026,accent_dialect,695c47f824a839c308d41292,openvoice,18,3,timbreRef_vs_sourceRef,top5,gujarati11__2301,english584__2197,reference_sentence1_gujarati11__2301_s1.wav,source_sentence2_english584__2197_s2.wav,no,different,2361,mshxuph0-fya52xs5,,,,,,,,,,,,,,
8/6/2026,accent_dialect,6a269ff5749895f01921daf1,seed_vc,41,4,output_vs_sourceRef,bottom5,hindi26__2354,english584__2197,source_sentence1_english584__2197_s1.wav,seed_vc_bottom5_output_sentence2_timbre-hindi26__2354__source-english584__2197__seed_vc_s2.wav,yes,NA,1353,mshx6mpk-rjlfuaij,,,,,,,,,,,,,,
8/6/2026,accent_dialect,695c47f824a839c308d41292,openvoice,19,2,timbreRef_vs_timbreRef,top5,gujarati13__2409,english200__667,reference_sentence1_gujarati13__2409_s1.wav,reference_sentence2_gujarati13__2409_s2.wav,yes,same,1107,mshxuph0-fya52xs5,,,,,,,,,,,,,,
8/6/2026,accent_dialect,6a269ff5749895f01921daf1,seed_vc,42,1,output_vs_timbreRef,bottom5,hindi21__2236,english584__2197,reference_sentence1_hindi21__2236_s1.wav,seed_vc_bottom5_output_sentence2_timbre-hindi21__2236__source-english584__2197__seed_vc_s2.wav,yes,NA,10505,mshx6mpk-rjlfuaij,,,,,,,,,,,,,,
8/6/2026,accent_dialect,695c47f824a839c308d41292,openvoice,20,2,timbreRef_vs_timbreRef,bottom5,gujarati9__2041,english584__2197,reference_sentence1_gujarati9__2041_s1.wav,reference_sentence2_gujarati9__2041_s2.wav,yes,same,1120,mshxuph0-fya52xs5,,,,,,,,,,,,,,
8/6/2026,accent_dialect,6a269ff5749895f01921daf1,seed_vc,44,6,sourceRef_vs_sourceRef_cross,NA,NA,english200__667__vs__english584__2197,source_sentence1_english200__667_s1.wav,source_sentence2_english584__2197_s2.wav,yes,same,979,mshx6mpk-rjlfuaij,,,,,,,,,,,,,,
8/6/2026,accent_dialect,6a269ff5749895f01921daf1,seed_vc,43,1,output_vs_timbreRef,bottom5,gujarati4__610,english200__667,reference_sentence1_gujarati4__610_s1.wav,seed_vc_bottom5_output_sentence2_timbre-gujarati4__610__source-english200__667__seed_vc_s2.wav,no,NA,1210,mshx6mpk-rjlfuaij,,,,,,,,,,,,,,
8/6/2026,accent_dialect,695c47f824a839c308d41292,openvoice,21,4,output_vs_sourceRef,bottom5,hindi12__1440,english200__667,source_sentence1_english200__667_s1.wav,openvoice_bottom5_output_sentence2_timbre-hindi12__1440__source-english200__667__openvoice_s2.wav,no,NA,5812,mshxuph0-fya52xs5,,,,,,,,,,,,,,
8/6/2026,accent_dialect,695c47f824a839c308d41292,openvoice,22,4,output_vs_sourceRef,bottom5,gujarati9__2041,english584__2197,openvoice_bottom5_output_sentence1_timbre-gujarati9__2041__source-english584__2197__openvoice_s1.wav,source_sentence2_english584__2197_s2.wav,no,NA,1746,mshxuph0-fya52xs5,,,,,,,,,,,,,,
8/6/2026,accent_dialect,695c47f824a839c308d41292,openvoice,23,2,timbreRef_vs_timbreRef,top5,gujarati11__2301,english584__2197,reference_sentence1_gujarati11__2301_s1.wav,reference_sentence2_gujarati11__2301_s2.wav,yes,same,997,mshxuph0-fya52xs5,,,,,,,,,,,,,,
8/6/2026,accent_dialect,695c47f824a839c308d41292,openvoice,24,1,output_vs_timbreRef,top5,gujarati13__2409,english200__667,reference_sentence1_gujarati13__2409_s1.wav,openvoice_top5_output_sentence2_timbre-gujarati13__2409__source-english200__667__openvoice_s2.wav,no,NA,1546,mshxuph0-fya52xs5,,,,,,,,,,,,,,
8/6/2026,accent_dialect,695c47f824a839c308d41292,openvoice,25,4,output_vs_sourceRef,bottom5,hindi7__867,english200__667,source_sentence1_english200__667_s1.wav,openvoice_bottom5_output_sentence2_timbre-hindi7__867__source-english200__667__openvoice_s2.wav,no,NA,1480,mshxuph0-fya52xs5,,,,,,,,,,,,,,
8/6/2026,accent_dialect,6a269ff5749895f01921daf1,seed_vc,demographics,,,,,,,,,,,mshx6mpk-rjlfuaij,18–24,Hispanic/Latino American; White American,Northeastern U.S.,English,,Male,No,,No,,ChatGPT Voice Assistant; Google Gemini Voice; Apple Siri,Several times per day,6,I enjoyed the study.
8/6/2026,accent_dialect,695c47f824a839c308d41292,openvoice,26,5,sourceRef_vs_sourceRef,bottom5,gujarati7__1504,english200__667,source_sentence1_english200__667_s1.wav,source_sentence2_english200__667_s2.wav,yes,same,1327,mshxuph0-fya52xs5,,,,,,,,,,,,,,
8/6/2026,accent_dialect,695c47f824a839c308d41292,openvoice,27,1,output_vs_timbreRef,bottom5,gujarati8__1678,english200__667,reference_sentence1_gujarati8__1678_s1.wav,openvoice_bottom5_output_sentence2_timbre-gujarati8__1678__source-english200__667__openvoice_s2.wav,yes,NA,1128,mshxuph0-fya52xs5,,,,,,,,,,,,,,
8/6/2026,accent_dialect,695c47f824a839c308d41292,openvoice,28,2,timbreRef_vs_timbreRef,bottom5,hindi12__1440,english200__667,reference_sentence1_hindi12__1440_s1.wav,reference_sentence2_hindi12__1440_s2.wav,yes,same,1106,mshxuph0-fya52xs5,,,,,,,,,,,,,,
8/6/2026,accent_dialect,695c47f824a839c308d41292,openvoice,29,4,output_vs_sourceRef,bottom5,gujarati8__1678,english200__667,source_sentence1_english200__667_s1.wav,openvoice_bottom5_output_sentence2_timbre-gujarati8__1678__source-english200__667__openvoice_s2.wav,no,NA,1198,mshxuph0-fya52xs5,,,,,,,,,,,,,,
8/6/2026,accent_dialect,5bcc60b95c2b810001dc68e2,seed_vc,demographics,,,,,,,,,,,mshx1tkg-nm50v5h1,25–34,White American,Southeastern U.S.,English,,Male,No,,No,,ChatGPT Voice Assistant; Google Gemini Voice; Amazon Alexa; Apple Siri; Microsoft Cortana; Voice-based navigation apps,A few times per week,4,
8/6/2026,accent_dialect,695c47f824a839c308d41292,openvoice,30,3,timbreRef_vs_sourceRef,top5,hindi13__1633,english200__667,source_sentence1_english200__667_s1.wav,reference_sentence2_hindi13__1633_s2.wav,no,different,2441,mshxuph0-fya52xs5,,,,,,,,,,,,,,
8/6/2026,accent_dialect,695c47f824a839c308d41292,openvoice,31,4,output_vs_sourceRef,top5,gujarati11__2301,english584__2197,openvoice_top5_output_sentence1_timbre-gujarati11__2301__source-english584__2197__openvoice_s1.wav,source_sentence2_english584__2197_s2.wav,no,NA,1161,mshxuph0-fya52xs5,,,,,,,,,,,,,,
8/6/2026,accent_dialect,695c47f824a839c308d41292,openvoice,32,3,timbreRef_vs_sourceRef,bottom5,gujarati8__1678,english200__667,source_sentence1_english200__667_s1.wav,reference_sentence2_gujarati8__1678_s2.wav,no,different,2300,mshxuph0-fya52xs5,,,,,,,,,,,,,,
8/6/2026,accent_dialect,695c47f824a839c308d41292,openvoice,33,6,sourceRef_vs_sourceRef_cross,NA,NA,english584__2197__vs__english200__667,source_sentence1_english584__2197_s1.wav,source_sentence2_english200__667_s2.wav,yes,same,1955,mshxuph0-fya52xs5,,,,,,,,,,,,,,
8/6/2026,accent_dialect,695c47f824a839c308d41292,openvoice,34,3,timbreRef_vs_sourceRef,bottom5,gujarati7__1504,english200__667,reference_sentence1_gujarati7__1504_s1.wav,source_sentence2_english200__667_s2.wav,no,different,894,mshxuph0-fya52xs5,,,,,,,,,,,,,,
8/6/2026,accent_dialect,695c47f824a839c308d41292,openvoice,35,5,sourceRef_vs_sourceRef,bottom5,gujarati9__2041,english584__2197,source_sentence1_english584__2197_s1.wav,source_sentence2_english584__2197_s2.wav,yes,same,962,mshxuph0-fya52xs5,,,,,,,,,,,,,,
8/6/2026,accent_dialect,695c47f824a839c308d41292,openvoice,36,3,timbreRef_vs_sourceRef,bottom5,gujarati9__2041,english584__2197,source_sentence1_english584__2197_s1.wav,reference_sentence2_gujarati9__2041_s2.wav,no,different,1354,mshxuph0-fya52xs5,,,,,,,,,,,,,,
8/6/2026,accent_dialect,695c47f824a839c308d41292,openvoice,37,2,timbreRef_vs_timbreRef,top5,gujarati17__2824,english200__667,reference_sentence1_gujarati17__2824_s1.wav,reference_sentence2_gujarati17__2824_s2.wav,yes,same,983,mshxuph0-fya52xs5,,,,,,,,,,,,,,
8/6/2026,accent_dialect,695c47f824a839c308d41292,openvoice,38,1,output_vs_timbreRef,top5,gujarati17__2824,english200__667,openvoice_top5_output_sentence1_timbre-gujarati17__2824__source-english200__667__openvoice_s1.wav,reference_sentence2_gujarati17__2824_s2.wav,no,NA,1381,mshxuph0-fya52xs5,,,,,,,,,,,,,,
8/6/2026,accent_dialect,695c47f824a839c308d41292,openvoice,39,2,timbreRef_vs_timbreRef,top5,hindi19__2206,english584__2197,reference_sentence1_hindi19__2206_s1.wav,reference_sentence2_hindi19__2206_s2.wav,yes,same,1067,mshxuph0-fya52xs5,,,,,,,,,,,,,,
8/6/2026,accent_dialect,695c47f824a839c308d41292,openvoice,40,1,output_vs_timbreRef,bottom5,hindi7__867,english200__667,reference_sentence1_hindi7__867_s1.wav,openvoice_bottom5_output_sentence2_timbre-hindi7__867__source-english200__667__openvoice_s2.wav,no,NA,1050,mshxuph0-fya52xs5,,,,,,,,,,,,,,
8/6/2026,accent_dialect,695c47f824a839c308d41292,openvoice,41,2,timbreRef_vs_timbreRef,top5,hindi13__1633,english200__667,reference_sentence1_hindi13__1633_s1.wav,reference_sentence2_hindi13__1633_s2.wav,yes,same,1502,mshxuph0-fya52xs5,,,,,,,,,,,,,,
8/6/2026,accent_dialect,695c47f824a839c308d41292,openvoice,42,2,timbreRef_vs_timbreRef,bottom5,hindi7__867,english200__667,reference_sentence1_hindi7__867_s1.wav,reference_sentence2_hindi7__867_s2.wav,yes,same,1332,mshxuph0-fya52xs5,,,,,,,,,,,,,,
8/6/2026,accent_dialect,695c47f824a839c308d41292,openvoice,43,3,timbreRef_vs_sourceRef,top5,gujarati13__2409,english200__667,reference_sentence1_gujarati13__2409_s1.wav,source_sentence2_english200__667_s2.wav,no,different,812,mshxuph0-fya52xs5,,,,,,,,,,,,,,
8/6/2026,accent_dialect,695c47f824a839c308d41292,openvoice,44,1,output_vs_timbreRef,top5,gujarati11__2301,english584__2197,openvoice_top5_output_sentence1_timbre-gujarati11__2301__source-english584__2197__openvoice_s1.wav,reference_sentence2_gujarati11__2301_s2.wav,no,NA,1052,mshxuph0-fya52xs5,,,,,,,,,,,,,,
8/6/2026,accent_dialect,695c47f824a839c308d41292,openvoice,demographics,,,,,,,,,,,mshxuph0-fya52xs5,25–34,White American,Southeastern U.S.,English,,Female,No,,No,,ChatGPT Voice Assistant; Google Gemini Voice; Voice-based navigation apps,About once per day,6,I enjoyed this experiment- everything worked properly with the study. I appreciate the opportunity to participate!